cell_id,x,y,z,F_0_0,F_2_0,F_4_0,F_4_2,F_2_2,F_6_0,F_12_0,F_5_1,F_14_0,F_3_1,F_10_0,F_7_1,F_16_0,F_8_2,F_15_1,F_1_1,F_13_1,F_6_2,F_10_8,F_10_2,F_6_4,F_18_0,F_8_6,F_17_1,F_10_4,F_9_1,F_18_2,F_16_2,F_4_4,F_8_8,F_12_2,F_6_6,F_11_1,F_14_4,F_8_4,F_20_2,F_18_4,F_16_4,F_19_3,F_10_6,F_16_10,F_17_3,F_16_6,F_20_4,F_5_3,F_16_14,F_12_10,F_14_8,F_17_5,F_16_12,F_19_5,F_14_2,F_3_3,F_20_0
1,104,14,213,3007.99267578125,2256.205810546875,534.5362548828125,1412.0587832819979,965.9506790635971,24.399972915649414,78.64288330078125,686.5260112123397,128.03350830078125,1298.1971732842962,10.191444396972656,392.1077687520246,199.81005859375,520.8368887430208,165.25800395298793,1046.627855332104,189.16256833700106,815.5883976580717,148.96211682136993,714.1422351259589,550.6846114412199,227.13751220703125,437.71681265340953,75.00925120488264,541.7686496541061,328.26419537223956,262.6189221062404,193.60000647339535,281.8957892262563,128.2012258487959,643.189363777184,269.79466005745786,164.16844887127954,523.345598841884,610.570509969703,213.7500774302872,215.2561271670469,337.334439797923,63.630737679673366,427.64972899347896,242.16801037511777,153.8509075688408,290.5249580114077,165.15781517205372,1029.2486568166535,140.70290479357578,220.8671928256103,418.92978137056406,202.27613788291924,171.50734276062573,162.1247907273541,247.82846976883124,662.3402112358611,174.60049438476562
2,208,51,197,6023.75146484375,4590.435546875,645.6154174804688,3391.7844917787397,2136.774862376495,1069.624755859375,558.9143676757812,614.8817697263038,68.2415771484375,866.2232267484054,1029.0596923828125,173.71216680309914,35.401702880859375,1398.757403539889,138.5825887236343,614.6150390437929,124.9398861650354,2083.0296280290445,466.25438455254647,818.8632020473781,863.9773661540668,50.276695251464844,590.8384071220187,253.57696756072787,855.8498740266377,246.91690208601412,258.23110669048634,205.5426344256573,307.0872309995564,187.09946333991385,297.7508849859792,339.4262024062889,295.44759659036964,336.52194642754887,1138.0863496428367,98.65450024537188,170.15881056213172,390.7717960003495,174.45768720642292,441.62954257541475,279.09882091803064,327.811984280872,329.243532448457,126.65545258970421,392.1828300157281,129.08177764255373,307.5257527095434,331.5969087962918,272.1268557662465,228.21102902362773,200.26121328234865,173.40909882892157,204.75795406163735,39.90020751953125
3,224,6,171,3415.90576171875,1853.07275390625,284.64215087890625,1770.003563204768,1499.3535066435713,57.4749641418457,31.27260971069336,757.7296492710584,19.67520523071289,2076.5136664947167,69.79949188232422,666.1003326299013,107.56304931640625,534.4183242087527,231.01068552994982,1954.482376322115,171.35241353467802,345.5087764625756,579.1372997695177,610.3811468094888,1318.2321650084978,189.65736389160156,1135.9616191721325,126.12680719963336,376.8515024896264,386.17305571959264,152.07397500919572,112.42385158996363,731.4039083093744,283.5049504667385,624.2458446345589,611.9894938281185,262.5717927196644,295.99232272062727,713.6510530513164,99.08369315550101,125.91273140229075,214.3304747382521,172.12742893869876,562.7384824653593,421.950317892445,169.81532502863078,215.6338832370343,63.03472694414317,2309.3247472103203,294.91925636165047,687.3625745269841,459.0100146303181,250.30308568239212,492.01647435617514,127.27845536714875,232.88747575565947,1556.8990132471877,120.4859619140625
4,5,35,73,1847.327392578125,1405.5789794921875,353.828857421875,984.7248614676072,672.5834620393247,58.40229415893555,134.454833984375,591.40796556352,109.99380493164062,1047.7870668553142,73.43827819824219,331.2740492816107,114.26805114746094,155.77092433982116,97.1822678978697,818.2847214457179,146.3107883846402,445.33626047601996,134.48828372077315,298.0549478165336,367.7482929128455,126.7024917602539,232.75314406995972,34.87141973381749,245.45564662559448,278.55333420127124,63.52515352913053,103.6452266359319,225.51432508984146,70.65971792357068,308.2932039341671,149.26797141168495,217.527779155719,251.95381052795355,290.11974856290107,42.92531680363533,104.62880000046984,184.31072749391922,136.90276279651886,163.1953960269893,134.53658068857186,185.76788211428558,148.8842951919391,107.54989612205502,861.2559344945549,65.34753263788552,154.08372036994143,198.11880111971067,216.58393172775558,113.37785049643725,136.5917079075307,147.08515732111886,545.0903080574113,91.62097930908203
5,543,44,182,4249.10302734375,3474.895751953125,1303.066650390625,1824.111412510261,1244.5555546572025,520.367919921875,486.51123046875,249.70059960891965,503.2265625,779.2615814987664,255.61639404296875,228.37742266409728,507.7762756347656,584.4551390242473,135.1558791365266,767.638118070448,130.53011987699284,969.6969159715853,222.55277263652567,795.1230582380484,375.8859644882831,462.97430419921875,520.7152732891177,83.59149489809786,318.9209565944428,133.69990916076134,265.6688299291596,250.51063535505253,214.62780029592278,145.2281164980939,613.4252715463966,322.2173114006231,67.42834104579387,406.22669034822246,425.52788670099005,236.45548588903537,126.54037420051583,228.7430684021427,108.88226433714338,139.45767641072734,109.5816749927407,131.9073715696939,109.25049173180334,197.03439056388063,515.1226245410352,96.64797315503263,205.35335494753727,194.7420058788665,141.21872555939532,137.23923254394933,103.19385596959283,125.72612514254057,486.8380936469584,340.533203125
6,180,89,49,5889.80078125,4407.8330078125,1111.075439453125,1911.406717067938,1601.4742102126977,85.92853546142578,932.8509521484375,285.8103835460744,734.3988037109375,496.72964634012834,820.0543212890625,176.0807942992405,501.6004638671875,543.2289272872345,134.86219738535743,427.47165122133185,203.54809848633167,458.8872059493259,389.18627976864093,456.88206855751764,567.2031778638359,232.09352111816406,927.8924117010316,64.92840075221432,146.41844229703858,72.61255231862167,313.72867664751385,316.09544259889395,386.1788445268269,275.64739379105936,390.83198291864943,578.8844630750522,184.91462346746482,438.3824589328407,405.254287108725,252.97556304562062,215.98896812538516,221.2490546581972,129.80114213837103,189.47866250574802,211.523714709131,77.74604698782863,169.2412674555429,259.08855579332504,316.22016801885195,219.26887889403554,362.61790458457125,381.2477414745847,139.81932615864991,223.38853749912593,124.61593279341571,120.72073337508289,289.5386412239404,10.181882858276367
7,308,101,152,4886.087890625,3643.679443359375,1099.4666748046875,1165.2574290991874,1169.634903667248,471.2359313964844,585.926025390625,262.89023653251513,557.2734375,293.29620349595945,369.6419372558594,193.75816176462382,499.9654541015625,1149.7413848751885,153.79575549986646,329.8217904165015,152.60998354194695,745.6677863654578,426.96319442199456,816.7240863989581,679.9764412724048,373.6994323730469,905.3831189492232,105.24949216197399,167.81551436375017,83.27768399744869,184.61621268687668,152.1601747476774,448.64765716773223,306.8154121874556,576.9288112197661,577.8708310338814,61.066561128520476,259.1721061360778,439.2042748431279,275.8332642079132,279.72500551853085,213.08649666499724,140.38227464959266,274.2828205459648,256.1988308125368,197.25240726657842,226.07779148678904,232.78744571345703,486.2138540225433,270.9287771196574,392.9928174600791,346.7526910473312,243.705764612664,281.01455425673805,202.12329367089848,353.3362539683172,416.2651334676332,197.07774353027344
8,155,170,132,10067.74609375,7472.9111328125,892.3494873046875,3895.9495661141796,2785.417571471714,1860.0626220703125,532.239501953125,577.3728985632972,103.45748138427734,635.3742627251155,1474.32666015625,576.198669123367,56.227874755859375,1600.6018911982762,203.06718309713412,844.5780596621796,288.90612192430984,1871.3308110273563,694.5976597835343,690.1936258096779,909.1723650001336,172.00372314453125,1294.7343939092677,117.90390696238852,503.59702394547213,368.6473153802031,234.44490516267567,390.2796947104677,579.7822192634861,403.1671143727119,529.5432177245981,777.9246178231518,147.63514366691007,532.2605337818484,618.4176209622776,377.88678476394546,400.29643319269104,354.8969878381194,220.10313356207797,441.84517238140154,346.5853558574839,248.05119281212842,685.2589602306324,340.03001064593775,1453.8092376819873,344.08791628574863,586.6109095907688,551.6678978198088,367.98365629893806,428.5181233591405,216.71205800549788,704.1785053914377,810.3162658916207,180.2877960205078
9,615,157,203,9529.2138671875,5453.5673828125,1080.7811279296875,5526.963803854034,4212.361117539587,1612.5302734375,97.46382904052734,443.92076393320843,39.18698501586914,965.0596411642304,277.47564697265625,428.2271210479395,204.90463256835938,1267.4064386059852,97.3481971051909,898.9133257414597,107.1082518332049,1804.9227097508765,1194.9086901614455,346.6071334879428,3073.071212254031,340.2548828125,2511.9677191235774,70.02194217194116,553.06704849577,223.6410311494091,94.18766598603175,255.35204987156368,1542.8710547881053,630.7864612449982,726.1391403749584,1325.6279110237838,32.394382776941484,454.7077386160117,2138.817279209366,69.35301600465286,463.34248230079953,262.76898156753646,210.6189687060277,1319.1383484666494,578.316541409717,260.09237485626113,312.37659858056554,389.981764757734,863.3182777818347,531.0472880001894,907.042285710536,857.9786642182197,202.9444375178058,623.8969415863783,172.57179463177124,402.21139830301667,648.4822087641621,215.79844665527344
10,227,166,86,7084.7509765625,4806.45556640625,499.9212646484375,2429.135572092138,2148.979988045059,485.8770751953125,717.00146484375,262.97708152090377,386.0987854003906,466.3122840042976,889.4188232421875,232.53070367631358,250.9784393310547,895.8144954428363,78.66078564975666,484.0373342984053,88.98134653482141,492.01193631003366,554.6104635599361,285.1783288520701,712.058513313972,131.2521514892578,1285.3548989376402,71.84331871657983,188.56850633921292,107.91270770931881,213.0383652351018,309.2792606641532,487.4356344405698,364.7027869626319,403.31058916938974,787.6776716920808,114.93476594158082,477.06671839454765,487.04013359726423,113.36922686742774,244.3654436118553,226.37404559385124,150.59288227914942,277.94911274536656,272.12299644303766,181.70233257048554,254.93359971485665,282.20808759359886,384.0377417015626,295.420158260786,496.87898909086636,471.7496052112307,145.65327813813172,339.0398446470638,116.53740874609854,217.12633491525426,334.745427049374,9.215890884399414
11,42,181,73,5068.76416015625,4213.4453125,1618.039306640625,1899.5262816080874,1388.4098301765403,596.5563354492188,945.9844970703125,348.33879026610157,913.9324340820312,891.9932770321146,588.1799926757812,200.8419533148271,783.630615234375,293.675987730299,162.86648763955398,804.2863722905644,164.0856631622834,660.2519703042686,247.5783181238661,340.4042512138938,431.3916776663791,562.83154296875,620.16475232913,116.46192357153782,88.48622763086928,148.24862756714555,273.8741081847916,321.0519069033652,220.17389432299757,136.2132717715127,376.52889403312884,354.32462493848874,135.86992608261656,212.44517026334694,356.0064815378528,220.07667201982989,208.80900420947705,161.431527764774,111.58809745945261,191.59980414794936,124.33349973114014,102.8240859815279,127.85282896467042,201.22444831509713,543.8530864539872,75.33784312270177,209.05426416740588,196.61061591575407,167.462513707519,165.21945239708177,144.3734367941038,159.0051995640631,483.74476885718946,251.68563842773438
12,25,182,210,3327.2060546875,2838.9921875,1103.3138427734375,1422.2538114749811,927.0105509696047,235.76834106445312,565.1765747070312,769.5216375043465,378.9739074707031,1170.247108858758,525.3258056640625,356.24654937484723,233.0297393798828,522.4357331487452,210.55846018994686,849.294621756351,261.52912018298116,843.1745200940314,113.76447662440745,538.8807880736779,324.6060206742666,161.96859741210938,315.2822569473144,155.38459632678308,245.67034530810753,67.460692643519,254.8954462732191,282.26068902552674,125.68718534167068,70.68794909480329,373.76964560686133,194.4417707956852,203.7966248124357,247.4843528337708,394.12818350107483,182.51886469758145,131.01654614723054,174.82809593627414,157.05311453876647,186.32219634298113,84.0373638060231,153.41951095166027,105.87179391734121,180.88672798445853,672.60103886624,58.94412827100722,138.3565428090224,199.30235951141762,125.73764141980013,109.74847207658756,143.7424825396329,137.79624756311884,455.22661410149584,116.45622253417969
13,635,213,121,9721.353515625,6125.392578125,115.86965942382812,3795.417937372163,3190.3459766248457,1159.436767578125,637.7954711914062,491.25027628333766,331.1185607910156,1282.9871327539656,816.8720703125,863.2554309874181,308.137939453125,939.0585990494038,365.91518047119393,1421.3369724677943,263.1550766260571,757.1013597107365,807.3298363271897,446.75467863295194,1458.9098788688982,272.9855041503906,1958.8269609340718,247.2411723293538,352.4626880442948,584.4119594146184,260.8615747453719,440.79708848821593,875.2898496344947,565.576446124547,678.1420090573106,1195.8236651456064,307.52147570198895,670.0454388212312,995.0463952883982,198.54795553592828,464.2652006963794,265.7368813899366,257.7164453211154,539.1273584333908,377.40803047222494,322.8068442254231,318.6114769882894,419.90905174385955,1392.7669228818734,454.81481623668094,735.5762631979857,738.1319722230415,204.2055478963235,479.2405563519252,122.72061930489652,299.35748961975867,976.9781845552825,104.3199691772461
14,245,229,123,7915.97802734375,4819.69091796875,309.40057373046875,2566.954769472657,2374.904970109088,1000.1827392578125,65.38894653320312,784.6237191505733,58.128684997558594,1842.4371096206073,465.56134033203125,320.9433535873191,251.54397583007812,1447.501205070935,175.14940209178462,1477.1189001428465,72.36006881884452,1163.883145301394,779.4791894544145,1317.9306745276072,1640.3144141404716,376.7646484375,1871.5092529000806,122.09143387239527,1265.2365570288414,631.1464824919948,126.03944728162284,309.08358882788787,1017.6389656107837,475.5751114758034,1009.9018269784144,1086.1368923110665,321.5936569220962,767.431060119565,1277.0205994816838,150.3334989148441,420.0030386533633,278.14262614825435,266.55634366779776,796.6431688992548,403.2696854099277,478.7227966320141,573.485578029367,397.4102826037719,1054.448729412658,427.8138399431799,896.6524603646449,677.3181080120154,379.583075483848,562.364484830029,209.13866648447723,529.3423045803628,755.0284575573777,269.6001892089844
15,335,244,151,5662.76953125,3965.548583984375,802.009033203125,1916.7285139566304,1752.6673545117312,181.10301208496094,804.2451782226562,439.355869175302,685.5779418945312,406.2790798564901,635.8727416992188,175.98820333367374,534.3167114257812,634.9654419154281,133.36141149136978,747.5092995252452,99.56771226195066,346.9032915284033,732.5416803165078,468.23529195458684,1184.4947093315743,310.18328857421875,1323.6393698286072,106.30132855030763,294.18418710405706,179.71031404990399,255.54794814515935,253.98579973242553,782.6365167277372,414.0025392290711,345.0353016126985,767.885010763336,89.73327172428759,299.74407363179785,544.003013334137,184.45155418292956,281.5200024649002,148.41129940652772,84.27180290792136,514.5355604715354,339.9834901782276,106.43333340255357,292.57175894424773,189.97749618688613,692.954211129738,382.1521171515572,648.9387235705336,477.538225148217,86.61036731329808,419.50809013267497,111.50783586322972,136.4322403432159,601.0936395409341,81.846435546875
16,122,298,188,4425.8583984375,3510.859130859375,1229.2232666015625,1599.4171862350815,1210.355365408965,472.92706298828125,633.990234375,170.88743792385816,602.8753662109375,238.2269537828212,412.2362060546875,145.55793380820157,533.6255493164062,604.3893634254603,87.1528772173798,298.54059087259117,83.42886693907046,718.6535106770216,257.7148760416727,659.2218954403938,365.5424047406627,398.54351806640625,646.0707978860785,64.06972768415774,216.54260877825428,66.39965511068415,248.3206100271305,220.8918755879967,233.23299058598977,179.43153989375978,494.34789593528797,396.0274563992942,56.01702046050095,273.06452857500176,319.11176890313834,247.50934139680538,138.11281759382507,137.36609814516729,89.67469958511057,154.63333723309316,119.39074710290528,110.53980553587212,163.77708343716537,129.03106410522528,149.5842482623333,135.10888023308277,239.37342587993328,236.38779656790894,130.82625488609838,157.8838387615365,120.16044059727217,146.79382385748065,98.98884444215292,212.86923217773438
17,515,308,42,8928.25,6020.654296875,427.8970642089844,2971.579944433333,2551.520168899218,836.1400756835938,631.1357421875,245.55274999677448,364.01678466796875,301.43759028109764,797.4371337890625,244.14937463148476,347.549560546875,1116.8358245034465,264.12872827555236,303.1757293060419,243.95670981854855,791.3806492104977,587.8295721298637,481.0431696018255,1079.9910871885122,313.5034484863281,1558.426589064674,180.67054455113993,448.9482659760067,101.7799934677644,257.13774095867547,411.14134312392997,638.1290952220801,415.19445711694317,516.4081516645448,940.0312193890171,121.82883425258939,591.8371511791919,879.3537808666733,128.39328452066403,334.4801090079648,258.07485613968765,129.18162121187368,404.8907225131966,318.83327178178854,134.21559301211292,327.71643702638846,339.37353037978664,283.40844904379827,316.19476118842266,574.3290253916906,630.6609037565103,275.74803893015564,366.0204684981552,193.8561350478814,305.16571867459845,197.94882758698685,162.9475860595703
18,560,309,157,8306.478515625,5175.91748046875,267.9967956542969,3327.395635930372,2738.2066983529844,1206.685791015625,331.23193359375,253.13644593881898,180.7879638671875,593.7557394692666,510.2185363769531,281.85878403503284,252.25234985351562,734.2766602964085,176.15683426572562,515.775397616114,148.5504694909984,595.2776600418213,623.7249522651512,274.6156705849635,945.7450427313121,288.8299560546875,1450.3720089840497,167.4328456074489,483.13968251241084,217.87152846960817,133.16532655550623,314.2834189148174,603.6068536785152,491.0218629968531,429.73213018891914,969.3545112900541,125.1917574236648,420.05975668746163,995.3818960323249,59.380068482802066,478.97318790327915,99.1397134863854,89.24790211198456,387.1661314895308,286.95355135093615,144.6106183905265,285.47539883480533,386.7867671133947,377.7031958410343,393.5112255955087,625.9628927366732,680.6674799865758,168.12469348472825,354.3361376522755,119.66893791521379,161.1296386101436,265.09950954644,174.59091186523438
19,455,324,104,6970.39599609375,4816.50830078125,628.8178100585938,2253.879261431514,1945.6441522640923,292.2521667480469,493.9189758300781,571.2030775957843,394.27740478515625,697.6649408095751,491.0743408203125,369.20615121750967,447.57061767578125,1506.3338338023625,96.69763751612561,555.3619595798432,30.164971499959247,1232.8798544415718,462.27649785853816,741.8338589761322,909.1183381527445,424.2212829589844,1219.590058399126,114.12122793792012,765.0739758969909,213.23135058559757,241.52125054888745,303.27299550585633,516.4952688133442,329.0700339802651,413.229675522655,738.6872195457747,108.93246724396047,448.80964704926424,870.3905189176063,210.1804303264983,386.1357886481836,298.56909404336375,199.36579987270918,389.4705312738314,284.62056992306196,280.2294252204652,319.1383798762298,313.1802463171805,423.37399685979915,244.89946329595713,452.2995424660534,560.4160680311221,255.0026294486878,288.13802672772647,218.5799532966618,264.53914737997707,262.8680540313109,282.3934631347656
20,6,320,80,3095.9345703125,2002.384033203125,172.4978790283203,1174.297943947349,1033.325703360174,45.97622299194336,3.5913238525390625,812.1479555339897,54.867435455322266,1612.2389328232862,82.81327056884766,332.92577838264515,177.14471435546875,346.2681026988664,257.1222994762007,1340.1196040546756,270.8128672466106,246.61381425365764,263.6822340119673,442.81175409670885,442.3080888758623,219.268798828125,601.6308264735322,154.9892743380216,174.4212362707102,219.24314430959245,113.42633198969688,146.43120670545125,283.56507478367314,145.3398053301055,509.12296027290813,364.11272310531587,229.29060388700012,360.51094306523737,267.60296794090436,90.70626720578049,152.10696927042744,238.29315708372502,158.79296471222884,190.61940467545577,203.65525281708014,229.18894066529202,179.01689703106948,129.8815528983567,1332.5400941536625,149.91199802719447,276.17351351060086,322.5902868891944,228.64288246800658,248.3321459495399,144.09664684937695,251.3911969123642,906.2929187340454,168.781982421875
21,175,425,64,11793.89453125,6802.42333984375,1630.439453125,5200.870416034578,4355.868235385736,2754.324951171875,138.1137237548828,2292.940377572301,241.8624267578125,3720.8348741767477,337.4458923339844,761.5259423799246,201.6794891357422,2362.843558450662,93.81925298237309,2578.048427260864,372.92181168353176,1999.6529979390498,1057.7813976573582,485.9829417589352,2281.2221457242513,437.7806396484375,2190.74337882592,173.0840023997511,949.0595885222018,1166.260386814015,144.3766906816354,233.54735253119662,1258.4953121478252,546.0188384470518,1101.5894741810325,1290.93837240292,747.3272608374217,1281.241965380572,1776.2251934749493,171.5229321879117,418.5387868283575,701.8947618653569,281.2815698884121,1125.9664477523297,959.3637718932791,164.8821468525744,688.4443159653229,562.5810840263404,1892.4345050506354,559.4148429540986,959.4516311045188,1281.3681118768454,401.06093894634256,824.290825733731,278.46502471616105,361.6085384931408,904.9449358379848,259.94525146484375
22,318,364,43,9040.4892578125,5894.9658203125,110.7141342163086,2649.518005664758,2377.760847733542,914.8450927734375,723.8367309570312,138.7418295254934,661.0225219726562,1434.3452921334328,578.857177734375,672.9470639406328,561.3683471679688,1371.1083405376628,86.15330066425312,1296.2163385084843,386.69838893757674,1004.4330837715171,656.6601043899094,1146.450060553946,1658.514121801057,296.236328125,1665.9058163694979,230.89722710402856,755.524166672201,353.42176948434604,310.95398757371856,631.6725046299422,871.8640111979801,425.1764441270102,705.8727169178453,974.4263701285623,258.87204705365787,944.229815678875,1489.7133306928802,149.02238833296704,420.55747516859,407.6793621773962,225.41984821699276,864.0706005528028,560.1289711261664,233.0656690547073,497.9371387609402,483.2020677182433,1112.9990140883274,321.0635491690587,662.4833166927567,977.2571623712449,373.85396736059727,447.73960100864974,201.84566732434592,435.1584972701595,605.4406278320643,12.644752502441406
23,20,372,43,5111.9052734375,3975.5029296875,1194.81591796875,1997.1505775599755,1454.546029336761,234.27610778808594,764.0375366210938,1067.5262528257633,563.136474609375,2004.643473687801,655.0635986328125,461.8497865538959,385.5102233886719,751.4543464666014,217.67137122574619,1618.4389328564866,228.41061093968057,979.9582478589546,260.92459142886867,859.8582250463577,514.0231507002161,231.14907836914062,647.2809135135499,250.68895869143975,414.8871227309751,207.47202127704736,334.27696939462453,337.8839156825544,308.93757899155685,187.17075350605884,678.3732943574055,421.7867704822359,184.6729875775052,570.4380073185542,546.5892027999294,280.9228797993589,135.041984213006,411.0145924804584,180.6810723501007,336.13860351792243,228.38220808192946,159.186785576717,269.1776950969837,154.56227111271804,1361.1789056958871,183.78102809891195,361.6148220049357,452.956016894367,172.47495524393963,270.52578792209374,268.43153226222034,233.58400927542417,979.0188614071953,86.68882751464844
24,36,376,135,4440.0078125,3401.943115234375,938.6329345703125,2661.2443579926053,1721.97774917964,150.40447998046875,244.0814971923828,150.2515338129389,254.02281188964844,957.5379625704379,229.91015625,211.26793364731947,331.53643798828125,983.4312552157622,80.72907674142942,1021.1581200810848,109.16160835458808,1659.8848182379324,269.8614496646447,859.6323875190155,836.2068921910031,324.8394775390625,499.4891100277792,41.48930531136453,963.1186738809379,278.9556350226768,212.65565326306952,291.2856033793851,324.47044599088326,181.70805653908855,593.1413147511363,339.4512565809615,296.82295611993976,539.0282156374222,1169.111540358507,132.76319682451916,286.2662752883908,372.019749418184,110.82340552696456,575.1198807710753,313.63991006720005,152.0358179946152,442.13182115907483,211.19197464252613,947.0903591463598,190.67100864138072,297.82440574676565,563.59362160047,249.0330216572004,225.28977246025553,222.42119665907396,361.88277989555894,754.9793848208707,259.6547546386719
25,468,397,190,7245.1416015625,4711.361328125,397.8652038574219,2412.7275866233417,2180.539577549153,184.7117919921875,531.5457763671875,83.54147352703666,563.6322631835938,793.5824312997806,372.07318115234375,240.40772231474372,625.6519775390625,764.4781510498831,127.60350257301036,869.807750670718,156.38120055539113,445.1282217590528,595.5321846161698,645.3998246543019,1002.760291721994,502.41094970703125,1454.2959054229282,97.46798146213601,380.18911176623607,156.5096966430526,285.696203854317,316.64461498284965,639.6258692253166,436.86129274484335,610.1926042894784,917.2003430565903,92.96219353525558,503.7283420941121,775.9673597598288,247.34286465876312,321.9455959567481,232.46416814584913,68.01364587960303,351.1349074029562,313.5052130515256,105.85453578355768,282.6641394569106,280.9329025751958,759.4180501076768,356.0584710135175,603.3968038603217,617.024831549655,153.3632681720809,362.34927537720193,95.48186059276284,123.24678008343835,636.9875065753178,263.5885314941406
26,224,455,115,8652.99609375,5621.9091796875,290.08282470703125,4815.74711004467,3165.749835790991,1884.3321533203125,292.9036865234375,686.0984168530233,26.910526275634766,582.6586921126748,803.7760009765625,1047.9717602854153,54.5375862121582,1482.1542175890538,123.67787737005885,743.3645588776717,228.65879980877884,2981.116303114083,747.0639497501925,404.5727823980182,1593.315760139099,63.81257629394531,1577.2169435424746,97.50130982954278,682.1672334146842,488.6949591762936,132.44067779173366,270.3243306220434,806.3431027076718,527.0236380590999,213.77703958498415,966.7308005386333,281.3455826134343,653.4222975625719,1562.0824466109025,68.11413870319211,278.99026116687276,363.00808164995294,159.09345546009519,680.9523445163483,381.10739072728654,208.1927937940298,448.1657451693064,279.8430824516461,982.4958851736203,459.3911792103967,664.3954424987295,620.0629094421739,268.1350071967015,374.6871239721047,196.32321456848427,166.69205148463442,686.4744858464857,157.62840270996094
27,602,452,120,9767.8330078125,6035.50830078125,332.6236572265625,3813.4009359909646,3205.852429419743,1335.929443359375,536.02587890625,204.3507373792357,270.27587890625,650.4100206571788,834.5149536132812,165.67355072150568,336.0418701171875,810.8722911538428,66.69307970500722,551.9078109830502,136.23381105397013,579.3574604994955,762.3063349270951,637.0999927221986,1146.1458996445972,309.94879150390625,1848.7746823444556,59.86751519266201,468.8275770563419,276.18920356674744,256.16452990018803,418.8101063109751,746.7379404035316,549.4552298414559,588.512317752669,1170.2717519599685,247.02661373536756,622.5579035965651,982.9867448841351,204.88175683240516,528.2939815797084,127.92017205847479,92.53517196189512,323.9319063272292,399.4849713949264,164.0386708940403,300.28606583914495,439.8830628467536,511.68998476030254,445.6565046741029,755.6892982443492,823.9755244226607,197.76699492727806,452.32841551904687,192.81977884565524,269.71988492093294,340.5973493776391,118.2762451171875
28,481,478,134,7452.18017578125,5017.88330078125,481.4750061035156,2894.7811524038766,2328.9921686844996,396.50982666015625,509.9126892089844,203.58166912763156,353.8116760253906,657.9428079088252,533.2454833984375,154.0199362931681,377.00543212890625,937.6176585002349,230.72755206019534,592.0197392263335,274.8375854128166,1011.2382679339875,524.9965834514425,968.6163405368575,833.7348564398592,346.3359375,1333.409374801503,172.39418747301542,626.9345799014941,258.82189616422335,222.2970689827915,378.6807546348696,509.8320411469563,366.2653130507636,864.0240110754038,815.5508802716016,299.4312384418783,724.6680188127144,804.1647673727476,113.5623261623364,316.8722389698184,465.8769319120269,255.97596193969412,342.6938618568949,262.2636682262213,378.7492059016323,399.2683204189125,265.315822473914,489.0915715499257,281.0686036625748,505.95638304467946,539.7458859210968,278.39662320152684,321.0398071829041,258.9629178497707,435.929213096975,371.4858264818168,198.2062530517578
29,77,568,117,7238.0283203125,4079.0947265625,1408.2357177734375,6148.194447136495,4045.1074037848907,1994.36669921875,266.5635681152344,416.19090050855027,49.041099548339844,711.6370550387591,171.11351013183594,256.1324621658968,43.268768310546875,972.543136326599,108.35647063332067,462.13696598926515,56.869897796986294,2665.5887009170533,625.0050372739198,246.29803714800758,2959.175184350635,91.18719482421875,1462.1923493202944,49.26528549018181,446.9278389647106,355.804987673105,62.353981414686466,312.6661158307605,1248.9959908416845,316.7589842879284,707.1089220900337,709.6728384031904,43.39490155900099,369.2314209412767,2483.44331110233,126.0887566265477,216.21187426315095,425.58018395972687,154.3769232798082,1109.2134509829114,379.5815010683346,62.44135035585996,589.1584352005734,304.5664554300112,517.7574122550462,245.2148203794471,408.1220090294523,639.3260066973652,103.03158411628081,416.922212483555,71.06415487410179,133.45520610980054,304.03624906194983,132.21279907226562
30,594,543,204,10658.859375,6100.31298828125,1066.5849609375,3467.013707095923,3317.7053744738787,1710.985107421875,338.4546203613281,397.620029418565,275.16766357421875,1503.2320356851321,492.33258056640625,424.5460180346069,448.2073974609375,1417.7112563984122,153.2708665167151,1378.21715138445,181.71578292642718,549.3986922158223,902.7463196297614,717.6246798737238,1869.331974276991,425.82415771484375,2330.1702807872844,144.81547809816448,701.4144574320096,395.0858031459988,300.15980862854957,431.62889404718436,1133.9734040656133,671.9809260188379,842.7802055947294,1441.272078942339,225.92490809438854,795.747168478897,1389.3614105771194,176.38260687294425,578.0025800534278,214.45768172005913,111.42040943950505,595.6416997611097,513.715847740934,164.3912759882804,361.8337093296595,506.8035130710282,1473.5488523657546,555.0332332579693,982.7232017068412,1062.4734096042796,276.7839353557539,587.9085616851171,204.57014492071184,109.85347558909805,1039.8831748189796,218.15618896484375
31,32,578,184,3489.04052734375,2869.410888671875,987.68896484375,1872.6761823136167,1144.4125122567207,267.9687194824219,203.71263122558594,559.2297595018205,182.5253143310547,1107.7987961635042,109.73834228515625,93.65460166087531,234.47500610351562,788.0248253492764,96.54886325984744,860.8873241080197,140.5931568489029,1312.1814875691684,160.57221928515355,631.8998504492884,392.5999213497013,289.7846374511719,373.3443130193551,70.0579116781143,627.3793702822074,186.0935475408799,249.68130421850853,268.68324643670746,118.94450443120145,68.19236203156231,515.9944189504208,208.71983486640303,200.45689989734174,415.81420537870014,639.9027743778094,222.60649039349082,183.49025919251065,311.0541834840734,212.30637304040644,292.09307944820364,166.03915341560793,271.8173587576969,313.70501510413226,166.43116003760548,917.8675183554171,44.35000393236589,151.74063465438886,276.98197951830525,269.1042695200201,133.86255887044885,248.75237586878046,285.1705335724589,552.8723376899543,254.078125
32,567,599,53,12380.193359375,7506.037109375,491.48455810546875,4194.211291431203,3865.5450476608553,1415.3035888671875,752.4861450195312,479.9355680500438,433.23822021484375,828.7641716423011,915.8114013671875,270.72169237275386,485.4457092285156,1634.4451185043768,70.41417262472459,1163.2851165104198,68.97002024994607,1082.5543020426485,1037.9942364632846,632.6114945852332,1910.7126185912284,442.985107421875,2639.810952914383,115.27758139702473,658.7555906949543,141.93334712833803,140.60111694324684,366.72326145015774,1170.3140725696403,714.4313124741271,861.7847562259541,1587.2425647226873,64.86136552150187,834.5738042950021,1446.078736788928,107.40498886308191,516.2058390322219,335.2578570700544,119.45014105024929,828.7585913052131,615.4400916655185,196.71684107379127,501.3251441661517,446.59166912349446,843.8447850251683,575.0284476898681,1065.3288123608831,1096.7842276161307,174.97971899003673,701.5134219143316,173.3313506397518,162.92276214690457,715.5272086694705,221.6546173095703
33,676,590,214,11883.93359375,6538.24072265625,1491.9417724609375,4106.694475857108,3893.4612298414268,2013.3634033203125,371.3765869140625,90.81256005591264,227.34619140625,776.4246831828696,627.7093505859375,344.62734130047295,393.26300048828125,1327.4739373468396,129.54572289107813,838.0215059022594,121.0459961057993,665.0349158780195,1265.3456623278787,699.8331498431643,2130.40297441721,369.3848571777344,2786.6613464725947,72.4108483966025,750.8671234658888,298.9383036848154,266.9344164043827,524.2212433023006,1315.9414806972593,876.3998090015889,781.052286857997,1740.1179810353565,99.49080354311779,874.1361796962001,1675.2689460156412,103.07819793333469,629.364746198405,221.83032474713883,112.85504805354812,809.9325938687629,617.1408666611514,109.8886936714015,435.9461084516423,508.8599121966941,1232.117184375901,707.9591245321883,1172.8266321231608,1194.2044272893347,158.4281966884328,667.6735894404251,130.64418386162473,291.1513645996453,891.4496699353506,151.94834899902344
34,447,640,40,11118.775390625,7326.24609375,328.5587463378906,3206.181172599708,3039.091654576172,1031.0589599609375,777.57421875,396.67648444631766,526.3712158203125,761.0422741374639,869.52490234375,313.44290314596174,499.2821960449219,2165.493351769217,245.1895888648525,661.3263796429411,273.8717055430433,1398.648682185808,758.3740999005105,1103.9642748722827,1395.922428159512,389.85565185546875,1992.0340379906481,201.66317170927044,534.3124111677578,275.9307645881397,144.7546944428334,229.57515650602357,843.9183664932056,545.0417077431166,1063.3095995539427,1219.092515999934,241.91917288871068,1029.0057023682457,1067.0257406869753,204.97049094259134,499.93296061361104,570.6798088846755,283.28154019954815,463.365954751673,396.7820400606555,403.87030780863347,527.3462021683831,470.5694494288419,491.60175217802947,410.8650057732548,763.3954160363744,851.7909175040547,405.6593001903614,470.6803462330471,309.48436625071645,450.5398216314976,339.09299979022273,171.25547790527344
35,210,662,107,7048.888671875,5006.2021484375,635.51416015625,2255.8547921587783,1864.450763093012,656.3765258789062,528.5736083984375,272.83655292366456,268.27276611328125,451.2772908421742,727.444091796875,221.50858139328037,226.83721923828125,821.243997354837,136.72605715841533,465.39255241935086,188.6551880775141,601.6087230762165,440.94941228410624,593.382133628161,812.7934019023244,220.20733642578125,1095.999763569301,160.49793732180586,320.7948067175033,265.9019898097479,93.63689002145483,330.61291235240765,460.7618450147648,299.2200684331133,331.58310591015834,661.8873100807275,318.5917198633714,429.19129040033687,732.7315575339768,85.39404993234403,289.3491066298429,199.25913310756548,115.10686175312394,313.02345393470205,245.68911031546244,117.06365226702827,235.33196960819373,261.9274042824254,405.6875023122317,226.9699151433431,414.4200894933591,498.91524499618754,147.00084915667202,269.6339302225601,137.9804546739177,259.520117195859,222.09782419681676,143.8390350341797
36,561,672,206,9582.9619140625,5737.552734375,300.5552062988281,3394.1262868992967,3138.436690171989,802.9320068359375,687.0401000976562,203.24482272825912,596.4781494140625,614.8798380230958,645.9053344726562,212.29906148118326,674.174072265625,1073.4587173990676,80.4042488187498,626.7900941908348,107.39945172701825,325.7608584161148,767.712174073737,553.441182942818,1308.1336697590382,534.30810546875,2051.799653150178,64.26208621320879,251.2227326154044,122.9936367152212,249.05020619789937,338.29366466906686,858.0804001751235,579.5791060592433,708.2363820691413,1285.8965732234096,140.28874893219856,655.2630868420315,903.571639387,213.81825475641773,397.4397812598241,233.77581405592696,82.22342774693973,382.2766513201121,401.3460872069362,117.87529790266723,309.8475831132052,353.6650714396057,506.4506704775455,475.8715520545785,848.0335250316232,831.3125646323725,103.6912605206346,520.7276474533619,92.47051839744034,121.5033995224625,436.9836260326844,206.97662353515625
37,442,680,224,6990.0927734375,4711.57421875,488.2431640625,2439.802600554346,2093.542447595937,295.6018371582031,592.6961059570312,406.15331357570903,497.62139892578125,885.6847627604882,509.6915283203125,147.30468696592007,495.4461669921875,585.634019966941,140.05642453717263,735.095238747374,173.29791044962306,372.4258911573976,468.7055544179982,665.4097394550298,782.0253913743566,396.7495422363281,1226.7695605891236,126.56841292785231,275.78991395858134,198.0985261073235,223.2100094254295,252.22181478644586,489.02112981564795,337.4949998702853,741.905968047618,760.9135646687632,229.9584897918431,574.0437926006824,627.9824458865796,220.65592077630825,285.51561082568924,340.84128284669333,140.9945976981687,230.2155656535118,240.52121485488425,229.28462501600248,249.4374587284826,248.4975859083148,539.2275274473069,263.7385759909165,482.27274582263755,537.2053173482525,272.41219513209415,303.12346611739787,207.35720462283203,214.817902035468,410.0440049928185,184.63287353515625
38,815,11,87,5516.94482421875,3626.40283203125,117.45006561279297,2352.312076481782,1796.2650508989288,502.72161865234375,179.79342651367188,963.4540145032544,70.41016387939453,2508.198801153737,213.78305053710938,121.44612582479994,131.5455780029297,999.0241594056452,191.29720228238745,2140.5318209983493,272.47167334205096,1047.5031029348463,270.03530388588496,954.3890754114196,593.299855915174,196.62918090820312,781.4664868370421,60.86658275500205,710.6321191040553,244.2895128776763,108.42114751085546,204.75963481898145,324.0678882919234,205.69986487017098,752.8188155184462,521.5211079035763,304.6369762650468,937.885733818038,729.1254243696413,75.5507911223201,188.04425486534308,540.0621963086829,184.34594162451236,416.7055564633575,387.6804492205469,288.91454101177305,535.9788069610348,149.88487986735367,2070.653489635198,207.85198682510173,430.3544388877528,748.1046713543241,300.6861530608615,373.22603210699504,238.00250693893537,291.5075214521984,1405.96208206499,162.71240234375
39,1035,9,163,7623.05859375,4392.546875,675.8439331054688,3051.8312819014996,2723.017374120361,1000.9124755859375,214.34811401367188,1561.0251320231523,58.038063049316406,4179.526482500856,309.6528625488281,262.42774369896017,214.50523376464844,1154.3893203539603,300.90287266698436,3619.5641677877675,220.18348218357968,355.1642471386627,611.1822630097139,758.1992000952503,1018.4389480130607,300.0022888183594,1534.0764716081007,120.88789467904267,454.4146495791322,131.11289266757416,162.22723329879688,201.25927198813727,662.1662822705309,384.598579650949,885.3008553043283,939.3174842261119,119.8545588692491,896.8970946136792,576.5391701556315,144.10678670388168,208.53058520816825,485.01052080907243,208.93923037048478,391.16192838610374,489.4106607689229,358.8118842106827,418.5478616173456,217.43142644198696,3740.6642011757303,351.0555597534652,723.1983607435543,888.7898772517788,421.1773569147758,554.9763820752211,205.380347347157,273.0731986710672,2546.4237108990324,174.13951110839844
40,1120,21,46,8440.2392578125,5460.1396484375,43.42308044433594,3656.1009767998826,2882.5534488585895,1115.2611083984375,530.1082153320312,1583.4443152125627,171.64610290527344,3646.777467472735,760.8258666992188,212.58379983298406,153.17764282226562,908.3224935635687,210.32799399077595,3033.1342379127404,255.64507339920033,931.5984899350887,438.6274601332911,577.6654482682753,1000.3526054162002,212.7519989013672,1376.8099501673223,220.1624237153784,405.0341318083452,302.57397873936134,96.6584488486835,271.5776968821793,550.4054195258254,287.9161473129476,661.7801727710179,835.5852892475942,434.8887670256386,776.9112040321885,879.7216253989767,152.61237614686337,388.76969497986886,373.8690738616856,212.9526460096958,627.5479449514623,413.44940366436145,240.85007475993956,283.1740719296272,414.9643755315341,2699.045227635886,306.5044077358404,676.5984266075062,911.2194431956658,96.99865417846404,565.5859297708475,337.58112664780197,167.0563871026836,1917.4706955203321,168.08030700683594
41,1218,7,75,8285.7060546875,4522.95751953125,1114.8033447265625,2980.419603780446,2724.681181365407,1426.764892578125,17.264352798461914,1686.2142885635487,30.15451431274414,4598.793480639442,253.3196258544922,359.09771826461014,219.62539672851562,988.9864775290847,278.4154729310074,3991.334621020835,256.6653924939075,827.2482537361285,660.2229414306028,746.2470331826698,1476.2509635475453,283.80523681640625,1797.9618034413809,74.90923150860725,414.50139853105554,420.5092087339179,202.98460550628445,278.8195980835389,898.2447915228046,529.4527961308122,806.6541031740669,1155.501916189711,189.90084802871584,873.852243769201,1087.9080347073993,131.26036338133213,408.6119021298693,421.3567918422706,257.5805293913891,502.10278515215657,587.3109455542863,408.54795032870146,465.55391024031536,356.28978129245985,3860.99536588391,491.44074295504237,884.2085409531163,1069.4381098111335,515.092864883969,610.1008694826069,220.73321472213257,194.4929799737762,2669.5371570765924,150.675048828125
42,1170,57,183,13875.9521484375,7727.2646484375,1738.4967041015625,5876.556035786692,5188.4814074400165,2335.14892578125,469.1406555175781,533.0862772578965,54.08899688720703,1627.844369304426,902.4676513671875,891.0676611034266,273.63201904296875,2113.9554777403623,433.44371558476894,2070.564415828358,390.64601045902975,780.4881368290033,1612.8199836942824,586.154336861979,2114.717844327279,353.03155517578125,3324.806831328932,235.5701339211867,887.6367875591644,551.0839211632962,209.88348752254035,362.71259269935354,1282.5871300449066,904.3474142476268,1090.295393115449,1906.8568011740604,267.36846777310086,969.70877467712,1493.725289193503,195.9163478389002,576.3965140555331,451.88792898349294,143.2051030093551,1186.7178923922888,631.77202671051,338.43170565002373,497.6980799462929,497.16821062635574,1801.201813449839,724.633538647901,1272.7838784813875,1166.8104642994986,494.6890962054902,883.6717359693334,148.98215577199161,291.5093715287898,1660.923238326136,133.02291870117188
43,1317,52,68,15926.716796875,9143.8251953125,1958.451416015625,7310.081525967434,6157.131423422351,3048.47509765625,675.38916015625,740.6573487283462,35.70097351074219,2793.796195513409,1196.333984375,1242.8253533008383,231.34034729003906,2740.3761466041597,538.013407106561,3205.0733359799056,475.9643603928947,989.9521358203936,1793.5456643564444,599.9009463379732,2506.9743226918126,369.0804748535156,3556.1253563134505,247.67029966679985,1226.0351653564962,908.4244228121386,278.17870992048705,529.3743022254183,1510.0899340760066,916.7076876280498,1032.4390344046335,1968.4253909212018,466.7113666970862,826.0769329246386,1635.683348639413,243.41485012557115,704.4850461991069,409.6318017189674,268.85203866960785,1346.2267575046246,677.2966381616646,419.5430200919261,666.2669397783885,537.8326426191397,2752.530154639828,637.319894527992,1312.1705935759073,1192.7614787713069,716.2448380154457,900.0484970012536,254.69576624677475,498.5615925141289,2299.3064540190658,74.17845153808594
44,760,86,198,8851.056640625,4948.869140625,739.2083740234375,3248.2579180388275,3072.804352609459,1036.30126953125,414.1829528808594,124.78632106928228,238.70437622070312,558.7647054181574,658.1317138671875,231.09589760199762,334.23114013671875,952.229370536395,78.518718412676,669.276374445951,125.32365526163768,318.4572569115303,1011.39258234277,567.9271742873324,1592.0603747114371,270.8167724609375,2209.562491737702,19.130913485728403,487.02513251027534,221.5047539854878,166.30408418201628,263.344430521026,1131.4061446404698,717.0626765289533,554.7660959826825,1405.513926619568,349.07711084204396,611.2599977456726,867.809185811267,126.28314122635648,409.64696325457254,160.17542479134048,79.54456302172768,440.57126949198266,506.35024572961095,96.96383171808996,304.10004323805344,313.54085426836275,764.5972219162943,628.7247573248969,1017.2455118667013,890.1177449055888,153.48592155762557,600.1430908493232,111.24513922906755,142.8151186870851,713.6423967112645,105.60153198242188
45,1016,80,142,13320.2900390625,7118.57177734375,1959.4822998046875,5038.909292073758,4723.847792822689,2388.376708984375,384.3759765625,573.4029686514642,50.53913879394531,742.5693633218171,885.5284423828125,225.04721760922766,92.21278381347656,1910.5502702687827,44.43374437674837,1021.6145217729777,54.57739676341419,539.2590183681973,1332.1111721365476,415.0020226861306,2210.209890878444,163.86827087402344,3210.052677604919,52.31484637949344,534.0016267757599,375.0914468673305,115.2892099887573,393.3212319333201,1477.7190027062757,945.7665428592006,677.9789135334945,1990.1702143553557,227.2575559508385,932.1445172180266,1430.342740031476,137.56456831361825,694.7122706221986,261.40722150356993,87.35107085603396,780.4860243406373,622.3524119528053,151.1743766473752,506.7264022403985,487.5391693903545,905.3995005531873,769.6357851821277,1314.9685657692246,1246.9335521869818,107.06327817940564,840.0506447712197,149.4446957991469,373.5283947998961,627.7342493830278,41.11725997924805
46,1359,103,48,20523.912109375,10910.51171875,3396.6162109375,6942.68256447943,6748.183186093277,4035.054443359375,305.8853759765625,720.1163106610453,74.44725036621094,970.5317246421347,722.0082397460938,498.3085748427805,470.20220947265625,3245.2294361634663,339.4479454711203,1122.577894717446,220.70519372292136,1710.2542214357518,2106.239340722749,968.3435211086112,3781.495402491429,528.7335205078125,4986.360551209781,260.1430173956608,947.5484992913281,521.6763725115152,430.26584849058514,764.5136928330173,2279.856728608816,1438.7026262624363,1715.3706343676242,3000.490222341106,200.54079346218194,1849.6468397167455,2706.1949884997334,229.54969145252127,1040.1445462872805,621.3944816687414,316.1492531882538,1565.74782277197,964.1100991292877,394.20360164145336,659.2184094641817,976.3745461195912,2635.15073206717,1164.2874782616095,1950.1492404281892,1908.7873488291077,324.29022863440366,1198.783727797282,249.88218762597862,350.7945560243342,1793.0394923298559,150.3699951171875
47,1133,98,105,14326.1083984375,7995.78369140625,1839.4451904296875,5497.257171943382,4937.854254525157,2728.324462890625,270.13934326171875,392.05619755999254,78.1610107421875,552.5828463305154,856.32568359375,287.3467979171503,236.43609619140625,1917.7755019199165,182.1877153507874,708.9460850812062,191.60877064197572,361.7169685709082,1225.1817254142995,356.43232038570636,1938.1546426806403,395.8825988769531,3039.176221284253,98.78671044530842,614.0836292859033,151.29104001924443,190.0290274639189,391.5356280619312,1249.9167911825552,891.9110567283869,707.1098269465505,1912.590438588351,131.20772250922562,894.93584870594,1601.7700502220378,135.2963074144349,701.6349417095622,238.54875940515817,122.73469867118541,625.6081139786454,595.3779482463492,157.97767329166456,594.1228054711006,547.4504190451219,532.5522494402408,691.1303830720575,1212.8684890030713,1223.4464574580363,160.12483456301763,755.1929851584961,92.45154959618245,311.5827671469884,445.7471490508901,196.63714599609375
48,1156,115,154,16967.01171875,9144.376953125,2705.913818359375,5786.966357014815,5642.832995381949,3419.388916015625,54.880767822265625,768.8408354533159,90.21702575683594,1889.8698969569923,593.4163818359375,559.2981892322222,448.5519104003906,2615.9281419480267,371.70021707063694,1443.3073737441832,267.8925958991207,1331.7233184524287,1606.6254776147928,822.3808261537089,2935.6457677207704,643.5968017578125,3885.321390692113,253.49441449131845,1198.4358487631355,903.1675839539259,228.14369939854427,508.18595561351555,1784.9863018212402,1095.656346339934,1398.6834111491476,2364.9389699526437,454.8123986004101,1525.6758434772942,2315.378216157816,175.26867386591073,870.3784421584586,572.2020569726378,115.09666331618548,1078.7210260741517,719.9780139144626,239.56295202255873,629.3269100017,756.799952652333,1222.4069446822987,838.3175280650876,1519.0264862348622,1665.8404233585763,306.9293661490649,928.9025222795179,171.12776969585173,197.65735323052795,660.8383740380767,349.4461364746094
49,973,127,53,12457.48828125,7461.69091796875,474.24774169921875,4531.688093949707,4064.216206713928,1181.11572265625,409.74664306640625,50.09539523554792,365.09088134765625,635.4814995659564,471.095947265625,158.64366457686307,650.9282836914062,1546.1073469656767,30.82658822360274,701.903969016469,26.386272212546487,1176.3768096529939,1065.2891460225862,1123.3071259152005,1774.358408370467,726.213623046875,2608.8602292270207,59.07973905087284,794.5684995673141,133.31839472355713,311.72115109248745,451.0793803595355,1141.4972311377303,786.5899673951154,1071.0407010601034,1646.9129466522509,52.30229718543284,1041.2232312908925,1426.9278704192807,285.9313523718045,489.7060249877953,400.28961529983746,59.648283607073765,564.9821574734924,569.3135420317611,85.07822026205932,588.9348546928622,470.8877943263304,698.2685593084439,649.4319663753696,1091.1553355257684,1112.3082173935386,180.77058818256495,634.395421457599,103.6567457602944,178.87553685183295,623.7198488336583,515.469970703125
50,746,127,96,9693.53125,5925.2939453125,596.672119140625,3702.303986134178,3135.22994131259,1715.5411376953125,502.83966064453125,96.49682863841562,129.4093780517578,561.5395184567608,892.6900634765625,136.7767892157496,125.24996948242188,1131.140997301461,169.12582868601046,583.5613325303545,197.51732198710064,460.60763953185096,732.761039859691,170.68823193317564,1197.4617732507284,137.86865234375,1843.6211630906348,80.85455760221983,339.30293927930535,69.56197359660662,76.56589889790162,336.9249530986625,744.4629644466343,523.1606610550496,276.34287419769623,1137.249509698096,122.92292690415526,589.4920936564848,980.2114340471529,168.27850581391297,479.5878433196608,144.288536550637,131.51381109350885,412.3954438360879,372.9389841182205,126.25219378119299,338.69084488842026,383.5073227574768,560.4353484154061,399.21346291898806,727.2061231243249,781.8099584715656,80.64119469839972,464.21799982833056,121.37283648036701,346.57244252212826,460.3864354531805,27.368309020996094
51,1085,107,216,12415.6796875,6844.90283203125,1599.760986328125,4560.995512154933,4253.169676194147,2169.1357421875,307.23394775390625,237.0757698405319,50.058265686035156,930.8813625012879,714.6668701171875,263.446596458764,294.78045654296875,1683.6941824849257,146.00746600264233,1043.0785687930431,173.39069995752277,633.3316546885732,1013.4651487046749,529.3473725461434,1827.2109513336022,374.94305419921875,2723.541174763106,82.7192416896651,394.94909940145993,259.34771460190734,175.6592039520946,394.43648840452863,1184.1419564747478,762.5319958756392,840.0353109106097,1707.9711303564213,255.1718678922295,949.244856245327,1259.9407382609452,111.25469399932636,695.2867324103562,228.2625939830069,63.99179918126455,526.5737613802469,546.9031568279429,103.4697564599374,437.02973854512067,564.9546610301531,799.1172599629314,605.1254605941314,1116.3164247778398,1205.9929523376434,92.57578903200562,702.3345025568156,136.5262587186944,236.82052647152673,603.5690170267637,193.28274536132812
52,1229,145,151,18842.3671875,9999.4267578125,3116.123779296875,6443.367092591088,6240.911095019369,3801.287841796875,92.39955139160156,455.7551032171352,135.42425537109375,385.4715814954002,745.4229736328125,247.27276625944208,384.7259826660156,2741.1213198828996,140.3894863260739,671.3276928105143,181.97951219695142,1812.5529065375758,1730.5653376871708,1130.866711292094,3248.8736109573642,623.5423583984375,4312.522782681569,164.30119612375063,1055.3587762171933,314.8717055353684,299.70948074178443,549.2329737988096,2006.9452483839084,1280.0393132102004,1666.3742524665859,2708.6109368208868,204.2583551160247,1660.8386148531079,2468.751535135154,199.748561348131,1050.8169746230012,467.50530573463027,157.46987308841176,1029.0983002114888,933.0961471705782,200.2615678825978,708.7359924633739,933.789142255163,791.3430032968909,1050.2106630374033,1802.8909639201736,1946.3695864049807,168.45982209975966,1067.65948242415,173.36399069957528,265.9425254708449,563.0242319281955,390.80584716796875
53,941,160,107,12522.11328125,7170.28076171875,1179.778076171875,4939.073814699411,4370.5990769824975,1942.68994140625,488.3775939941406,234.21179947644734,230.8292694091797,672.8151348944134,826.9937133789062,130.9122142840275,437.57464599609375,1372.3545229204262,56.84497501920371,603.1962938383094,39.67671193459745,582.1092774890845,1122.6642579464647,679.8162171185869,1581.4424464140338,498.0428771972656,2630.7526932984783,89.19588874773001,578.4603802605817,129.61816653630112,150.575523818616,467.80934841266856,1074.451256693304,813.7210952691295,802.974136842192,1680.3836787128464,105.97671830104044,902.3860592063056,1313.2508905173058,91.65999526602162,728.2137672938727,243.96757206722089,137.3123543144984,469.1218390648291,501.0062087932187,168.1422284025177,406.0197010426608,554.3057994800881,497.82188391341634,659.4073648776387,1071.7756227095515,1109.4313138873088,193.3258746809476,660.0031638887897,189.30121486014147,273.68818584590593,401.76200580047475,267.51190185546875
54,1086,161,32,13010.982421875,7532.9716796875,1157.025146484375,4188.214241766142,4062.2905800142876,1973.166015625,530.1648559570312,137.7916631606424,358.9196472167969,286.4649095211165,741.80322265625,248.56238742064815,555.544189453125,1983.834700239985,167.05159239491036,308.42977059610223,138.4269674711343,944.1868917508572,1044.2581463770912,668.0730044444082,1941.5572404567604,539.0527954101562,2743.466772139634,116.85741442679482,519.5989177918445,164.24605927957853,299.68980053033266,285.8642565139351,1184.0959725507682,765.3536927286676,1180.5900526170785,1694.1816115947129,89.81718823916688,894.8291693477071,1485.19357437624,331.40918633588615,627.047204455347,278.6505860481343,165.0640221868554,582.4071323625038,534.9974519351979,132.2116687707964,446.3892694890842,557.0686838960719,348.12405695489275,593.6026226376446,1085.9991057648542,1152.4556848667607,188.25346363066842,651.8868192907526,157.15077413360166,178.92160692563743,235.9038117483475,238.68276977539062
55,1314,183,138,20777.404296875,10724.1650390625,3694.0283203125,7539.352604642572,7285.7606522983815,3858.954345703125,305.6506652832031,352.42201471287416,14.8574800491333,665.3748549374849,805.069091796875,585.9484226543179,484.98583984375,3287.721342883777,170.85738133346646,863.4964296240528,176.6875629125558,1477.2448119672897,1997.6544160372416,948.7255046626242,3572.816426758904,635.3276977539062,5146.273196377815,83.01639316281536,910.4132986048693,265.74932272105855,236.62646667486635,534.4071728996008,2190.5657891348806,1410.1977746085242,1634.7034601568246,3112.143900100093,65.04924827517637,1620.2550671888578,2652.9559789579116,165.20175641041928,1032.8043275644575,470.2925853756573,66.84935431636278,1373.3421781225798,987.9419913219095,144.19473858865038,800.245543826825,850.9683023197165,1426.8676452622276,1107.868079671403,1992.8107965991926,2046.5781447164138,173.51518611341433,1212.3491768669785,144.27124980387566,192.91671016467615,964.4735182006449,267.26953125
56,864,182,65,12191.39453125,7130.26123046875,1010.340576171875,4198.281039302926,3898.923615341363,2052.72314453125,711.3305053710938,452.6708201810714,119.3918228149414,934.3864242075903,1298.218994140625,147.87709403242943,67.9862289428711,1632.5534416956443,60.65038996166129,794.9970424947313,196.85310235772445,664.5345239728315,1159.2746064408393,336.1940773159094,1823.8732618285283,61.44544219970703,2671.2781295825334,197.92725695671868,430.49030579509514,375.34917602552616,185.93176874246498,456.1779428012706,1168.3638346470848,790.805495841627,665.8302140984059,1639.3155333548286,357.4956288897399,741.9204399233828,1262.3301112355603,110.20420846565601,502.1535098105905,277.6863289271778,127.17340709139245,639.1494580988775,564.7600447437894,94.96098747891574,461.63111359558576,473.1986770917261,800.7569333573466,660.4081195812942,1123.3643997793044,1051.8166788452268,144.31350433492787,682.2841655653044,136.62524103721626,406.28737192292033,677.5690588379408,43.55016326904297
57,737,170,172,10055.4775390625,5722.73095703125,903.0393676757812,3836.7770635640404,3553.3578613424893,1472.259521484375,592.806884765625,172.529186219047,175.42556762695312,375.95318867703367,928.0790405273438,216.29520724859748,168.85670471191406,1212.075697853832,138.03309355956807,428.438262577929,154.67679456919615,390.31871090027846,991.9734091084523,534.1881400160008,1555.6063874844438,135.5209197998047,2325.2762199356985,107.06124428614362,528.5319138621398,157.60120205249922,104.74480102989037,320.42367088255673,1053.3393611503727,676.4778933592976,686.450468070964,1441.048324693765,152.15392098219098,653.9948889532948,995.1689255311313,66.67606286201338,494.44745103677445,190.57290669482063,76.86856134605542,562.8503910898289,442.5134191889138,97.93820162668779,320.75052050988677,403.6903383277054,415.2633808438769,565.5798474565503,964.6582522719411,877.248837316986,89.49728498035581,629.0427585543093,125.42067020939548,224.203683121187,370.8761271378436,17.29818344116211
58,1334,188,33,19852.0546875,10733.724609375,2767.4541015625,6243.880332150997,6423.307011571941,3354.570068359375,220.06552124023438,1051.4718407544178,94.35848999023438,1371.7567638483092,815.2662963867188,706.7362891952314,434.00927734375,3859.1695864932108,245.46566623345387,2305.1710245130175,233.00464547820266,2361.987396772556,1844.9094112437986,1378.0437930990258,3599.634306469303,684.67578125,4826.514097699964,203.88027310319632,1228.1591613651485,300.48944499880696,358.9566883800003,329.7513627936585,2191.0514123208995,1329.2024317045377,1849.1188925056374,2919.5629056166363,326.3992051741173,1396.8297940198374,2555.8595254725974,327.0685241499741,970.376316093903,647.1050545109256,219.10944688365137,1287.7153015668764,939.8124592107085,329.835228714123,730.9164843695391,753.592582200288,1530.94722818639,1041.878116204116,1932.7928127750852,1908.6104968460404,282.1975660722784,1219.019343500365,346.8367974182723,494.7763105908037,1076.3628356866973,445.08709716796875
59,1104,190,139,15823.6796875,8409.23828125,2481.560546875,5508.590782939581,5297.393434976888,2938.641845703125,430.32257080078125,199.54697582035118,146.52206420898438,1149.880416205135,867.3973999023438,398.74284408868715,392.0733337402344,2125.0318794500204,85.534813323265,1289.6947276937015,79.52378539482794,838.9872107626258,1529.9199614113068,773.4736581790929,2828.5929338418932,396.2489929199219,3810.511595542943,72.10701143870075,679.3094308965464,222.68688341448214,194.77563409996066,554.2818661972087,1736.8762650392664,1091.7510054905256,1026.2051555260257,2340.733010419557,96.01798108231738,1247.5916306755535,2058.4041922643837,54.970140662046475,826.1767333007359,330.2357181294106,163.1350908859367,960.9480643967304,723.9337018906094,197.48900231317901,632.812019352561,668.4822249951528,1308.212461748507,856.340144034171,1552.7807785274047,1565.4860904302204,146.3953038311881,902.6554602213839,175.5106423234385,321.65624261561186,1072.6510181232165,140.3338623046875
60,914,181,213,10557.744140625,5814.546875,1128.512451171875,3812.9397108049943,3636.175429516399,1458.827392578125,458.7298278808594,489.3745811546939,177.39727783203125,1088.305508843148,728.8070068359375,204.43316512789744,289.7249755859375,1356.228645226591,202.78644932638105,1031.7212894075908,274.9831956352519,433.331391114949,1135.5744303398674,473.55622738934795,1645.3837889095546,294.64654541015625,2527.045926154996,145.9450315902833,354.39243658230356,166.17503710959537,133.03999114919895,342.95307297302236,1101.5366009071224,801.7454573464803,640.0726290525092,1597.9786827224734,321.5270379969643,709.0098475002983,1132.023068140401,113.39258945091467,478.397566865168,229.5879674244186,73.88612677217122,555.9398758143861,532.4387502719791,102.04262196649968,419.8125593416996,399.6443226276534,950.1858333339898,615.6670670888503,1005.5565536092098,960.7070470998244,128.58349023521166,589.2062513597639,100.60809044319988,243.27489408960503,832.1454538806851,124.43518829345703
61,1210,218,117,18394.55859375,9935.427734375,2867.312744140625,6092.072350673983,5947.703104290567,3660.4453125,236.31430053710938,508.9469668914687,27.745574951171875,1347.0191151055606,821.4866943359375,449.92941259244657,399.2125244140625,2777.6673699172466,313.38265813793015,1329.571289388341,307.4463002875913,1372.394263731816,1517.6317401442666,710.0164152435477,3023.332182078944,530.6470336914062,4043.24186808212,190.06990989179224,892.7072631458111,514.4013660182986,255.08151935526413,565.9724211082545,1821.387871466391,1113.3683136582188,1216.0038013026576,2512.33348405663,389.7506950766925,1434.7152007888426,2404.912305789773,148.80138912091,1048.4909561235863,308.22858538811585,148.9659342491926,818.8481753277257,823.4191338398755,253.23275886844633,755.3326016182722,824.5228438580771,825.7838056503734,849.596077387553,1645.6539330418746,1807.2027992940657,248.74346198902123,988.1532033545504,183.24563056208405,368.5578109342626,532.3320788334217,254.8525390625
62,1210,230,68,17458.951171875,9751.01953125,2249.531005859375,6041.033928820616,5685.437900307036,3262.1796875,382.0966796875,393.4533332395144,93.59661865234375,1718.1085227693743,947.6344604492188,531.2708833735459,473.9434814453125,2415.535870530085,340.4167518249039,1589.8360377562826,309.58237462384034,847.3311393677466,1456.3336244082,783.6149713087387,2578.398833934681,585.0770874023438,3716.3803446269467,123.36400473930063,637.4325136731826,513.1831673082135,225.3283464458899,588.0496982077705,1618.9990124221345,1048.653503956302,1234.5059807352345,2307.8785087635615,183.66967067179849,1327.5947890756079,1866.2885566766354,72.39662236508858,1027.114657416974,330.4713362479512,164.48979114256022,738.8491526385453,738.0826046949645,386.4941879715894,604.074412868783,799.0873358860777,1187.2792981410018,822.571158140279,1517.7503560117086,1615.9844695934469,327.5298298685897,919.0879255685822,254.3003445169203,281.0850281403548,944.1567849623059,292.14666748046875
63,1331,249,76,23866.650390625,11950.9638671875,5478.6513671875,10194.421699084996,9115.433704825451,5832.611328125,115.80657958984375,757.9767633919458,495.5960693359375,2295.531499497739,576.5821533203125,1037.2429683630603,169.22906494140625,4492.4125827611415,194.1987494281552,2281.8794148587504,118.90220182748355,1797.9417803854399,2260.906427526519,704.0670474653599,3877.427803893511,646.2261962890625,5527.532867572728,59.64970256701225,1148.8445383593235,682.0995814442747,100.12820727072535,521.008949175037,2282.829395001258,1510.6899257700438,1984.9758486545752,3327.675645931709,315.02766024558025,1836.8631722868151,3023.3079112370465,58.215732095918476,1055.909245510293,827.7966191304947,92.03316745158034,1490.5690378464158,1044.8632158060182,172.86417417236663,885.6326001115417,966.6473455179439,2189.0285048811115,1188.2148627446845,2083.310521606525,2212.9934892302163,183.6243200522405,1401.8892016042503,158.89813319366996,190.4014383437389,1529.7277231914866,422.936279296875
64,1051,252,185,13745.162109375,7573.0029296875,1769.640869140625,5011.698663360537,4661.233662395628,2383.63916015625,352.8918762207031,268.9305172566467,98.21649169921875,565.5610882045665,741.3875732421875,189.43539395546028,358.99560546875,1755.8132460816878,145.18611610746666,585.2420425346052,129.90188849203327,464.54100625560227,1202.6695681211395,663.2165466560169,2017.931414476372,453.1658630371094,3023.659318704329,65.2128168617134,488.0203051075914,145.94892317203713,201.76551280193405,501.1174036208878,1281.9473183027678,885.8282254555818,962.5599140139398,1902.3522291556149,72.20099331040699,1038.9727943837215,1537.1428674389285,64.8613383745172,696.9288071957546,295.76514985414957,102.79188778549896,589.4257821463053,614.6902927653625,134.425641702628,504.0643394564233,597.3869231587305,501.3795611377992,679.8163837030525,1204.8520727811049,1273.0667569645766,135.34924048188532,719.670929702974,97.95271186990578,214.13714578820898,414.2242493591358,244.705078125
65,783,266,131,12165.275390625,7293.736328125,790.8929443359375,3987.765132098659,3713.70067402371,1795.782470703125,591.5875244140625,210.82558864619696,416.53515625,687.378525560205,747.3744506835938,294.2086223560253,505.9053955078125,1687.4976765002277,185.074372704097,600.9586805663041,148.4169665399685,820.5495658787387,956.4672598594072,644.5656545776689,1904.487918608266,389.54815673828125,2498.8175174993034,154.90617599332617,609.1014195880688,318.1447407275904,313.3650778888016,394.6010518290036,1133.7512986501833,675.1193912843133,971.4901624577244,1508.5304166029732,212.81942607643046,938.3885369389269,1463.1047978349325,221.03652292249882,513.8762726980585,371.84335510976456,124.8019868593506,691.0086498070727,504.7629884305681,184.30308348575934,384.86301366005483,459.59167189997044,603.0842458158545,517.8047888398235,979.5646869811256,1055.7301509177194,160.49650435132173,623.6957732246047,134.1709965127994,83.13620236067914,297.6451978202837,71.31483459472656
66,1016,320,77,18760.951171875,10761.33984375,2483.640625,7778.964928701943,6617.218745987275,4164.2236328125,124.0830307006836,2299.2992035759926,267.5604553222656,2429.855378091491,877.8964233398438,653.8969401516184,147.99618530273438,3295.493513134061,168.90828108776122,1273.0014441178716,546.8171987942246,679.6815442292345,1754.2030104282778,858.4748492791554,2854.1802779465993,558.7420043945312,3799.499156095737,180.50314582285964,598.1675149863294,757.0077545231171,297.4684010899478,250.0148120273796,1613.7664174467009,1115.8860267235943,1240.636385221237,2271.7526000421612,971.4114928942695,1283.579760186923,2103.516693927883,282.56033502214564,757.5186815639426,644.6389790715169,268.3617666356832,1305.5084698601186,687.2176903697624,247.6300143018589,819.5048185954389,743.8754820536424,963.2885093015406,831.5908915590422,1450.2791431683963,1417.1121617645372,286.0650367484632,891.1689956529918,250.61573722252035,347.2049513143729,589.8723750260955,498.5666198730469
67,805,289,219,11623.45703125,6616.94189453125,1671.5081787109375,5348.90253835722,4294.408657427365,2687.41748046875,79.83811950683594,718.792456188473,167.67507934570312,362.90220933969454,503.96807861328125,521.7280676524348,86.3481674194336,1586.0516096801073,83.03679105114159,571.3839391184105,16.40713483303153,943.6015266710154,886.4639214903979,116.89996988393216,1297.7264558628115,317.90118408203125,2131.2813608811107,152.15613545349257,377.84651794779813,120.5890222461424,110.80767755555112,214.75985261369118,742.7827517072666,604.9786806143629,736.9801336031153,1323.8425547039437,203.53757786214675,736.3186249280327,1263.8727238417127,80.44605525870381,517.1845588256699,323.1800232230648,99.87980943084104,501.2735791630564,483.6100540113774,173.0976902244479,568.5328133433807,439.23134003270604,532.7180046484934,456.6004975350896,773.7030689492836,835.3603953961783,213.3259005221253,512.2141183975701,159.52429599670867,123.15579239618621,328.01273243306264,225.13922119140625
68,932,288,157,13120.267578125,7266.974609375,1729.0498046875,4911.919255494012,4443.34979954682,2382.32373046875,257.63751220703125,258.72331622410684,96.23579406738281,749.4202141158754,589.5780029296875,273.0132708268493,358.52789306640625,1590.3565585322642,67.02423054590507,795.6796260060997,183.71152365105752,466.5652582049808,1119.4783955713024,579.7429632259166,1925.4216927546695,419.738525390625,2782.725394803642,54.40009286009326,632.2338660381672,203.02299721597475,178.6649230917818,478.8923326301402,1180.0526494224464,810.8572261515584,795.4280051912148,1753.0718042857775,178.6403227115904,996.9417549833835,1638.4942104641389,94.45466238196595,694.3676281274328,240.21661118060626,71.4856598517645,634.3033731394711,584.0009331579519,171.5761228117749,588.3203404934932,553.4576234565976,627.3932845868425,619.3327610399683,1122.5659002033028,1254.7394079634084,186.20990600991433,707.0720388872589,105.75320503628535,315.76298985318124,496.0492077050969,237.2510986328125
69,1251,306,125,20375.58203125,10717.58203125,3333.7431640625,6870.45535869354,6775.682748262708,3822.31494140625,355.4355163574219,372.6617122458586,14.686173439025879,742.8217316162584,885.4110107421875,221.357296498231,417.0164489746094,3114.744021141714,234.39791065056357,1254.2941008652556,168.36958323235277,1668.528218606593,2018.9710430116297,952.2158257226292,3547.3786915369938,556.9854736328125,4839.422660584741,192.81939789703947,874.3828745032366,435.328914365126,302.2847600173978,695.9107122333224,2203.36862839721,1461.9684381126701,1512.5235187706257,3024.638569647183,163.19204830774225,1657.2729998263867,2599.3961448302816,193.00224250222524,1082.1201905760313,432.6486467831889,176.17099068795721,1186.7445138105645,990.209896632627,249.21168567835792,829.3161157883244,931.9747555954814,1025.5491904387882,1148.9887934988897,1961.2211202913813,2041.51652580278,200.15120850080993,1154.5774674325958,191.55051394740505,366.19701245626527,795.5730521029186,268.7723388671875
70,1197,360,69,20747.53125,10860.072265625,3845.72998046875,8661.051639386966,7863.946389216598,4374.95068359375,253.95919799804688,1811.011950486548,353.95208740234375,1347.4277182976116,824.9088745117188,1133.4529487095467,60.4025993347168,4298.457984763553,339.76743885263227,839.9907520214081,524.1972079631225,1292.7373429753407,1779.0676417724408,125.32357060392478,2778.4217917061987,518.1286010742188,4302.512602089948,128.21158634707447,1011.1488465006466,321.8859362737913,134.89939719200328,526.4395682937815,1628.4879107204015,1244.8108286271386,1745.1460644337856,2713.2292086407538,601.7664514816101,1332.0429008180868,2444.7607847692675,76.87484941179154,890.0974075460682,827.7429980275964,168.15973842305144,1063.2880484168813,878.7640381654918,231.61299101602154,920.0153165094091,818.7347107686315,1326.2480948397217,949.3706445383849,1615.1790964331485,1841.2321596721533,147.78228705476351,1206.2339068625258,227.91890761827517,420.8781245032474,1060.098958639596,398.0094909667969
71,1097,347,151,17037.2421875,8960.6748046875,2670.9482421875,5878.964683108565,5749.749570551332,3104.25927734375,252.907958984375,346.28223482364916,56.240020751953125,1332.0812417561333,889.60888671875,344.43489005729805,342.70721435546875,2412.8005572805014,122.17933038770825,1387.3057910393777,163.85861411812297,1133.9886567271187,1671.7621054356714,773.1098732454107,2947.8968337139736,481.75225830078125,4111.2542179664015,77.25656413482989,763.1748305631437,262.6178839403316,181.08028628622372,453.83170599426927,1895.827919989607,1249.2479655741836,1124.5122490776537,2596.797807429619,146.85263704803398,1306.652590136084,2062.9819547538827,119.4254772213421,764.0558561513351,425.81771224231676,70.65276378707038,883.649072094351,817.2427623306462,160.14746335584425,641.6769215237451,673.1492787500276,1222.5719541780602,1026.52561154601,1745.8577913871347,1670.8360423138188,256.92861214448226,1007.578971428658,172.24034341782374,221.73819778347826,1005.3593712605026,261.6581726074219
72,1322,366,75,25000.640625,12277.490234375,5628.22412109375,10309.610246791708,9561.114609170003,5493.7509765625,109.27261352539062,1559.4120790390848,263.5931091308594,1200.724269479097,330.16259765625,674.841037574519,361.47857666015625,4458.293207048636,317.8666980848339,859.6975927239828,266.50300509208773,1216.8055673029476,2688.48522668753,694.3013911446909,3996.8980409740357,711.36865234375,5693.702739144619,295.5110996893612,1268.820858700327,402.75655510433796,336.7460181924064,829.3620084013484,2545.273825140879,1880.2959768184228,2024.4101523820298,3666.3029642560887,152.19414833223857,1940.71598950274,3314.101662556869,98.33657770249373,1319.6863656887122,633.8509858433174,248.7879066893511,1652.81828601155,1457.8196882576426,188.81069987712442,1339.1442726145654,1175.2896818919019,937.4500906791724,1519.3771508401305,2468.296615912531,2620.6243935296966,234.06410887384254,1392.9668663605707,141.32173616155603,171.56833255897476,852.4989840734755,523.33251953125
73,1217,371,214,21098.828125,11433.16015625,3422.779296875,7943.76683589388,7317.727056651935,4537.70068359375,200.8798065185547,724.3671415139264,349.76861572265625,321.58969820579364,1029.1466064453125,778.9916439018939,64.77383422851562,4011.555924554176,209.85161212354203,415.59913356330253,289.0458464478514,1831.5085209843276,1746.82416046626,294.61553191019954,2908.822001248058,430.83990478515625,4495.526479473584,84.10397603085575,789.2536126482578,295.49856312134426,113.59754318880647,426.89369054185374,1803.1566618626891,1275.9969765704996,1439.4746321632401,2795.5771058826217,163.84424496187222,1512.1419786088577,2258.631049015233,99.86624888516954,939.7965870410841,676.7560201477199,208.69332416415585,967.3658584595809,897.5021151212445,262.9752411859429,820.7524514079405,872.0072287787692,1185.282311649227,992.4991387727814,1765.800481125608,1996.5741369107686,237.79220057779133,1140.0306426149123,198.05717968225065,468.2027153751576,567.6086761896461,343.9359130859375
74,954,356,116,16097.3349609375,8641.8486328125,2499.373046875,5982.642609584241,5601.535985091827,3100.462646484375,190.45187377929688,603.9288678040273,117.75762176513672,1165.711327152893,739.0535888671875,517.765903624439,194.17910766601562,2415.6908892670313,280.5089506308404,1320.0659984157483,407.7379387898879,931.894430911025,1473.868653387084,668.6414372839602,2635.5957934384087,326.38232421875,3735.5101717185667,138.11004818384228,702.7664984619585,295.68343194479263,104.60531655637408,430.3827260744511,1676.4148788986993,1057.8861002574347,1076.2603650481005,2298.859608340283,391.0538565362219,1256.183195439561,1808.9306348883977,56.43164974697133,852.1429862969123,375.64928070750517,152.51939109278922,930.460703109596,734.3254646767963,290.72953668081766,684.0305388421242,683.4677517062868,1417.7966790545279,894.530199912745,1569.2578195108547,1562.8874944890692,301.5338752431645,953.0167440552424,280.5803611224587,325.2257018961241,943.4633195222617,163.86737060546875
75,824,383,137,14906.126953125,7761.89208984375,3076.165771484375,6830.208604693827,5812.765348224882,3547.51513671875,33.22711181640625,869.2077325947203,173.51889038085938,1197.1655501122834,269.7066345214844,481.45885171136644,118.1439437866211,2628.5984088952873,136.7627255007275,945.7408342319512,142.39143482346606,253.76840014993167,1189.722104052202,409.0382770506364,2027.8815405876262,404.36663818359375,2768.7045777684784,84.5791186421343,772.1951400269674,165.27184694823094,173.6635786074224,516.8169565825706,1082.5227284850407,846.0145629818559,1310.1882144029562,1801.0278671180463,135.55376991780608,1084.57454717861,2115.5193929704105,85.54720683438076,628.8440301124227,566.9649704042607,96.05750880777663,811.4750516402555,801.1705585100391,147.96130409814234,811.4365960589461,590.3833786605214,946.3776863844857,647.8723665021131,1089.5609779436984,1319.3096591045773,144.31570730658325,650.374577694547,155.69258164300646,142.26935145585188,674.2770151580742,289.70880126953125
76,895,419,64,16568.9921875,9227.59765625,2308.504638671875,6070.001033800583,5546.319363583982,3426.76171875,374.91094970703125,234.4044366541813,134.9385223388672,972.7711868290743,1142.13720703125,538.0836032126251,141.02908325195312,2383.4405113988314,331.3604077144022,946.5188947155895,324.42904385352256,1031.7035514502882,1308.3537766595703,493.3803697536054,2418.514023522023,314.7547912597656,3534.089672744225,141.72545804602518,587.0779628261735,377.782564047455,107.6525365582928,463.41824240769665,1482.7910681554067,936.5618621978128,1007.3813145312404,2159.4815267102335,25.25724661450799,1202.1065402971608,1799.234197145713,114.11862155827227,889.721570131833,280.0356333287291,181.93248204528794,809.5128697799726,706.0489672344092,329.1331788877784,707.5415724499604,739.0545361824016,851.9754790808342,722.8347716190796,1407.6311929486606,1603.3311246421629,373.1958168043926,920.240971949089,238.7258192602982,383.7313736622327,571.0056159518114,176.5146484375
77,892,424,172,15066.306640625,8629.439453125,1657.86865234375,5153.22596222494,4803.177765120851,2684.27587890625,578.4309692382812,418.5863519452472,347.59869384765625,979.9579605214749,898.8179931640625,722.5768265351788,557.0036010742188,2306.918913358839,499.3895772778918,1149.7118984632912,396.6074807426131,1327.428176253188,1280.5504620973852,582.8022867173787,2484.9402626138963,536.1656494140625,3254.16636274486,404.69504344707724,652.3456971177773,413.3881346790734,211.80143188673364,372.7848902119395,1460.0957633203222,890.9885032200093,1232.184532635157,1959.7168478516069,179.24646560496564,1111.659632409493,1881.1181469927465,148.57834976035318,694.2136728490208,361.62936128059596,164.61205865214296,857.7077153700056,645.1473548622075,181.27984051304205,583.5240282315292,627.4144894968437,808.1846028790212,688.1154681871615,1257.5572854781278,1316.4993861075106,156.89808630870849,792.5881512624687,104.38080859152791,229.5057468733438,409.0587497310709,219.05075073242188
78,1288,456,100,26521.23828125,14904.537109375,3846.894287109375,8696.028853451884,8167.595442122676,5943.6650390625,233.10845947265625,773.2109072653716,116.80967712402344,1375.9844303155678,1180.37744140625,491.6715990958183,458.9747009277344,3926.0390045587105,226.2969789929118,1087.156846941533,449.0098078831173,1589.9615570501605,2116.0712143955775,793.6996226063612,4299.193867012903,688.35791015625,5342.872733524717,294.03182370766905,1506.0968212235994,547.0799596234341,378.4678251934599,736.5288384518608,2433.4775303062975,1519.1675819973664,1829.548944064624,3307.721678779119,668.9538612679821,2187.235439931759,3798.1118306935145,224.21463806085134,1296.214177241041,601.5619254231165,392.4945498322811,1331.8753774601782,1264.6325464431195,245.2312749116616,1090.6522748552295,1175.9120149549462,1320.0833740430749,1140.8274261697452,2074.9379207436796,2537.1196823130363,365.9010167540754,1259.6890586411926,349.83761119398685,212.01895367099348,746.280973801925,325.5123291015625
79,979,443,54,17841.466796875,9752.708984375,2720.498779296875,6378.554326488033,5958.7488652696875,3729.83544921875,214.63674926757812,418.0865458402076,228.748291015625,934.3730416586995,991.5049438476562,498.0545866073228,172.4263458251953,2670.9161519741797,82.3290390730701,1190.6901131521574,85.25949601369811,1072.6034519510308,1599.9167353915248,528.4079286221554,2824.1044779883714,389.57177734375,4069.78666995141,79.80020860609739,860.7934879028809,165.98578778583396,220.44219689448275,465.8895844099317,1742.4966090194807,1102.7516539566486,1001.5234276082514,2452.506440428288,101.43959444098623,1331.265714634588,2108.929939759558,174.09414710440066,956.2039148158386,385.55585310239496,134.31040351683393,1142.3781557936854,760.4866011109705,185.52776337794973,724.4356298375682,745.6548363343474,783.0549996736308,856.949965589811,1596.9670376167055,1662.3986996269941,262.48490726157314,1041.9833705947306,154.4388596246373,363.6577132694173,585.2365039894077,200.10157775878906
80,1098,467,119,21465.310546875,11910.181640625,3319.0185546875,7337.013325922471,6814.933269751315,4942.568359375,18.03238868713379,514.6725957713746,368.262451171875,1719.4919042379563,971.363525390625,877.3278994663441,173.1489715576172,3821.4640503043533,305.6344894047226,1569.1856458831428,262.1734581195974,2230.7094706897838,1798.7700088646382,728.1295779746013,3510.24086655212,517.7354125976562,4579.555718100363,185.09688660524262,1261.4370348726818,766.6188282993506,201.23299078918097,448.7646514518139,2007.7162539784504,1281.5915050600888,1547.4246387081694,2778.658425556466,309.1702335689907,1755.6259101328415,2991.959570834972,134.73321313782077,900.3330034265023,809.6311407526224,105.03824603614571,1316.9040246548677,893.9303639130319,259.21019536579166,834.4915520278804,867.0438885636584,1119.0349713145347,972.1989492839881,1732.3883463109928,1914.9279651812044,354.86455614624936,1055.9907510981284,217.38130232540792,504.43719776577245,799.5024111526708,333.0919189453125
81,780,485,114,16525.76953125,9444.748046875,1937.1383056640625,7102.670622838374,6059.743701578346,2831.405029296875,488.8575744628906,940.0213141917195,116.3133773803711,914.7484452463722,632.007080078125,949.2089942975502,368.8814392089844,2915.2556590498793,443.3967194588077,870.6552437405388,362.17804003114617,720.6438763459922,1353.176596519994,654.7989577682804,2139.3167237815856,634.5421752929688,3191.914308516876,308.3790956735517,794.3907907270649,549.032299371906,222.90495299456788,548.4641511203398,1163.7616011895939,854.7068134388476,1231.9783401235081,1930.596551259066,155.32498666266736,1065.8407843785478,1869.964799181819,191.49206914034383,742.5469434175353,533.3804060723998,241.757540681451,831.8655032986154,700.5568493568047,233.4981744344039,789.6877397301492,624.7944733133633,1098.4351029702555,633.5319061550985,1103.389762724731,1262.998542530444,175.09998606460465,776.6035675829163,199.79913296207923,346.07742030123154,775.6479065709732,416.3934631347656
82,848,445,32,14557.7685546875,8096.3974609375,1529.9384765625,5015.914705285214,4963.673640924344,1793.3663330078125,377.61627197265625,926.3341129577354,380.5425109863281,717.1484868666994,400.1351623535156,779.5132496093817,802.6565551757812,2706.09379931585,213.21854814357772,1109.8527091055275,124.24432705344547,1306.9298553593014,1375.6421021437734,405.4606275958929,2254.9687916649605,894.4819946289062,3369.9125986183076,350.05693603763416,642.2430486946972,353.71213577342,170.47413778082932,335.4837348706741,1411.7938653974722,931.895670290329,1126.0248303126998,2048.329486043906,274.9289733123112,994.4676699952411,1628.9565003342107,187.0867888151492,748.7659774716427,327.3916693020864,167.10546962305844,807.4064840975334,610.4591954035016,205.64476196566312,539.246000994104,655.7180883774053,1051.7491896326846,744.9376777734175,1304.5713954549728,1262.4665937485158,123.15313972820798,857.5654653292919,148.0469914068766,131.13007127806554,851.1112358769843,557.0597534179688
83,1022,451,188,17434.451171875,9075.142578125,3500.1845703125,7973.592243755326,6772.952805623955,4107.3310546875,35.50678634643555,301.10015708529943,302.8302001953125,1123.734477751028,404.30462646484375,231.8107353393505,90.06388092041016,2885.4392686358938,168.95829318370522,1204.2983214679577,110.48947544276608,465.32123361413534,1499.304475449888,362.03209225064256,2111.36405837578,482.4102783203125,3413.7468503474483,114.54371085983435,598.4942202748192,307.4329886394814,139.2354188044993,474.1444146597663,1272.3161486020722,1103.702346320652,1446.4940384733954,2245.543741204421,147.22972535794594,1135.6377608132761,2117.077373932125,80.31139644731002,845.7930195053797,517.6939871132124,58.61339937892101,707.1564744535128,923.355200588304,161.20074521925133,978.2582658443678,836.3178445169963,1134.032923901621,885.9906007224886,1386.9699782420732,1523.5377756513062,156.24714305975516,764.3818224820526,88.14150077886767,201.543638207767,928.9691483280977,411.7209777832031
84,719,482,192,13812.4072265625,8163.69140625,1100.1669921875,4579.3177176799145,4312.140083423856,2343.3681640625,321.21612548828125,411.32153379822654,76.69461059570312,997.1465072968342,826.654541015625,601.325209073178,331.2519226074219,1924.0683831918195,291.7975852262786,584.7345303121629,130.2310169687453,611.512283225598,1120.828396311964,608.0835641346922,1995.7285112002203,431.63543701171875,2825.6530969260325,293.46877567154775,640.9145846333679,767.6601160050114,232.25081311420703,321.2659154379309,1272.2421032131942,851.4730423494593,1113.7685102040682,1776.1126705111917,453.7466622521323,969.7909132907118,1470.9883381559353,208.5909356816841,700.0458890658011,454.5408431062317,206.2227542043007,626.9348522809655,614.0419483913654,243.83034307753474,532.357430987035,601.2799872922557,435.3709614024714,695.7261658382579,1142.5994034303824,1193.814586524793,283.8846067188548,659.5479549097137,167.85971249595966,266.14716860015216,272.71124392068236,256.7731628417969
85,1193,476,30,20889.5859375,11207.2109375,3145.65625,6982.585697463807,6940.248561013908,3753.446533203125,466.7716064453125,739.7177888929423,293.3167419433594,1581.5811831955164,892.3839111328125,838.955804298918,732.363037109375,3437.560617891827,152.93467177088448,2078.313131067853,115.44458694660291,1784.0457686464988,1964.595929909648,1045.0443527004177,3803.480370840013,693.849609375,4974.812039334133,67.10467727462618,943.4588518410313,396.34786373646864,370.4226120110059,376.78460731075575,2321.3955244302583,1391.9091405090646,1904.6740179108024,3033.0972017626464,198.85625939690246,1692.3752265779121,2635.56971338119,394.4296705115915,961.0375503706193,647.3522330018037,301.0335299475417,1251.7692276761618,903.7950330016076,276.75266049796437,650.5515469959392,828.8660895362966,1919.5982149167364,1077.800364087751,1949.5183766635641,2001.8635886005825,258.2091865104435,1161.8007258893558,216.17264253774394,290.3742160081366,1341.284700601494,225.45091247558594
86,1350,499,48,24895.888671875,13009.78125,4588.0810546875,9993.052192246694,9088.115025981615,5140.490234375,110.07726287841797,653.3253140038922,118.84941864013672,1125.637804692067,698.2421264648438,526.2401067509111,596.8696899414062,4119.74827578572,185.23618399970613,967.6370305167123,167.31124973246688,1307.6135470348047,2194.5893627375544,723.3471420747682,4046.661407734689,866.385986328125,5656.276903881805,143.81045039583148,922.2114844754902,567.4384783053617,173.89401953320365,638.5878576628284,2431.9332157146105,1517.096365632188,1643.4012925478385,3445.506771382018,445.3194467154374,1822.8003591377924,3011.853214082852,264.06419746386223,1320.0275375168658,503.5293730490727,154.96069819100381,1376.5648728633776,1123.09718114669,246.25127907544507,1059.7233513309172,1045.7513027916002,1378.058086361936,1185.3875085463487,2249.7146862291356,2465.1593684989884,373.27719043187915,1599.4675420964572,270.7778104020425,343.853038015069,774.500557121753,461.4563293457031
87,1184,516,111,22286.533203125,11716.5185546875,3784.75927734375,7618.9186676464615,7406.218011191181,4412.09423828125,287.41143798828125,203.91766539612055,35.60668182373047,593.4648763212649,897.3243408203125,370.11952472951504,546.1976318359375,3120.399436293942,184.6256180839504,749.8294150299865,172.0605275733468,1396.1827768933063,2150.5274412558842,1211.5575010561622,3793.2323107258026,691.4337158203125,5170.392987578256,185.9841744164719,765.2708118414454,164.28877970337436,338.77076239115075,774.8658505905562,2354.3413883841486,1568.1422892235114,1688.6967062846131,3255.274328907189,145.50456907967796,1884.7542480022419,2780.483382183813,190.2549753491059,1349.6404849252576,362.70020228100924,93.89284372032189,1130.895410472234,1125.8631424299208,205.99068906500986,877.0351381058076,1098.9595340605597,1047.9749978881316,1247.117615312507,2078.7170118980735,2243.717297361691,190.4012950626295,1244.083671324733,203.278278661065,359.1003280320493,825.8525199696736,364.3945007324219
88,1249,524,50,23877.044921875,12508.71484375,3951.15576171875,8974.206823914117,8536.857388499348,4341.1181640625,425.800048828125,845.8322425496262,30.286718368530273,713.7262204425675,1096.864990234375,490.87374638514194,604.302978515625,3457.942616099712,234.59636707399366,1031.9228960774587,229.33181636439727,1263.7539963366823,2333.8156897492827,1250.9278474100267,4055.435075804718,740.7027587890625,5864.042683737401,156.8913790495695,885.3722285067408,306.6307883020135,322.90786121423633,714.0919761476684,2583.675539622602,1625.4565181221324,1816.9664390111957,3558.9388067404416,299.8763331235338,1840.3610167190411,2626.8333212091984,218.5491951503234,1313.3950815402025,469.87696260281814,207.93303185853165,1446.2424219675904,1112.1893977043164,264.9694753223605,801.5256544503472,1090.417139057318,1212.0239210434322,1247.3486117386553,2272.928293959428,2283.3626020442603,302.7834800212924,1418.839857031098,210.44450096087792,320.1863922542578,813.4174498097368,323.574951171875
89,1133,525,70,19907.64453125,11002.419921875,2526.4423828125,6931.730751651064,6624.691162216601,3437.765625,454.6579284667969,229.06018019375406,3.379748821258545,464.6335888116598,1107.60546875,308.54095961673244,394.5296936035156,3117.110024071883,152.41698597663427,519.494714753873,193.2997030841547,1341.8529574982713,1716.3873935097922,687.0312142541411,2952.4899343046404,582.337158203125,4401.221166770206,66.68880930113596,811.2609996148899,142.13342362020916,189.82177858597126,657.0857171267522,1863.799730834497,1252.9308150174932,1153.9143259305786,2739.2776010710827,181.31630131762446,1501.8537171654245,2207.0429128596593,93.01386463332457,954.3184382869083,520.1650930981841,94.1156668186842,897.3324130023184,888.7326647802872,252.740583218663,738.3702229823624,810.2385428935894,543.7153077316827,971.9852911562226,1712.092854065184,1810.048728630936,248.65692551582092,1042.3458007921088,225.30111885626627,471.51337609258013,448.4583253516014,322.24462890625
90,1080,527,157,20243.9296875,10353.5322265625,3639.72705078125,7135.816213795814,7006.1537443865045,3795.3828125,260.97906494140625,290.0984357885078,81.8890380859375,592.9963756231506,740.1251220703125,97.10316640428468,578.4640502929688,3089.0830616277985,44.17013922416343,494.2177924090614,249.53522888316886,1411.2893598974774,1859.7142201028564,960.6395128126917,3588.303303776106,673.0638427734375,4903.009902743309,64.61514729064689,875.6735294553682,232.55358014904476,260.62064564451407,570.5860556963722,2260.1815603566256,1431.6660015881705,1477.847019194314,3089.01586667093,383.97175540070964,1594.8711848827454,2558.8021240128164,160.5008883477996,975.7824996122006,456.5296984887217,105.07591067463441,1033.0690428014548,964.3020752629719,128.1132618286642,868.5174460468204,797.5686466233344,901.905295361376,1134.7316677111223,2071.309294208635,2088.3130504860187,211.81594384121897,1197.188257934614,155.38970521129184,222.66214317929962,599.8630009198071,305.3046569824219
91,880,568,59,16853.392578125,9655.3193359375,1793.90771484375,5450.706839285943,5207.974159083127,2982.387939453125,882.5657958984375,145.5560095613184,497.43328857421875,716.1690789983116,1260.089599609375,488.6822442294797,546.5792236328125,2355.4301378224127,406.1401033795543,695.3168979404619,474.0240007072203,1176.1161727380531,1400.1848586953033,864.0648100873591,2733.4677234393466,366.378173828125,3538.218676715902,272.0127596879333,834.3313546967809,305.5077613872494,628.1534511538923,938.7033620151844,1608.22686518722,1009.8211656076357,1099.2646257701629,2191.135873249045,237.53079831051872,1437.7714844930642,2244.013993224992,380.71052818080796,742.5567081434402,533.5444939030168,189.42932497736487,881.6459873010774,826.2416071720684,188.34665246943752,642.2584219199367,706.4431927454627,820.8711269572985,781.2613355446273,1391.1321427513979,1617.4598007414193,200.84102504762993,862.4481148466637,163.39679753333888,483.92101611696546,432.3907770637846,49.85772705078125
92,786,555,228,14479.4384765625,8167.74609375,1938.322998046875,5163.999491460237,4644.19818540193,3152.364013671875,91.14852905273438,551.0704933428478,138.5740966796875,1217.5124167306399,730.7591552734375,488.30328976639044,177.26846313476562,2267.1007621291014,127.97167326577856,974.3240739569845,309.2495908908379,1515.9873591047633,1187.1553701100324,344.7574271446564,2456.4617111451025,379.5857849121094,3055.3249657982324,209.50619729277454,716.225357036009,560.8482509828367,117.9371173481094,259.593316022144,1542.2013736491076,928.2888331215522,898.3697998045944,1917.5502142481157,539.5868833346195,1195.5130339858551,1783.4388924311838,125.40557444461,613.313774647778,455.87042906076886,159.38975121566003,769.1811006196064,674.049857729315,175.0153369022387,365.28001073533864,549.8451687666153,885.2636157695846,796.5934549487486,1305.4645934753948,1392.4403040625577,191.94337400352438,722.6066374058181,171.73357573046133,254.50406999803099,525.9509157151515,271.86090087890625
93,1016,546,200,18401.58984375,9491.83984375,3411.69970703125,6317.010092698753,6267.471491292345,3654.01025390625,134.9861297607422,429.1462144235011,90.62551879882812,1032.3791171988255,656.4908447265625,593.7495707754417,413.3538818359375,2919.2973103368254,140.93913348497168,1350.811997721143,258.4872929455854,1529.9456511842282,1422.1884651455161,1080.4940323168298,3201.537871933683,528.4591064453125,4375.693846542466,87.40445450791768,774.4762693594334,174.47433125396157,414.10989524760646,584.9317527149516,1944.768855854158,1077.3803701510553,1617.9826434236727,2654.2610257977117,200.6770579034587,1620.2021776309634,2266.5326651362384,313.7053266596339,987.4871222495439,493.9275510335528,128.92526518349342,990.9699853809893,909.0575674190072,149.38045285197222,647.9958641160024,852.5568478349171,1368.2332477672453,825.4871166381795,1802.847438784215,1950.4505719096499,176.64837822277087,1185.3515497464136,144.2136909077208,207.71182326219355,959.4563407288034,218.723876953125
94,1227,567,152,22990.515625,11949.755859375,4007.44140625,8301.95183059267,8033.645382035487,4392.45556640625,145.5271759033203,408.5219205144172,153.42730712890625,1601.0650696003897,867.0809936523438,353.48737525999644,520.9756469726562,3623.0294923203733,182.96178656150025,1536.8464423413607,105.07087548754508,1561.593036471413,2081.194554122169,1051.458140090844,3759.5669002017503,754.39892578125,5490.6321346006425,98.11080194549892,856.7153954483018,359.4365989119906,339.81929751958324,589.926069247131,2383.4406865482347,1508.4568555091585,1786.3533414094643,3384.2659725462,163.6896293511865,1900.2456029697396,2613.4032902029076,302.0249481842699,1172.753834140611,556.9017412342872,113.61930836334987,1209.3228205605753,1068.691002239508,172.6435809297103,897.6412955812036,1021.218124179998,1470.9329446182483,1157.6793286267002,2156.757286638491,2176.836715258151,171.90685660424268,1341.8202754870285,170.7086619662911,158.03071088563894,1127.1638637550318,397.6937255859375
95,968,575,119,16925.3046875,9402.7421875,2084.291015625,6076.230088862109,5644.487630137082,2937.01025390625,549.0931396484375,301.72273389748847,126.39493560791016,1051.9769818483257,1059.5152587890625,142.19163644356092,375.5868225097656,2163.8361587807117,179.37264787456076,1000.5464241966324,170.00101371155475,637.3833606845077,1451.0032491079037,757.5712572714993,2526.1154657784246,484.7218933105469,3713.9510843931007,122.26498449952317,586.800483159473,206.99462982625212,257.99565155806766,656.4185579898754,1600.8143664262946,1078.8834713906738,1127.4319967273452,2322.483767595987,180.06357018583654,1237.9463394907689,1895.1670519479917,78.37327320741345,848.6701706965312,329.0565205440631,82.56343680554124,766.5757649879215,722.886497829041,94.34474429142152,617.7830811258538,733.651633210012,746.7402200442152,826.9877235406959,1475.920678255105,1520.1615321968186,172.30725907944137,888.1898629189636,100.47357898000693,354.0529999104492,629.3058806217805,235.13816833496094
96,1309,566,111,25026.89453125,13217.7890625,4429.25,8635.36260999163,8324.120500646133,5383.93798828125,28.11589813232422,493.980801454889,247.70193481445312,563.6704966063907,950.0108032226562,131.28830370570049,513.95654296875,3836.647818994631,295.1507356578382,251.26559236756125,98.14772629097223,1612.0421688378844,2100.841941828058,1177.7035432091661,3911.3920982621544,800.0078125,5521.426671411499,248.0305803911129,720.6773947023661,472.8415048942804,413.5303424303812,579.3636352985422,2432.873239031876,1570.4112593541165,1983.4413862755348,3466.5610002658404,335.230332509689,2226.1232847789256,2833.1014732399562,364.92447887952034,1349.4100222972722,583.936448681713,111.24704516139407,1083.7625295572052,1164.7086311479093,287.41676235924945,931.9587444959212,1162.459379501571,784.78925556447,1215.3689390828715,2219.3692962274226,2505.471356460219,307.12228795500965,1364.9253354865461,167.91164967056707,352.6190336666744,459.7941964096837,440.7684326171875
97,1254,618,70,25076.986328125,13262.0224609375,4107.64404296875,8369.702219295117,8234.479447748981,4903.54150390625,274.197509765625,515.8931365966863,19.18326759338379,2010.7645139888639,1104.49609375,713.8238211242501,695.37353515625,3567.946291300288,180.0141247060582,1749.269948815074,134.30158105175198,1905.341095123431,2334.6752177592957,1441.8737137049045,4484.695345242676,806.9703979492188,5974.028659928007,156.79981464480116,1236.6246206169228,663.3906177243789,446.20274764261825,795.1725560963979,2707.236632744985,1706.006120281918,1854.7702002872584,3689.3055886112334,251.78618070126123,1957.8442788087837,3354.278176103859,272.6610032357168,1371.3042820448277,506.1260250465564,162.70460818761018,1461.5410786102464,1131.8149360210673,112.01215239233056,877.7411608477931,1167.4517616028522,1836.3551871868876,1378.272572620165,2433.7085424736233,2545.9244094394594,340.94604595947305,1501.1834337409787,299.110496913578,286.05052202118185,1088.310384878987,365.4491882324219
98,1094,614,184,22532.9921875,11613.5908203125,4400.8154296875,7339.100984868798,7343.878241903901,5037.435546875,246.99496459960938,729.1111785725709,264.49664306640625,1408.213744003094,478.76495361328125,382.63198490677223,511.6028747558594,3724.1857683048297,250.8048167521847,1163.9902489782025,197.77364103795222,1946.5369324933001,2154.4460646030757,1071.4091577319134,4117.320072509966,766.61474609375,5223.094607944313,200.77571060997494,1145.8621869201015,731.0708216664585,322.0019707341674,538.1764537109951,2588.9776067259486,1595.9748890656651,1955.118199778621,3292.5206196624463,352.78773332969456,2044.2398709539834,2992.762926634188,212.76781874502373,1111.2990848718784,652.6616656701274,168.88711165044168,1145.0563442807893,1025.3691976403022,168.6924712930839,842.1158730112024,1059.1135227046764,1005.2684797369378,1313.6812975706216,2272.4344518560733,2340.8428056494213,282.64723884333586,1255.4764941874969,115.36266822834011,225.58262294407933,607.6168136526264,414.97772216796875
99,797,636,64,16271.568359375,9470.56640625,1730.69091796875,5769.9418026493895,5141.936190235167,3153.338623046875,499.5054016113281,317.6605511447918,185.78817749023438,1293.4370282437771,1043.7684326171875,480.0686253215275,487.3302001953125,1800.597251870336,214.89611596829698,1109.8896717460393,256.6061654039073,737.0060775810916,1239.3356012435977,891.4464497189118,2413.259082817285,544.1202392578125,3188.1758408217306,38.6137681789576,1081.5638912946,492.8074053939621,316.83681743528905,717.9088667773276,1375.0199008392588,883.2071008074663,1068.865531666754,1973.6969152050303,105.12967620708937,1283.6697828433446,2258.0830324118715,150.63716931892034,829.3235654464868,453.4877501882896,204.32190701728513,760.0535930746079,692.4602847609906,224.23253156909198,622.8876390512329,648.3766311420032,868.5463815324727,663.8836255408459,1233.3190740334333,1514.9304885627528,244.04062248269383,775.6204993520236,256.7850661097273,436.3600678300203,520.8342531916918,188.40988159179688
100,772,629,122,14025.830078125,8091.1025390625,1226.2755126953125,5059.506354259123,4668.851499392146,2060.621337890625,733.0303955078125,154.09891492802984,301.4245910644531,565.8119700569132,1050.1064453125,114.94341153496929,346.17626953125,1826.5742998135786,102.35440900252452,601.0825003124792,93.70516593822028,471.6596678442954,1152.2604219847742,641.0251308395689,1918.825804797882,292.75335693359375,2980.8157776141397,84.43175147662397,442.5908234117364,41.926607793196084,330.075286375456,595.3527561417548,1216.285148532466,831.3085384820687,975.8580422751105,1844.1529680151582,65.82499748526193,1036.9108870815573,1427.7565461784407,202.46627888273605,645.2537126912611,360.96326518329676,111.6294393159779,617.8149176686173,591.8408512831355,96.62753180379146,515.9299393584708,555.1559207347216,639.1116094294977,652.9431711096206,1150.4759948701408,1223.113631571172,117.94079786016867,749.801994303345,111.90941779750926,299.80152373888035,507.7343572539288,44.60757827758789
101,1059,664,79,22112.634765625,11030.9267578125,4894.9609375,9606.621811119354,8700.810477447192,4852.49072265625,53.32423782348633,1239.1146994149162,411.11175537109375,2947.944952353122,536.3756103515625,668.7148548553816,186.2088623046875,4593.146539894326,117.30388326771003,2354.7373353125745,226.61024245768837,1389.3694473827707,1998.5198791602047,304.99570284647416,3630.867483888473,641.8065185546875,5211.032242100885,114.63274716589677,1059.4857228060355,353.46738416535635,195.56645842310346,491.6030802379476,2114.547418862241,1319.1290697672941,1826.515550064882,3094.1639031982927,167.8246481213191,1554.3048504013946,2652.133232009723,110.07385140077263,1054.0564616670163,779.5544662251989,148.70616051256619,1574.9281199281704,1070.4889746403444,198.27204353827486,898.1473531106641,970.6963480993952,1680.118800965628,1046.1047419561316,1906.4618899994057,2017.379082826217,303.6039133496762,1438.6378709205744,178.87520195499533,225.7165702334391,980.012737150049,415.74169921875
102,1086,628,142,21671.171875,11437.4140625,3538.37255859375,7711.188374085728,7431.599291082236,4090.91162109375,402.072021484375,751.3718157477888,67.87261962890625,767.530599243721,1027.84033203125,370.5485583713297,565.7338256835938,3299.111589455483,54.42464056269308,983.3879859451124,150.25447232389453,1329.0057879021736,1874.367929759667,849.4207962670505,3467.48522766881,691.2634887695312,4978.895557406244,82.79706383920568,849.1217952106205,303.88119911462576,318.52013950809584,740.8500436490743,2177.563957428992,1403.920780178363,1450.601310876566,3118.8538240882845,209.9676797894604,1631.7392174976007,2583.989408823471,178.4810897172714,1170.4925100310547,397.12022374497695,126.31653544993978,1010.9669834446195,1010.9444280046737,137.29167314188857,862.482985675127,994.7928476088638,813.155132712858,1128.3142280982443,2065.3330528461966,2120.1749568882683,174.66391724242652,1272.7129804891879,107.4266609391796,358.723207949123,635.9582514324233,299.4840087890625
103,1324,668,61,26902.015625,14026.591796875,4733.65478515625,8937.484689296873,8945.129428008277,5257.58984375,216.78182983398438,370.93717829523445,177.0885009765625,1865.7446975597543,1103.586669921875,671.8063432352546,649.2694091796875,4188.406631938021,275.51244762490376,1871.5526833281926,269.9028334584462,2298.6327056054656,2548.3319878623583,1609.8124095170788,4912.40257503087,965.89990234375,6575.9036020644035,148.70913879422696,1768.948317224124,679.2738341392496,343.82285458453373,853.4546682599996,2914.4143659302786,1764.8957554244942,2204.726661033759,3965.2613775326004,252.9745981825401,2144.960191799745,3881.205154368249,235.11528236045407,1349.7785204850597,692.6832279352313,195.6259906179852,1773.978651256331,1323.1746754475241,310.78021769273505,1095.7882722634354,1143.8133198269777,948.5575662834976,1317.429251792707,2523.4908601842776,2614.577130383131,289.8189254692029,1629.322972036513,200.70624656671745,325.1932236934967,441.7214681249003,498.61004638671875
104,1247,666,140,27310.578125,13074.1650390625,6712.32373046875,12081.448761719847,10892.744315399099,6490.076171875,145.8300323486328,359.2757660690175,508.697998046875,1067.7724002414961,613.25830078125,210.0169220574678,213.90164184570312,4833.214537279901,82.40764019465016,1375.3599922381056,49.09107919739127,960.4131138563204,2871.689833505415,680.1288948895733,3662.909833427299,696.734375,6254.324228155579,55.974574276369225,957.3156558166627,211.57190548570523,121.04268787600864,645.0306309786432,2357.053780465362,2018.0422517638838,2352.6435563122127,4042.856445799055,136.51270644006706,1978.4085576159912,3255.4219719157945,56.446842378790734,1293.8698508510806,832.3618255979818,91.35899260410086,1147.2334869402107,1422.7944753871013,143.9485785886306,1454.3581284715583,1154.6223711927787,1656.893070814359,1617.3906795074176,2467.4890403132927,2529.6923189484846,219.6097867982899,1391.1126616045158,217.522405860143,196.63304572010315,1364.5259590098012,447.55914306640625
105,1381,20,43,12286.109375,7471.4765625,886.7643432617188,5104.072330472583,4237.162233265617,2121.52978515625,229.07232666015625,2222.0079537361016,8.639116287231445,5808.37918617005,575.9951171875,505.59382853672145,304.80084228515625,1538.4556276663725,247.08308732562008,4980.640472412523,232.1208889585869,822.1729061643605,786.0885660635159,963.2988099701892,1675.4754831782298,535.1284790039062,2212.623264932945,50.15095161108225,1028.8794388900449,909.2548329093512,318.8402778084549,465.9341273457173,997.9944521470376,512.6848894653294,1279.5603211324885,1327.515916516716,754.0910526606618,1392.6267104618084,1260.796865873302,279.32969427805625,710.7471215901141,535.3915437728525,139.483008191143,1147.3690272415513,664.9934286325987,286.31144425691014,463.8580553619755,751.8602367143362,4159.724734715641,495.25764257663076,1011.39541161908,1520.52801312196,291.0656608904265,776.9369394928093,369.4033248453978,408.5680569454403,3012.497320711462,425.4932861328125
106,1399,16,125,11372.443359375,6725.373046875,845.2351684570312,4797.712370942924,3998.520459438878,1632.810791015625,339.1992492675781,1963.4283452409272,55.83844757080078,5323.178515469788,559.2305908203125,142.2813571580132,206.5303192138672,1252.6090888930219,86.71730295171216,4656.580027796667,51.34148608681928,1034.8903488151864,694.7132099889324,855.4004582610105,1550.4934914733274,330.48974609375,2091.807877659278,149.4453414534771,646.3743167375628,328.6405654975255,147.4763720691785,366.2624193061473,938.7928793003692,549.9803288617694,1020.1704465392066,1337.6321590371685,303.0665223421007,1193.4526672816792,1289.572274675871,72.88287443361328,420.4860064828642,539.741088499126,140.99772465859022,791.1005372373727,736.168810670703,148.78421921227923,558.0535356890365,463.54829399366025,4420.774852315862,555.3139065984127,1048.7752237257694,1397.8092997458657,252.29811424638308,846.0881242197023,366.9274996442596,107.90291009198415,3131.4141178007094,210.3334503173828
107,1508,3,79,10583.2890625,5489.1640625,1831.44921875,4306.42822850294,3979.688595456154,1862.19189453125,212.2357635498047,2238.236346628295,30.378307342529297,6247.720018657521,394.3790283203125,469.9139005016205,276.81732177734375,1565.635434054768,342.3780251367486,5528.315549923855,257.4656945863944,582.0629491413235,1022.4768391183086,701.8953196787337,2175.156994857187,362.4244384765625,2654.869091266015,56.23244258639216,340.7619738893543,210.79051064927987,146.2109203228511,354.3009354201547,1352.5893889262786,691.2559602858405,950.9830187199087,1587.6251267768616,80.8128614772455,1068.3918193273737,1224.4789462713243,77.84446151153163,421.7316380636694,451.78322016765725,285.47151076490815,757.353049354185,589.2293677846907,475.22772542024757,485.2499662329417,368.8893325841837,5789.7956047454345,564.4835633293095,1089.2086015255582,1181.0149679011254,862.1605504812163,768.7761324599733,309.4168846962967,149.75876318064053,3953.5947065542273,181.55364990234375
108,1646,16,64,15139.970703125,8667.26953125,1727.2215576171875,7356.078103804471,5909.52032757808,2575.455078125,291.2432556152344,2368.97965081856,121.25007629394531,6516.397366900215,565.9989013671875,778.6644727725746,166.988037109375,2730.1283308427023,106.10610019276854,5823.966837504839,191.23006979341233,2025.4202292852856,881.5525538511341,1136.739769715626,2294.3439413611172,528.90625,2764.9714735979182,146.50896930222527,1133.4174792394813,588.2345739380212,209.77808556367572,186.56695082969227,1273.993284821967,602.8824803533931,1319.9596845789736,1699.397082644217,572.6103622346594,1544.7594220221565,1953.2608508765293,218.1550154309057,408.5576867256766,838.045715841164,182.28457960183894,1496.508850803406,1140.6941797272955,214.91144032274164,1089.2878146731584,514.6619161144114,6200.575909989499,664.6966964360277,1424.4245484119062,1921.4171705008769,410.55223946180155,1231.328932267667,509.0986266333843,256.8173970362636,4269.315260381082,494.8997497558594
109,1796,36,39,15044.1640625,9168.08203125,1346.173583984375,6479.0289304126645,5137.12908999288,2972.158203125,223.59783935546875,1150.6204663647952,66.06633758544922,4992.187995706244,525.01318359375,1418.2710519997804,428.6558837890625,2006.1944136356976,397.4402620469438,4646.753824041609,327.96335395890105,1625.0926720934501,986.5680149060634,703.466202294875,2377.4019154026873,675.9193725585938,2936.0531484807993,223.19655515637143,774.7732407173689,1536.7684304566455,354.51347199067476,551.1487825975419,1311.008362742397,608.1035238757494,1218.587054728814,1625.2340236169346,762.7414662262149,996.2319658825941,1795.6240708241812,271.0676763980829,960.7566119139451,406.15284908811395,313.06107414646567,1129.5035033379868,415.3888473312488,499.0623706098441,497.9450867962124,839.106923514444,4101.262282865956,399.46365684065955,1090.3515499111077,1039.0323586480292,419.1406127551048,729.6060453745878,247.21474857259417,494.3391883422711,2935.6537637274446,499.52630615234375
110,1899,47,56,11754.076171875,7395.26171875,297.4945068359375,4981.508401212549,4172.510937961424,1544.006591796875,769.4166259765625,484.71809690942337,285.9976806640625,2453.148233648728,1103.2159423828125,743.2619125141556,303.1986389160156,1661.227978599241,423.72830945919,2567.8498986271557,237.39327192838252,777.8955041063505,1008.5087498424305,251.52989208286073,1320.489174089547,292.7178955078125,2204.0718981902614,217.45410811905137,665.1985163591486,767.6808751533564,192.2486085574349,569.4824029042474,914.5479469304184,588.4713897020572,703.7595680284222,1311.8889811191846,432.35228070827486,592.8515804353593,897.7342976640241,106.05500345154314,621.7510781279227,348.87778085788955,157.86412962913735,572.5001291969544,524.1502777544908,416.5870348852188,412.24961988780086,482.75010443656095,1832.7992027499313,435.0566226806436,916.8503393351277,807.5122611453221,498.72366581605854,603.7825832055366,191.18481777512557,488.771776187942,1727.2354917051086,69.18295288085938
111,1926,75,138,11005.865234375,6689.8701171875,428.5728759765625,3562.609380152418,3352.1931788829447,1259.737060546875,498.8030090332031,541.3998228202466,367.67633056640625,1820.1695482658176,612.3580322265625,541.946497272632,488.118896484375,1632.532593419624,131.3941795446473,1776.1953390316266,155.35537357635852,947.4628080214693,755.1220284079234,969.3125183953047,1660.2068668317395,413.4433898925781,2228.9373350309083,120.82666848003248,600.1491403798337,504.2553518194347,201.73315948891891,249.00980572833745,996.6829889660456,574.8383638688001,1123.5407445232504,1366.6917779792045,366.3894177105474,694.1951097861051,1290.5708004244036,157.93199326077652,579.1710053682907,412.9249786923413,259.49268823924854,485.1903121718872,429.6107041809655,385.74441835617483,405.71678537949987,464.79064795215237,1461.0513938041515,451.6273681951074,923.41007582864,991.8684904458636,284.0329263619998,565.626101594016,257.71559942103113,335.5374136488401,1134.7947537821317,171.52096557617188
112,1556,65,103,23152.890625,12149.5322265625,4069.67578125,9269.897183203808,8605.950891006974,4469.857421875,510.9841613769531,260.9821330163203,74.41513061523438,2227.139931492369,1275.015625,1127.6920703733724,473.12738037109375,4173.5099641288825,347.87999845690433,2552.4868046120946,303.3650935325634,1593.2066942958884,2902.1446462311924,875.1581190273773,3907.3374612363004,683.0033569335938,6232.395495554983,125.368332415786,1600.5575041396105,801.6781662982526,227.18298132266523,566.3043377256663,2238.2834882452175,1648.716923323817,1767.8847748009805,3478.753735669672,247.39009002287077,1828.842318356787,3188.477821831607,213.41903284844528,906.0532770004478,926.8467327088429,316.3422378638422,2419.9834289663686,1309.24453553268,214.668346823447,927.3434693808586,894.5460152573738,1854.84827674175,1367.6290696535011,2132.254944481094,2111.530445510584,304.36793368637694,1652.0155865605284,327.92938548714153,267.99259579262144,1722.6127850686473,284.0040283203125
113,1822,71,116,18133.85546875,9910.927734375,2646.891357421875,6520.14923591358,6174.897591714279,3447.894287109375,226.0284423828125,696.786075685255,130.49818420410156,2593.969289641936,898.3663330078125,789.6649012634233,395.81695556640625,2777.8686060483346,440.0156735650501,2548.02008452476,352.3601063083494,1147.3706907871901,1535.5191671761736,805.2271139884806,2999.888006310002,621.857666015625,4300.899076774615,264.01112414023896,739.4664807437244,650.7604378985275,302.60326986857496,436.1414168879142,1836.4938793420963,1071.8693367203634,1450.5220008820802,2530.8089656964426,393.72731123466554,1560.544526163177,2020.106205325524,292.7795891828664,882.5745941782611,533.2095703624187,260.8506448986244,1150.2201981074663,861.7038280737604,431.009255817106,583.2994141988484,860.9949859367126,2390.27455887999,896.0002102010062,1711.9025457564333,1843.5892582749318,328.48761891609155,1202.7786158871852,177.58798783400132,159.82624025085974,1807.452370248474,349.1353759765625
114,1738,74,102,24232.3046875,12271.84375,5458.1640625,9405.909523433074,8649.444597617925,6101.265625,489.0537414550781,890.3065829043223,560.8674926757812,1324.4861525820143,243.6171875,215.10381462858732,261.7818603515625,4246.0774651314105,57.77872480349851,1366.4171600213958,175.99045735249715,1453.1219473109438,2208.2128504795523,813.5341762736971,3760.710939777524,754.3892822265625,5151.816367451626,107.05412198316715,1470.826751411771,346.343162084278,278.16296715406435,632.6704961581958,2216.64645643367,1570.5536434578964,2103.1515659411607,3268.2204004017076,174.72961705483826,2033.0567644571668,3319.0550307536823,181.80204869459564,1201.3376513878793,810.7541136943424,183.5187644251194,1213.184809215806,1364.3767544056566,87.9650666173034,1146.2340375517367,1176.6675040547423,1692.833050942967,1299.833284262322,2114.3624619025786,2546.7551237280372,279.6267559100067,1209.0846686695154,120.53430491278851,278.78851462523255,1387.3153736695394,545.6946411132812
115,1743,79,51,21474.65234375,11153.375,3836.27978515625,6935.027138129348,7048.75582916671,4371.01953125,203.71255493164062,459.767575816972,95.70026397705078,1837.58954433283,927.8575439453125,564.8707584474207,419.7908935546875,3280.096108538033,238.1258770011532,1670.4887273693157,134.89137909822617,1974.9718394017345,2198.974497360395,1095.3981565361216,4147.691271752288,612.8197631835938,5175.371810142391,172.18322459331344,1491.8721667236466,707.113247271205,279.73343861578843,552.4765852276499,2519.8382557954233,1569.7946053924409,1704.319674007035,3218.8202640628165,361.1302995950402,1658.05333357238,3189.0652391157355,251.22628441144875,1125.2956914093622,462.74353287227603,133.07236494923106,1243.2097150778286,1047.8261838249587,210.86014075563017,780.8972470313705,906.8845791899807,1582.815562713627,1238.4412011559482,2164.6789052441673,2246.3743517168314,266.8002378009479,1221.9124044749146,151.3943776851763,163.55382162322917,962.8629406415785,342.422119140625
116,1363,102,48,20588.2109375,10966.076171875,3398.502197265625,6907.789623368561,6728.836076860736,4080.134521484375,272.52838134765625,625.8039849416467,12.781843185424805,870.0519226462129,739.9843139648438,564.5903487650396,415.7406005859375,3289.338698992178,439.45432487280283,1199.131185852802,326.6022067441978,1739.8108547126517,2078.622915685017,943.8133192396732,3797.813277228864,503.66986083984375,4999.980011071726,299.3541898620405,928.5612860005361,546.7307325612206,425.7182655134176,717.5256298757525,2287.2598639593134,1423.7975095967429,1739.6256982530176,2998.8824300268598,185.79659961839775,1874.4576780176146,2693.8608604586493,236.47062126824,1034.6832106893912,614.4686430225385,288.77914905095565,1587.977942715879,988.5462581965037,435.30648745875783,695.143058959579,966.2643621007387,2666.0947507562655,1130.1860502256075,1929.8944493973597,1893.491703707426,305.3492426127196,1197.0455222014396,286.3006952469012,352.1186027471809,1803.0232396776523,174.06997680664062
117,1541,131,84,24133.998046875,13176.576171875,4154.6123046875,8977.587782118242,8083.452806262888,5806.15869140625,31.779029846191406,311.066789165912,331.29583740234375,1292.6503657867133,874.190673828125,473.91823479409624,247.92172241210938,4350.623310679135,169.3669596502714,1496.5224072080066,148.46996652422817,2133.031353497451,1893.3459082671125,558.0020507711861,3572.41636790464,542.338134765625,4891.698232406028,128.9451030993673,1275.237153933097,339.5276203110964,171.37299921294496,397.3646870956691,2119.3344272498102,1362.1151757672972,1546.6845486801842,3029.4839997280355,165.89593072374876,1818.2525130892043,3036.0864292679216,158.4242710412219,963.0045082566385,787.9962456397919,248.7858376310587,1265.4138458746975,920.950470035817,261.7052615694921,897.4623104537413,976.0610211013735,1503.2952858674093,1067.0168451304978,1962.743202575648,2152.195052367899,314.96537822374023,1233.605459714168,161.1902662452924,247.33202950888003,863.1870268518213,351.21368408203125
118,1810,121,234,13691.1396484375,8086.84716796875,1134.8016357421875,4516.071505980368,4226.14919817285,2321.336669921875,171.6516876220703,1385.142895627386,90.41586303710938,2813.8559176051317,626.5062255859375,665.6423697193145,482.7159423828125,1616.0405761051748,243.41484583436792,2547.9340505510268,261.5795464460448,890.0850963711736,1167.672564306326,856.2341895397502,2044.625541666731,587.173828125,2786.5958350464516,146.32803846402444,623.1003962418699,1049.328376319942,287.45872870069394,301.9531579844816,1259.9180031983108,828.6651832248119,1292.268183067674,1734.8272610744957,791.0760694911328,1220.5283131567585,1545.3545328993218,320.5217433883621,598.7445735177316,568.5098895295151,173.27444980964114,596.8466268851946,563.4403870054681,257.2445709873566,522.9851053060562,615.5566086481749,1647.1196926707087,652.4946965615483,1140.8712520450504,1300.8975536231128,295.80393095533174,690.9975858410177,205.07270145641732,281.60498582159784,1279.8367484412902,360.07281494140625
119,1664,116,83,24260.171875,12674.2373046875,4509.7294921875,7328.754262690635,7530.51466091241,5391.1484375,191.42111206054688,146.21443210735407,331.60394287109375,823.6431158464153,780.6422119140625,261.4409297986463,541.8546752929688,3820.510863950486,181.21058056662804,752.4436947206808,181.79745192480348,2780.5465661551175,2042.7978211843636,1343.8997171456595,4433.073215729904,814.6693115234375,5508.750714500716,181.3115533063885,1100.006559287254,271.9275444840787,379.62328345340865,592.5731201002163,2650.9056741906406,1568.2880068357283,2197.947848797738,3443.98131466572,163.54407330960916,2206.0652212965824,3298.2105231924747,283.5134360049136,1381.8581522520367,599.5633432710749,256.1738403108943,1208.2349227857028,1085.764308248442,250.93305228924126,979.4658644222375,1260.435530647397,864.3648417930484,1224.9756130116239,2289.635379700147,2521.142218338355,313.6772147374923,1281.2132779071976,323.19330054218506,239.80235964643964,476.09142189949443,401.94140625
120,1432,144,69,21909.76953125,11126.505859375,3930.97705078125,8096.402149801371,7897.359613255637,3847.06103515625,373.8862609863281,328.60639508369576,31.730575561523438,921.0074856266798,965.587158203125,409.4927735438479,629.078857421875,3286.5976615468403,323.814958638454,892.8796407378006,264.17362366511117,1431.3477826745775,2094.3087399175356,1132.6509629918717,3835.043968152769,782.9774780273438,5530.673294045298,153.95595406573023,854.3507475816979,461.83604219451814,291.44848970525686,720.760791262791,2468.8179576032426,1516.5505374447823,1469.415638573322,3390.7041631187426,185.66637135832178,1631.26059377002,2460.5249892162756,219.23739088079222,1194.3434835814994,413.79692596756496,143.39004545761458,1286.4069763485652,1094.2962627579825,162.56049017508525,786.8355328551637,948.5081591805548,1841.8385862380765,1209.730526255547,2284.773071401153,2234.3715089008456,391.8279439396878,1444.3263628490708,225.5001876500559,468.3276200111257,1249.836542136467,356.9993591308594
121,1898,151,44,14690.1572265625,8108.1259765625,1781.3892822265625,5321.241686778333,4948.6497013321505,2396.875,515.223388671875,334.43994244551715,199.755126953125,1515.547098601052,928.1116333007812,444.5431747996645,360.67852783203125,1706.5342663380743,125.56430209605247,1505.1035590819763,286.2752226987393,545.5099945066898,1351.06340657658,791.8118711943749,2652.3409671974377,344.68841552734375,3497.7867619184776,85.2204212799034,620.5337783541988,355.4401297150603,347.5373784627893,646.5603076977521,1707.5214965046896,980.8300353006358,911.5708772180501,2147.4051701619596,218.86281310405707,1087.6113600830024,1644.6658706145215,146.99676893707974,853.2429454958457,342.86337494098416,156.58956783547617,888.4675003559371,668.5752172441428,158.15630001659054,487.0439959051008,703.4746032927876,1271.7843487006182,799.0555212604115,1534.4713143072263,1420.1677331701005,270.1533941471971,884.4856195683224,167.27099789281834,388.4282256795638,1011.8724053810344,149.72512817382812
122,1513,144,33,18582.94921875,10327.048828125,2177.995849609375,6302.891464628266,6108.954170981678,2987.892333984375,695.5704345703125,829.2124318214148,276.3489990234375,726.1848205593459,1166.8326416015625,249.38862505982306,516.1795043945312,2541.6783456912535,121.69794869800387,1130.7241131434182,40.60008056259432,1103.1842030437074,1609.5142334463978,1155.9981719062598,2888.581957338342,526.0391235351562,4136.983330463403,128.82484810611967,782.9378089087022,269.4995225105153,301.37173739091276,648.6931489066599,1805.7784922269484,1178.3981089837798,1565.2971734503574,2578.7786972827903,83.48308637683246,1538.9577054814936,2191.7483783078055,142.85537787251175,778.237502294223,589.992002484836,160.4033279779781,899.4744392113984,885.9649735971412,161.31898073088973,641.2116841839339,758.1155033570443,784.7254512144933,965.2539131035875,1692.6709979972222,1780.9184255265598,182.10823257338004,1091.0861539231873,117.62209613563819,223.6589334112506,633.1653314262943,212.0645751953125
123,2007,163,68,8974.845703125,5776.16162109375,87.18009948730469,2669.122349276255,2518.3868605575535,929.2607421875,674.4266357421875,345.6869330118744,414.8997497558594,823.4893317973073,827.7168579101562,305.819284545125,422.43389892578125,1782.1809608505948,124.31028295698755,955.7546814889953,177.30776316173595,1384.850511316243,571.9233214367806,616.6743214152118,1284.3932531721555,369.1102294921875,1702.4507691169156,194.76912866106554,504.65431502900793,151.73757265796357,316.49889780163653,422.25732951692873,764.3553299734484,432.5068687797625,630.5368120102447,1034.6455552935959,211.1243046662933,595.3349230105509,983.9807660543012,201.6218374473523,337.4605532628216,230.1829291303986,109.4978660459902,396.17174121873654,338.5481019111832,155.3418052358304,286.68199794956,310.23952822281876,926.7173331656785,337.7691224138177,703.3873578410735,772.342035440823,178.53658999693755,431.70264399496045,152.66234236811823,383.22026310983375,725.1298503582092,182.21377563476562
124,1635,177,46,21145.390625,10767.970703125,3545.30322265625,8072.887716271956,7809.015151632688,3285.72900390625,717.8001708984375,1157.1196596258949,158.44630432128906,1243.7527934317304,1205.2274169921875,689.5154315519867,521.1796264648438,3335.3284578202865,200.6352873169416,1944.9603249864979,146.77970957904685,1718.8086135576523,2416.264371398517,1177.0278500027407,3491.8194918308413,633.2971801757812,5453.632987991613,164.98095253757472,798.7510392842095,240.41583773445433,260.7014648472241,692.3327862618846,2248.029096599796,1597.3646567861822,1631.0740913133043,3334.6795169968104,152.19317346553484,1564.9813671046957,2392.4570749552927,193.32355538090152,1028.7868569713971,512.5838323009616,184.89951981615383,1330.183817958159,1052.8627009404859,182.9055425693777,783.942955989138,815.2782493193231,1318.7237164725889,1219.8420605243023,2089.759642189196,2009.6072859599958,350.93214176980536,1341.9702897156155,165.98194472819753,378.07310371589426,1050.7403090462008,296.4083251953125
125,1886,210,162,12306.755859375,7030.9921875,1211.213623046875,4442.381659807534,4087.8828213653755,1935.7421875,512.7540283203125,496.6623682640218,188.6670379638672,1704.0989552392907,837.75830078125,417.8177614760148,318.8038330078125,1456.3905470080617,72.24531937470859,1872.2317925975974,12.42566319951548,387.702153070556,1076.7763480691767,674.8378136670077,1882.7564083950392,338.16607666015625,2712.684875209108,56.19347778295109,448.8488534890447,296.8263952991635,204.52610901470422,427.50758675928876,1190.7746750082483,762.4713679073411,874.9524548140531,1664.29068500271,169.10591247655645,894.9314145883103,1324.081313840803,113.72483983489816,584.8189277788065,264.18917250617335,75.22993831034941,641.2045879293936,508.4639011247387,134.25519982516005,419.843495707008,479.4831994050137,1612.5538077493966,590.8369622194101,1064.9825025626262,1121.528964315707,135.32670313730173,674.4942156103009,122.22325109335655,190.58273164054287,1298.214882925708,141.79966735839844
126,1690,218,171,25168.056640625,13693.908203125,4269.14990234375,9238.405842226106,8500.64759073744,5891.0107421875,77.40044403076172,1016.0500137243607,436.8509216308594,1614.0497190336466,1138.792236328125,740.0398065232439,184.49488830566406,4289.097943599491,348.16866036564693,1154.0827168698447,201.16652562362023,1396.405113089362,2133.227153902702,632.9982245677471,3507.3942194759875,650.20361328125,5336.08151480815,286.4512625598237,889.4879227225008,793.3464889191761,193.94029440776947,444.0600348301922,2186.0248656753038,1508.5885648822255,1879.8733964935204,3272.813151765174,409.2343404170547,2027.2515017956218,2697.426341815526,135.03815689104738,1169.7757646898528,766.8978819484722,225.8441657452054,1301.0182522099476,1123.6212538785855,335.4474562735576,973.5360882793738,1093.3156321945546,1383.8689921447217,1171.6068938766102,2003.1724851259733,2094.8922942607905,477.79558703848073,1251.9541702610504,227.29954330047346,243.2613669199962,844.6053298361026,417.76776123046875
127,1617,214,82,24621.248046875,13187.57421875,4440.65869140625,7567.716781879556,7528.166468964352,5672.43505859375,243.06280517578125,411.07854106011763,337.1018371582031,1544.158249493528,601.0596923828125,590.7137874744799,531.1712036132812,4040.140026504527,220.68869272563305,1391.129643501237,127.08743654089129,2726.012083219776,2112.178053089284,1209.3517506188675,4776.161975860087,835.5274658203125,5401.1819639725845,92.01965959784587,1716.4331405119171,608.4031807358765,397.58244687030566,713.164403228372,2635.776062237815,1481.8027030225155,2227.847992956294,3270.021413757629,292.15760237596356,2191.6702141893866,4050.7332162402035,253.2226180308606,1195.596294785093,751.7747791664794,149.22371988905348,1573.2631254610421,1140.2079522931442,166.84566568499645,923.6358041540724,1129.1985931714057,1336.6202006400915,1114.332475482879,2114.130625366079,2524.997914036282,308.5781261064574,1255.978029524001,225.50757834784002,282.42638015390486,842.339587673972,390.46099853515625
128,1719,215,62,24147.0390625,11812.419921875,4984.6669921875,9656.948649336851,9198.768196359788,4624.20849609375,319.09381103515625,702.3193975922418,303.709716796875,698.863289987022,1143.4569091796875,682.8751474837934,255.58480834960938,4100.407308374195,172.8712784868639,536.869737141532,262.7065362547073,1803.202942140246,2706.367537198011,975.3261848807069,4374.799157050411,562.7596435546875,6478.7194189181055,135.0045383335004,826.4338374661638,291.4536463439456,220.1799991731415,549.3868132207647,2827.2788001079944,1895.0804383419731,1759.113528879304,3965.2803678294217,307.72393225524706,1555.7044527632484,2760.940992828841,161.56736462849992,1016.8989448075021,604.9160085167263,140.41970749879357,1702.1336594160584,1400.3532999617971,195.97268346764335,998.5936987123828,814.3771890132525,1147.375419533145,1549.925258483802,2599.088582165913,2518.125166391941,295.3026383178061,1685.0449447954,287.033466637023,376.3972192605579,735.5614283071874,290.65423583984375
129,1434,268,86,25977.45703125,12651.85546875,6677.25634765625,11553.559641518708,10344.313527581438,6683.84814453125,164.27919006347656,1003.4475325574036,766.1693115234375,1998.8208156309033,555.9129028320312,845.087388219549,7.364931583404541,5674.844506921339,189.3191594414251,1596.3064870574572,236.57829741665424,2139.206727030742,2321.8861443034057,545.0138076268329,3815.7422271762616,681.1815185546875,5779.182972762981,150.21300443370305,1224.4116352536573,488.8739051421595,186.49231783363481,553.3402470591421,2181.4616543950647,1451.809784163395,2574.696364729006,3444.6055207186123,307.47841816419714,2068.9076726582716,3022.0374230084376,117.20682675205786,1204.7464357784695,1107.254164544437,245.3566050090476,1653.9550087004666,1213.7289197449352,160.19835239023206,1196.7883675928313,1200.5518564608396,1532.3664003683687,1062.0722180175658,2057.792803703837,2399.386875606329,397.0282803716409,1526.9487096472003,209.45951963615119,362.6579028513609,853.4954891677751,490.21173095703125
130,1814,240,86,18884.451171875,10053.177734375,2993.605224609375,7118.975494666838,6682.3955295171045,3443.637939453125,445.8088073730469,925.4894455418912,116.76530456542969,2276.1418242800346,871.7841186523438,929.2647147801159,522.977294921875,2948.524826852192,218.28760584586013,2464.9241966743534,157.77778252277605,1057.8619370284898,1694.850300024702,790.1699171089108,2902.3239640468632,622.096435546875,4340.790600203068,152.21306369901922,725.5653463711675,682.2610378716295,221.16860503604525,630.3239757861331,1811.5401856044157,1185.0576193291922,1338.8038723307566,2652.908773358983,465.57023495963983,1513.3442551338069,2107.922297526874,116.37843961571023,912.0219524508791,522.2590992164841,142.30945266133307,1035.6069347532077,897.6297122183468,246.96038418788507,693.7558232757178,756.9081503881899,2429.6734058771176,922.820232492837,1658.8622280230234,1762.404874728918,280.73200712792504,1091.826617181117,201.6207031232546,347.24573569515155,1830.1129820589417,249.8065185546875
131,1924,280,30,13396.8876953125,8219.05078125,694.922607421875,4078.936595136039,3895.555104763939,2185.31201171875,499.65130615234375,804.5201367087814,42.29567337036133,1843.1656087768795,1092.4423828125,229.61455750354412,168.38360595703125,1865.368298157611,243.56316642366426,1459.6379278214715,126.72014092448427,1094.5395042475634,998.9524476145295,763.9348787014525,1816.4753921804108,266.111572265625,2572.16706839629,192.99601756642951,653.9223572241146,653.935353368508,455.70249440018495,500.9385320895458,1099.7535461481382,716.257845516306,1235.1029952997885,1590.3371040825543,525.2967789154908,1184.437095518954,1428.7853999762945,318.27399399158827,571.6159239382426,521.2902296372429,215.10482431977283,537.6933065058473,504.71627897876846,338.7730392301771,405.0790942272726,645.3872197053056,845.8588702092645,554.8467805186258,1006.1497540390515,1070.5399033500273,391.98126125409334,634.5547211070405,193.15186500083115,235.64691449155754,667.0552150480681,134.2842254638672
132,1682,291,120,26923.3671875,13889.453125,5065.15576171875,10190.843475713296,9579.731485824712,5476.685546875,70.94317626953125,988.1460532669569,226.22549438476562,1981.6889959396942,610.7325439453125,75.80899064054854,511.34197998046875,4714.3132787766235,189.2836703241497,1517.9893098834048,308.1494017058561,1756.2236543542203,2498.336757236229,1174.9006131202977,4172.85389886479,997.530517578125,6028.275776863898,139.71729119828055,1417.4521457007568,396.9431041622582,221.27556264732453,639.9535858580997,2566.481222591617,1835.3964812091901,2426.867741979047,3813.4000315538515,388.7812388998887,2124.5736291873463,3376.522024477798,231.30715034981816,1225.5744975937278,868.1704038556015,261.75560258367864,1406.2915020510256,1511.6320412559703,229.23024961244133,1263.3214598888571,1085.3522869297594,1211.8519338836322,1468.455054683014,2368.9794750183964,2674.368515486049,252.36275473845427,1411.6475853943375,240.37427642392674,413.71886754687006,919.3989877414534,649.99462890625
133,1852,283,133,16916.228515625,9056.072265625,2677.03173828125,6052.771559953748,5784.872186591584,3362.008544921875,95.2908935546875,935.211677019316,177.90036010742188,3094.037823096898,715.781494140625,787.6660969555837,264.31268310546875,2399.57036794571,388.69947858626784,2828.353991289899,293.96726832085784,1019.6599701362467,1795.337918194376,782.4523049963337,2968.153252575739,505.97283935546875,4024.471830516795,211.28943604601903,973.7684724871307,869.8364355530512,200.96762660789747,499.29800979325796,1875.597832825883,1233.88497732976,1240.3728457166567,2490.9500952549974,459.0543836672621,1333.2771721303282,2178.9393834277244,118.66335008751999,858.4862396198253,366.67971322156563,97.1668092925792,1064.3889498194008,825.0605020643272,187.90856100250718,579.275762691718,714.2220560341682,2053.9716795083937,1020.3625462918295,1641.1101437412824,1677.3758135608691,308.74343877269274,998.438719508143,146.8251295609793,194.42387331504796,1573.062339302239,320.23822021484375
134,1443,380,46,24646.9609375,12791.853515625,4891.68896484375,9727.226094828118,8752.98639829827,5709.4482421875,83.67253875732422,206.76150941300122,393.55560302734375,1131.1192558056555,713.5941162109375,495.8778313065796,259.9740905761719,4517.958798781111,51.426686160084024,1240.1671080933081,168.9665488300837,2753.1866263805746,2294.4443460043262,713.686936120069,4434.672859258292,637.7714233398438,5660.963546527495,72.71681110443328,1436.9904968961735,398.77240198086,176.27509638072925,503.5697941492238,2571.9949517820346,1611.324804131459,1813.9577816910655,3435.3902017087257,276.6300147119144,1816.921374656288,3573.6456804265695,137.525656041146,948.6154304771987,856.0161601806807,181.524231025135,1698.7312593189292,1162.8083384873864,194.70116519539744,1033.0318654351488,896.556433411266,995.6149885124057,1287.9690745493174,2265.617651768836,2355.1838667181923,211.2970625287107,1341.6276796339912,137.43097394283657,301.32840011960167,762.3459100875122,427.21966552734375
135,1546,387,87,27979.609375,14812.7724609375,5152.1240234375,10875.12861903999,9911.165876784682,6187.5322265625,8.888860702514648,2065.1047998737904,539.5687255859375,1189.6631262967971,900.01904296875,781.855050637487,216.47523498535156,5087.729589141421,92.48436983541505,1872.67119810901,327.25263595993545,2441.2917425554833,2503.5217630281886,680.131309933024,4380.267483184901,813.3609619140625,6088.64273026843,73.74723010038109,1389.6969250004381,796.2357588951415,139.56565627059248,586.7331581690958,2525.271678334306,1682.6611076949143,2350.9450674003274,3697.191826683084,594.2765994468961,2117.2546057815675,3633.4501570445645,189.78371055620264,1194.7050427628503,877.5243992934987,171.9093113279992,1791.056946974455,1254.4564048859706,456.77016906769916,1202.8453488594969,1078.2575069964844,1549.531601220008,1256.9797992317165,2378.0638472205114,2643.2998027092376,471.6885722205481,1433.5166130383434,387.9271838128998,292.0751413604257,905.6899242736498,620.1161499023438
136,1666,373,52,23045.765625,13226.474609375,2806.52978515625,8325.46807389804,7391.7916547381155,4966.7294921875,243.45626831054688,738.4313106306006,371.90240478515625,747.4563068162971,1632.9501953125,848.7266043321747,278.21710205078125,3672.496823921255,315.5989286265064,760.2332560435342,256.69140678316035,3130.850074697878,1665.6701194250134,559.7656988377009,3340.1255029992735,684.3682861328125,4645.570737836823,312.43786070056143,1127.5542444478617,580.7419174076757,333.9030080372891,354.891711984601,2010.3365161962356,1233.2837170754274,1458.532549373933,2873.907143388695,588.1916200985142,1803.6763879700786,2698.037015066608,285.6556487351398,819.0350220276912,961.2712757041668,291.41042323521833,991.6791474667656,922.8858489348017,223.85840701334286,755.2571771056113,816.3398083740617,1086.5400129232592,981.4009014680123,1907.138618120301,2074.1261839963436,375.98376185981095,1188.621651198682,251.29893190142187,579.622813822388,585.0355006828802,484.99481201171875
137,1826,403,82,20668.9140625,11409.3955078125,3506.57177734375,8864.68989270186,7564.753481569259,5076.99169921875,8.427722930908203,969.906625416099,475.76776123046875,1381.9076139321614,1019.562255859375,913.6790884200573,123.94868469238281,3607.0412884398597,348.33021663171905,1472.216364034912,300.6212368400937,1504.0128520757723,1573.3173404288166,293.37206289302435,2938.819909768366,556.9228515625,4039.568317301742,235.52721810526762,1220.5780537806784,514.188246550794,139.80423802176037,312.86969270160137,1706.1757580457627,1049.174849628384,1406.315181847989,2454.94683363252,223.23294315515162,1401.534559021302,2266.0099391791537,162.66026308882135,800.8535627327701,749.6156100630965,196.31768138534963,906.1437074832813,883.3428011379527,359.24828213237976,916.939736059931,828.5826960000303,1339.4445974602486,785.2794765165678,1557.2887385703073,1752.9260282543398,465.8121451992631,1110.0105814234207,274.45199728907875,386.71195193757006,1141.8733715727458,373.8597106933594
138,1875,391,191,13371.791015625,8138.02734375,1327.5135498046875,5284.424669956396,4298.435938555679,3129.61328125,48.554649353027344,847.641943699973,147.0906524658203,2488.628353904815,637.9505004882812,675.9659475149064,123.24613952636719,1965.8995474766361,259.01775251453176,2131.2560970776167,59.58779409091166,1151.459584018885,929.7298562325403,413.39060851736014,1689.607385357883,322.3562927246094,2198.326257585106,175.17305741084843,822.5926555324224,848.1786197785665,108.53594997907324,152.41306021272078,900.4087183820271,643.0706416785727,819.0749370515213,1369.6896022193635,469.50358376467887,934.3465594980331,1744.4561754458682,116.74325516126257,446.7471958921363,528.8434494130942,162.0315978444868,733.6164639610006,525.123643960445,304.832170722817,641.048122161773,464.1424756436022,1458.8068643404704,486.735913354954,870.5606945632888,1053.2388048154867,481.61994806323935,533.2957356466187,263.17465596282653,303.2988513564296,1067.9690419265876,264.00946044921875
139,1772,384,33,18803.5078125,10610.900390625,1806.8289794921875,6079.043411873957,6068.923297391465,2468.720458984375,664.0773315429688,826.5230910620954,529.663818359375,1197.6947718570855,847.8469848632812,680.2413464088726,911.305419921875,3157.127442740213,273.3080299900699,1797.9095709748688,215.56960117223633,1938.4942791084918,1542.3010777841305,1048.154008074004,3061.60571897904,784.6127319335938,4221.090283911268,190.92692786480143,915.7754146415161,351.4414434727459,135.94146382543124,218.98036928593515,1887.0029055476696,1126.469270662931,1648.7248274446847,2603.325176652912,257.8302450594326,1402.705666505029,2265.4397616207402,336.5620123262352,968.90999270473,613.8961633631505,216.12830963137978,992.6725333861788,829.1068328326988,331.81388634814505,693.2314098792561,777.8865024300609,1022.7345291000431,866.7890439632723,1700.7222229861827,1781.4571718871912,355.3743209935452,1159.5535599841078,314.9363348596986,268.0220908832327,791.9790956589593,253.1894073486328
140,2008,398,52,11870.4521484375,7288.97265625,1264.912841796875,6424.310520832047,4493.10310380316,3082.086181640625,209.8473663330078,783.3174352996333,151.45285034179688,859.6355264622242,785.774658203125,1158.1808404102264,43.32659149169922,2241.1513139252233,276.1353805154068,910.2346312548614,239.829356063516,3219.8803654023723,732.7855419239437,470.7396128943226,2057.5650625816315,200.25477600097656,1837.3156885667222,130.27050123793242,527.0366318886828,754.1338389959867,178.3619046563141,315.4514640684735,874.9017679662767,501.48189516114115,692.5208764576769,1108.030011102184,265.184531671082,1013.6298242038289,2050.0587747245545,189.9118966898491,444.8850355142502,645.6455308986482,272.3527192111623,914.2339782719383,384.09427868155365,323.19857841884675,526.0307138243779,602.7061331727377,756.4777943375552,389.80152000685774,658.8110954929873,808.446224607647,228.04664478413557,448.6071490107747,206.7929443852099,410.9548069420288,605.9489710358162,219.52801513671875
141,1618,402,120,29310.296875,14813.064453125,6309.7216796875,11015.150139387375,10447.089030732048,6787.0712890625,92.612060546875,833.0328427900939,595.5379028320312,1498.5096337632845,908.8845825195312,793.7727453893568,294.8552551269531,5388.634237902861,356.0666436079958,1297.1625514399439,111.18804182891266,2242.902009519899,2575.859048312082,786.1731195042756,4833.392751425751,858.6123046875,6904.071436089913,301.56961387144133,834.2445631506419,719.7174111952434,260.47237804253484,582.582172781872,2934.395183080431,1818.0164930562669,2319.2117772204288,4163.636527649861,556.9666412630966,2382.1810878018423,3357.648432907985,341.18955635851177,1558.7821528909649,744.3929889259756,186.0249686954795,1746.8117072522246,1391.3533720983949,293.9755938707375,1083.920310498096,1334.4668100962865,1496.3114505428537,1398.1858523569615,2617.00265147846,2836.0924641146235,354.0304621968348,1716.8991521800951,185.26931184620977,247.99970228279278,968.5591643617673,577.0930786132812
142,1411,414,140,27025.89453125,14098.318359375,5155.73828125,9100.817785147821,8927.765830216289,6105.19189453125,119.56198120117188,986.3409700645764,526.1388549804688,3345.936367434434,1003.08544921875,1209.941714841255,310.38433837890625,4683.992045643412,374.78902974242055,2723.8972918273266,279.72806865312543,2648.9415731846593,2277.0004813883643,981.8091701711446,4789.5429626494815,725.1832275390625,6272.913481675096,312.8667700031214,1463.7956361180484,1251.6731564677991,242.22449273665396,529.6565760456906,2825.9410209776293,1668.4931359439865,2129.2994224839063,3804.835480433041,694.8452847885031,2089.139290204329,3678.2527951799652,283.1385031463708,1412.5770899298686,629.0545140752826,278.36112993047027,1675.8082828099534,1387.9165773875318,332.5163943856631,891.2277032950575,1204.08412891003,1555.2925190474637,1276.3034385306232,2452.406772235796,2797.4784809434677,354.43846369644507,1559.264928740335,200.02474588222594,246.84446040569682,920.0820966892019,431.54376220703125
143,1365,451,154,26440.189453125,14223.658203125,4465.927734375,8760.608229239459,8615.142349350093,5690.57421875,53.034568786621094,861.0165548685802,449.551513671875,2871.2105037208935,1046.9688720703125,840.0864814419839,303.15338134765625,5091.690619423599,339.872071183141,2435.8004612050927,76.79352670729726,2891.4685289615445,2241.5563345116566,816.0942148601837,4245.505087726678,820.79736328125,5763.73320263919,222.03467490045912,1492.6754240769444,1105.417654005971,272.28660986783416,572.7890155940828,2520.7384075900236,1595.9680936737682,2397.6912057383684,3525.925569411954,608.7730300611569,1947.586674950498,3301.5486788557855,210.6808181547145,1409.1132517141327,816.4604661697327,161.00405447718467,1369.5583725666409,1151.154321496387,237.77876736078943,1078.7770497551578,1238.317835266676,1708.1476397840024,1221.878809870575,2267.3285801565653,2449.8437534668906,360.3671930827045,1349.7805069203118,241.85926902169777,443.8193370446016,1171.532012081608,579.6563110351562
144,1393,451,98,25396.02734375,13524.1328125,4318.14892578125,8382.601092221765,8257.522351456992,5326.7275390625,13.330101013183594,737.1948056132779,235.20962524414062,1926.38778605068,900.2557373046875,457.69509550195784,579.1470947265625,4042.789760797155,298.0237151661978,1601.1456776625262,141.1088171528633,2043.7282956657702,2244.655707453239,1116.5126907711683,4167.488486963572,932.8992309570312,5669.202657350695,226.05875017644692,1385.2365884125595,697.1684372449292,442.4433274208639,846.642799212146,2501.164674520556,1624.7740624455657,2037.3350777516896,3522.55676338486,451.1887502974376,2141.068477079481,3363.4911393340326,302.7508203844963,1397.1053688305471,633.8095847641329,115.71278886017812,1255.5583552767737,1172.7437632234423,226.74313438156986,869.689666845104,1222.0643833293777,695.7214378297228,1278.8058560819522,2251.7043844350887,2496.1535292466288,277.30284989998194,1390.0587369661928,215.43277212972757,299.8630960860197,495.5599474527221,532.0408935546875
145,1750,454,123,22066.54296875,11406.31640625,3936.56396484375,7368.439261755422,7359.411405480771,4463.970703125,145.62107849121094,762.6327906048457,175.09243774414062,2582.0027769339154,952.0601806640625,658.0266874054566,362.8758850097656,3518.141767827442,273.12882518324176,2627.373665739742,149.80768792474956,2407.4212458536163,2132.2406408753154,1142.9405751675342,4010.949558974583,568.85888671875,5321.163400450217,172.7394170149869,1297.9856207269136,664.8154810786084,391.36534780787485,691.6262751718002,2510.8548689158565,1589.8091348763346,1805.521617766835,3347.2593899148305,472.0401096287914,1794.2263541810057,3012.9220812002395,201.71968946227756,1066.371840271818,587.354567206436,166.97693623333117,1191.474381714399,1039.6809272119933,284.34920911883466,821.8897847065872,916.283474117695,1991.3311550022072,1307.0146104666037,2195.7363028773343,2166.596904040476,230.8665344616416,1336.1750777869518,217.82796473417042,205.30112062290434,1548.8121965913103,287.31689453125
146,1451,472,147,29399.80078125,15199.896484375,5549.8974609375,9040.239624063355,9425.677687616491,6090.05859375,145.16748046875,896.098038731111,172.092529296875,1064.7330828669094,643.0425415039062,273.70372614805956,882.598388671875,5476.653216848104,144.11668739057086,436.7633825786628,159.97115240963817,3427.2182985092704,2687.587458211194,1228.5659651922135,5494.290978531233,1170.365234375,7129.28162466254,261.881696983261,1065.9768127881748,723.2582798064595,270.91514729244983,434.71959810315917,3290.9068067647804,1929.9924728532774,2635.773528512186,4300.336467039156,539.5327240878158,2691.4547205300573,3884.620743547821,305.99271312121033,1562.9943108870216,822.3388437749683,253.92434126337068,1891.4323289129002,1388.9762124075614,334.44341719539347,1105.679763043314,1439.4304259229252,1587.4821785723198,1516.244458079421,2850.8043807567365,2918.6316553044767,406.8005681275862,1706.9761668581507,313.1775550254466,458.9045444178059,892.5146303392075,598.4785766601562
147,1612,532,115,29689.0859375,15098.7197265625,6518.60546875,10864.170556128014,10390.592930427872,7284.96630859375,328.786865234375,1291.5337034594822,758.549560546875,1427.4372324851586,725.26025390625,600.6401904913295,213.76156616210938,6067.652083730205,127.29106968477959,860.7390544672585,174.95443520760386,3021.3057701138955,2597.966085624695,707.4470052959065,4764.239067934758,830.3499755859375,6638.381834322463,146.89736144464084,1252.8250478528869,365.6814488087458,173.28674952819648,517.906542139036,2776.124949023393,1800.718597742019,2497.635087811809,4060.917067113148,348.42777683223653,2480.856890801524,3728.020269387874,201.5264786744453,1493.5413939975526,934.9715451800686,209.77584102254212,1447.1410745697785,1518.0800675287546,232.06660935579552,1128.6886099854053,1362.7617771044559,888.2873368651074,1341.3081041243292,2454.554519791548,2924.229363518165,305.4574682087148,1665.7451069937633,287.8262968043427,309.3338347331754,515.8532132059975,539.4378662109375
148,1580,507,39,22090.9765625,12219.7783203125,3084.56884765625,7689.4924366959995,7148.964318328298,4321.16064453125,311.0323791503906,258.5353507192615,1.8210922479629517,700.1107973042015,939.911376953125,151.8156570639589,462.4053649902344,3039.315850613413,190.3408672014052,826.8276968410266,396.5408777332001,1223.6641563715032,1770.2900970832648,883.2827349783613,3585.9180824967325,635.6636352539062,4723.49683456161,95.06792165309258,922.500666690493,156.42523795255937,229.51464294350757,648.0299445326297,2146.863015723454,1339.6752650618666,1435.294922959898,2935.0767599086867,305.00651661749345,1637.3253314658623,2747.847057664155,134.52771437795676,1082.8515857641262,521.6264486292193,232.0883827037844,1097.3782325346517,1039.089095276388,236.69465238880792,961.6643383206018,876.6894350442396,660.3875235850337,1015.4734390322153,1835.5665331366106,2107.7070466846862,279.13651484213864,1087.429605500093,258.94751969952426,424.28376446477375,362.3356788541866,283.0036315917969
149,1813,566,58,20311.33203125,10441.9384765625,4277.02734375,8921.359736952723,7939.457103482519,4742.80419921875,81.19902038574219,1275.897140115245,497.8763427734375,3150.629165562164,604.3358764648438,779.439623690076,39.46418762207031,4384.518154263445,336.98430691816293,2660.2959305999775,370.1835457518791,1431.171092838534,1752.0096475480002,464.04912356411467,2337.45363275087,552.543212890625,4065.6112119788277,274.28120185492503,1045.2593826578423,823.2451432648744,235.29321177459852,690.5439501805213,1481.9491316812218,1182.9307642485455,1910.8220988037715,2572.0216322786514,571.3012318380984,1614.8302012600172,1997.7771443712588,142.41005687398317,1014.8289004519789,789.385584987311,242.3839949881623,1021.7029978786414,820.7506004242996,360.2611426388269,864.5925472180222,984.1358093480208,2430.31898378446,883.2180842195385,1555.3352187991295,1934.0886213206963,339.2676558045966,1034.3085463587054,171.30491894037274,320.57906531916996,1644.014112561963,448.6334228515625
150,1707,560,69,25716.634765625,12917.033203125,5427.064453125,10779.80019659618,9783.404854647439,5590.9072265625,190.8670196533203,670.0831911441547,349.748291015625,1111.1413528488988,860.0431518554688,950.1279875044933,243.60861206054688,4714.235655615473,251.50367989352233,1254.6382716114767,203.34809680795513,1412.3469902402226,2439.3921184479177,436.5912227693802,3841.2322037803183,661.652587890625,6002.963220735159,253.5781842312027,1080.1025264949387,486.964490050852,149.45084900027408,571.7723233035014,2398.9914615590637,1711.9754187949484,1916.5284734583186,3706.8293684495125,191.9759027657554,1813.8955001433715,3087.619101467539,100.29982848693439,1051.8238826989034,851.0185719325976,152.83962531570666,1522.3207936851284,1215.5415784571867,247.34873644299026,1144.7014818693888,1008.7132619286451,1980.3653197018168,1281.0035577601927,2272.85409251468,2367.7887004016793,363.33375228843624,1440.928785034972,281.3849886109756,224.84961014685211,1250.040107844942,414.48162841796875
151,1375,574,69,26444.7421875,13809.8603515625,4623.505859375,9466.793411627004,9145.36927700493,5127.73291015625,336.69769287109375,341.775877009558,76.52462005615234,535.3981931290073,1103.31689453125,103.89220849114709,606.1705322265625,4101.07128942946,197.77741435130014,888.4198408800112,135.4681844033569,2057.1028160345722,2365.2898823830024,1264.0758594824447,4814.382390013595,810.7560424804688,6368.985852174795,210.5708345127758,1114.8948835687513,302.9701095474408,330.46762018377296,752.0995264410622,2954.877466911512,1665.1724889916838,2100.857530642896,3847.281690856224,225.46117392756236,2158.837140411031,3223.2189544156226,210.13184887328583,1359.6760009547875,610.1635847189474,346.11763395418353,1566.8879548959578,1330.1299940849287,352.4849586934675,1033.5280266652746,1191.8463340238516,1890.5764777407535,1324.561955950104,2569.5646822466506,2635.508858986015,306.8916720167069,1708.1561745539414,286.37637963850773,394.3427902077056,1008.3840279115024,387.7165832519531
152,1454,575,92,27151.10546875,14098.564453125,4887.1142578125,9357.6192455323,9235.612905801552,5419.654296875,392.16864013671875,989.1240405957587,66.02812194824219,1704.0076124769832,1122.0670166015625,582.0583231433166,540.0466918945312,4589.697030238245,252.11249729679105,1534.2910372396684,226.30562020958664,2444.7206137173903,2293.9757813682854,1355.2034856216214,4683.9830798977455,788.7421875,6249.557045693476,145.00468718120788,1439.062665350421,630.5831053232141,439.58642184411104,933.1513640306085,2849.16768253201,1709.6593266273276,2221.40708376258,3879.6495792411715,538.550505769636,2224.129184553979,3517.964863965543,247.44794696373125,1394.9031582286377,733.2737699926722,152.64320987945766,1459.0132044179918,1332.1122577003134,215.5661098012088,1149.354599081027,1172.5508941812157,1545.8519504677945,1335.268123007645,2529.2990557000217,2740.7596849503752,310.58569283670687,1578.2484462317968,228.56038016188438,363.2269715986677,1058.7901833132769,398.73480224609375
153,1473,566,137,29655.0234375,14839.787109375,6217.57666015625,10615.866669181161,10387.804155689024,6389.5703125,24.951995849609375,816.755290412199,460.4032287597656,1075.301994221351,871.5894165039062,503.6818236758053,386.9549865722656,5309.190902305407,258.38382072865386,1027.766525409522,76.5304385815104,2501.950869752864,2729.5982465567877,1105.714683044488,5026.364368769204,866.2822265625,7079.078268919989,196.92473951002682,1133.4051179336882,495.654397658212,385.0459895799925,785.562364917884,3153.8311317644357,2035.9266669071878,2412.7454471746737,4409.825786363749,315.1590258077566,2284.234906199322,3454.4596543037173,273.4868938984503,1615.4335388634831,754.8205103064165,249.4786637269933,1526.47125122854,1361.1454264839483,307.6659468003921,1126.1903745920815,1353.347524579525,1642.5819085577832,1630.3746232714786,2901.9103074515947,3034.2885358254475,295.7665611804365,1656.956757638102,203.46319088367892,255.65841804685792,994.0247765986917,530.7256469726562
154,1509,622,33,23649.328125,12918.6220703125,3162.4482421875,8230.821657259321,7945.653873897319,4215.40283203125,566.0349731445312,860.4587883418827,55.20888137817383,1323.592728469494,1546.04345703125,291.06650546066703,450.3124694824219,3119.2666439309623,365.84896829371036,1761.5182291780102,170.6017973703265,1316.8978132191603,2286.9107650808396,1353.2707804866566,3588.8891500324953,665.1723022460938,5354.808360069047,174.27277701840447,743.477807456428,455.8339003987174,552.4150579212677,988.4022451316386,2342.7948546757534,1622.8239618538908,1730.1775911169589,3377.9604133173266,389.7910332175358,1922.2563358131995,2535.9782343519323,323.03537887515745,1228.3727611594454,660.1144345501789,101.19840979718843,947.7850605513898,1042.44720348344,184.86700718923882,792.2711858401229,1113.3584767431037,1232.2422385109342,1299.4459653260014,2184.4490484672456,2224.8346612804166,214.43501548339947,1356.4348136699628,222.02175803309345,542.5108159561217,1139.7006652821055,331.3642578125
155,1833,653,199,9085.603515625,5691.8212890625,69.21932220458984,2968.554180212128,2762.694500878305,881.4324951171875,464.5771484375,405.691089855213,304.70904541015625,1137.5571233653673,589.482421875,160.92878587863706,420.2397766113281,1481.7235872885267,139.16915621156443,996.1044292342697,75.95106205085061,912.3006118800348,717.8653037777157,475.0696288688285,1226.9753648009028,426.3322448730469,1821.8724142275487,189.11357853927368,503.54701038190035,383.82531792849807,115.05513074360984,180.28384303009915,750.1686563974092,511.2938899443486,607.1012540765358,1116.815777243896,318.0994152765266,528.3664252686087,972.1044028288976,123.92215200062033,341.14282383165283,216.1861262536322,114.94089327234215,425.00984594532144,364.02251386538194,160.1057915387642,277.0824787203334,309.9321558892692,824.918022689119,407.9430163576266,697.2853874956204,720.9683438846153,153.02435433099964,437.6822402559329,99.6244174224851,141.78895715488568,610.9768163847077,247.76535034179688
156,1413,661,94,28806.244140625,14546.982421875,5394.46142578125,9748.356757822748,9898.306435600149,5311.0771484375,465.0391540527344,293.2225924833584,35.70492935180664,1143.6818460442944,1229.0501708984375,549.9028170309222,624.36376953125,4772.262939980907,208.6626868246044,871.3067772834597,140.60266130656103,2897.530594955032,2897.563688842228,1590.341248616926,5314.344726691935,768.6615600585938,7414.142358815921,87.32552986078286,1298.3502790279945,572.6623777405941,277.24054284564426,758.3003933653933,3270.457437158426,2040.3532611454834,2444.6462058108596,4497.62653714676,255.88868586737422,2342.3395775892322,3734.613291084705,197.64716925119086,1457.5621758703137,648.956565839351,129.26735522203603,1935.0067460558494,1481.0065751273207,186.35324099464614,1148.6096074007492,1229.9408352751875,1698.895044993735,1663.9066050667782,2938.963949697556,2962.701146017849,303.55766445714113,1950.6778146605645,87.05368315617922,334.4034320390717,1319.1763052245865,283.38800048828125
157,1754,672,29,23342.482421875,12522.1962890625,3589.03759765625,7055.271998405433,7252.138948925335,4440.20166015625,456.65155029296875,1621.188960179913,261.7302551269531,2436.742769882851,1013.138427734375,1074.4050682615884,727.227294921875,3240.6501940292887,425.69766575120804,2987.7944886674627,418.101234502103,2046.8169259468511,2453.1674238784585,1434.2469960620128,4811.054778291249,693.82421875,5695.455154065267,285.755533205443,1626.8809468739544,933.363007912496,359.28366071281005,869.671324047708,2762.9556080859497,1693.5946801242462,1849.2588908832934,3465.434162391965,540.6939716084273,2089.571947503569,3876.873357943987,271.8597258144512,1082.9407564184366,723.9761177076925,332.36375829947565,1731.1782024509394,1177.2286425139312,287.0366842503626,877.3814953267217,1021.6965627919067,1617.2139735735198,1324.485048469848,2215.4556323698566,2434.918178092465,416.01951898295624,1372.722971673185,266.6402079672617,534.099859607418,965.9855553703435,176.4042205810547
158,2125,58,154,4773.1455078125,3717.453125,1015.733154296875,1644.9118001431327,1290.2934723434357,51.08812713623047,710.7483520507812,34.99168452242398,540.0845947265625,319.7430215818644,643.2786865234375,73.331767999557,417.75408935546875,649.9901274855349,68.96366592155839,371.99590900755453,106.07540806229217,605.3848097471573,335.6552057417998,323.55438031542104,456.6765041163125,274.5947570800781,707.9986180815529,24.39296542003835,266.7710629446379,49.50267657700187,127.55304859171366,205.04483277489885,243.86586265446073,175.6816771981421,281.5015589416573,391.7827505675944,87.70183553558667,246.1181559344417,425.4611515846166,134.91803510029126,142.6889619375798,190.33151112631046,102.75481107766717,285.15745938660154,162.89467949959217,70.28685912925823,173.18711635119587,139.1060394442704,259.10038223224103,130.77931111055253,240.84224025396685,258.33704885219464,117.17461373200427,184.04498046632358,145.3740984455976,128.1198145932455,249.464931192562,88.72200012207031
159,2192,93,95,4794.1552734375,3735.27783203125,1121.640869140625,1753.5719431209568,1303.9833288667992,201.13858032226562,639.7081909179688,160.5912712696882,487.7384948730469,366.79471479583464,576.4453125,85.75169264817774,385.1829528808594,447.0861880501615,86.12366958404701,307.3497221708496,67.52264797087376,746.6800690455445,272.78493693502554,627.5725752161757,421.3826050373966,291.2998962402344,688.1040781020614,79.43386505120073,287.3298082584422,74.09156159604666,284.8303833950355,365.84990308128033,260.61539212289205,189.5789050809714,436.08184163501113,421.3081060840243,34.37358967300105,385.80391856319767,401.8542318901147,172.04577100875542,179.36517282207666,219.00878634266223,71.82797624568092,160.5795019219585,118.81264406451449,56.87722954850642,138.86490533239862,170.1430180922163,204.52463348794853,145.4988523278345,262.1277023599957,270.40882784295934,160.4227552518157,168.67253646252206,118.5080797791988,205.50226126889174,160.84202226858818,177.02972412109375
160,2513,158,117,2825.9892578125,2650.8505859375,1408.677978515625,643.2313035065932,519.9733601542833,589.3464965820312,811.1417846679688,240.79420593174254,674.3275756835938,119.27346134409788,626.8177490234375,158.82282468363735,430.8941955566406,436.94474115792826,176.27054394629965,62.28732168576819,199.73335554228316,301.7630767926411,117.13316301207453,275.1538910921113,127.86120852096097,169.78997802734375,283.07643573320036,110.82793172494566,72.32689230311307,81.41753585753794,215.66250923509557,197.54068637415048,85.4983271772364,71.83083661835904,133.62728965422554,164.69637116913037,159.6700361949217,130.49428119390592,97.04903628603694,161.85322652128752,107.73175299979322,123.17641047600064,98.90583486199945,78.71257990438889,53.36462952454296,119.03274959899672,72.36844551120161,103.06925601883222,85.27639754333039,55.258276862898015,98.62841179189421,104.91817899384206,86.8472666318981,76.12247509526104,79.94086162222128,131.01433443591284,52.42815324287997,43.0723876953125
161,2385,193,57,4151.8076171875,3577.18310546875,1594.55224609375,1174.557489632267,915.6396306328659,704.85498046875,701.7542114257812,243.00633151075334,695.1900024414062,177.27782536125437,430.0225524902344,211.67247811284867,615.8486328125,855.9735129813846,114.00485707577828,151.19695238321893,97.49760011888213,719.1470734809328,191.51586232729818,636.904460981771,331.45445368947884,476.8262939453125,510.4071336969024,113.81721575787651,342.1442137883982,97.74988405642969,359.40661881972665,322.8078812078484,196.407730950307,133.9752194021888,341.86826123716173,305.60834905892847,71.65772728831614,343.8417390530819,312.21944636808985,302.52179071784,98.86977482912226,210.08929715361256,84.29253283402748,139.94489999883703,93.47422928789379,110.96451423122919,156.69104787361672,78.58113605681481,169.1750629420672,101.84420450088365,191.78520728968493,205.56189495456877,116.16735679239346,122.61854076275503,74.08618550898503,181.42105429364184,108.97659011674925,297.1743469238281
162,2676,223,45,4200.6220703125,4088.691650390625,2025.5408935546875,1463.4169709672553,845.104421837366,318.0666809082031,878.4688720703125,310.69780583482844,417.7540588378906,490.94888751436747,1080.34423828125,199.14956974826927,113.66455078125,684.8848121302287,110.77749510917134,374.6683832697978,120.7605555654669,1124.3781940472525,116.53053589317352,357.560481317331,246.5867703926953,25.236032485961914,248.762408667851,76.56310373278698,421.96381423720163,153.78021734309334,209.49408321596513,361.6877505883355,92.98260460105864,53.532831048257904,248.0909545165117,134.97245034071992,124.84690021316942,411.7089207993723,340.4548795596297,160.50343902635862,220.22443514032219,299.73445278763086,300.1987193850145,141.1691027194414,83.64930748618156,321.98304952569396,320.6682391751892,158.75503364238,257.65808739726793,26.51341985231214,75.11042419456653,137.24340181471345,107.70173479532795,65.00539147322947,157.51286490160567,388.8316208562836,135.08866416886332,25.018997192382812
163,2048,223,188,6056.3212890625,4128.93994140625,384.50836181640625,2331.9780969650396,1860.4460876492587,503.48065185546875,531.2190551757812,75.2317820878192,334.9109802246094,406.73877461495,626.9404296875,116.20963442924314,294.8832092285156,394.3330340233679,30.245474986418255,400.6249652131548,71.91696844567706,559.9915063979803,404.198059750321,295.1864795670574,627.7836317631026,240.66958618164062,1023.615691458831,27.381666899325882,304.50310625015203,143.03586867234336,125.3683343086135,318.3807894425321,390.80806384344106,287.52641459878413,225.42008418992828,633.460050238086,105.85669399479126,326.60642757332727,577.0716224206105,54.51272782422201,343.44228543375357,83.78068440615272,75.15562863214981,241.987281493579,215.32816778796274,91.5613398016228,207.5870453257697,275.3348075192351,295.00245712723523,221.9274712775752,395.2033430655377,427.92194269604454,75.48754252702457,260.6352786190319,68.67074456066838,265.2720685924811,261.5524518895107,113.08544921875
164,2684,266,198,2058.24755859375,2068.134033203125,1212.010986328125,573.8696509068548,339.9407503657187,513.422607421875,448.7548828125,229.37894891465382,385.513916015625,373.9187042838087,337.45965576171875,78.87252577766068,290.3349609375,745.3617738070878,101.32423609845603,277.21164790287975,144.11340050546153,659.0292744116458,46.67354607583717,564.0884805220585,105.4679344866795,203.83975219726562,129.5397478812152,55.525203061323225,224.69441323725093,71.1777747865102,231.27965193668726,200.79822588169958,53.012834730052184,26.703726361984867,295.76569319067085,74.1469445126856,143.23972665662194,250.3087018253459,125.94886098531268,212.82676731746136,126.27821707499946,182.41153553286745,137.5840240508242,48.92134704017537,27.787573725084286,143.6734474085338,129.8169673839758,108.39018667472112,260.4342249074867,16.64561898468867,48.24421688348591,53.33388076532778,122.61887301398758,35.78181876761943,81.98684140868872,161.22485958907689,159.04833411627462,118.69895935058594
165,2252,282,98,4505.0263671875,3612.117919921875,1226.66650390625,1449.2433084548002,1116.015975450031,291.23785400390625,933.6512451171875,262.650341188765,761.0546875,333.18670816709306,760.3759155273438,129.44836389834765,505.2972412109375,421.0029724966341,112.72835677555157,281.62749993132576,152.82475466679412,579.2230335691212,256.96334697059893,476.7141016708749,420.4080111522067,232.82418823242188,616.2783532782373,88.53557149616815,181.07810839105125,86.00700467044918,290.56308287274544,360.6267568941247,244.88937598457872,171.41762420235548,298.1778362235487,375.7168763383217,169.3155061653303,243.183611784981,383.5725975831378,207.35328137828787,185.71820422616094,94.32047954078654,84.92669281463975,167.33652075328524,136.40881768875653,143.00782610176125,136.49475785928433,214.9077183446657,166.64748780308753,129.86088500474844,232.51756972552457,278.7748529414593,87.96009868372253,151.36381377924005,88.5178977242841,256.70950104754775,137.3507071519946,4.681143760681152
166,2188,312,183,4272.6005859375,3359.942626953125,1097.157470703125,1374.77657840669,1113.9064277968282,318.6455078125,699.7027587890625,221.78084592901595,586.1616821289062,278.2260432110242,541.30419921875,223.8619968079237,426.2972412109375,454.40526924875803,97.49307470053672,246.56604854041686,67.24591420255332,395.24010949972086,247.00821229991462,397.81441891649877,352.82814215032704,223.21066284179688,618.8260510608897,92.64735607218739,111.17052830954215,139.69178985303606,198.7568873754039,196.5436408592349,226.74112973432761,170.13363244210393,312.56082425630024,378.0505410322666,43.72618236524546,228.93316066692051,273.60126061875604,166.6844870060088,189.25755338413722,130.71089110483092,85.6189417765086,137.52371618757942,110.55947326102918,96.66905325993679,162.53882383627703,189.6204159099504,204.9002296317426,128.81634453445713,234.72205887417775,234.17467953489285,106.6119374381742,155.995223200085,82.9083953874601,73.5678102705504,169.78507081844432,20.240623474121094
167,2409,344,36,4442.6787109375,3774.614990234375,1486.685302734375,1418.5514335975572,1029.5890905652411,325.81817626953125,925.8060913085938,76.7330118486361,639.2486572265625,224.2272066920898,868.9922485351562,103.29387624023727,322.48944091796875,557.5609902724192,97.24371802541488,256.86127034737825,112.37858045616102,712.7220529377054,201.91982795158594,643.3531876631396,312.1682660453242,49.81285858154297,518.3351796671742,75.20784082713796,218.36056103209455,152.23823817054458,312.08259602940836,330.8495446521539,190.4606320453428,139.19117185618347,469.1701786745849,315.1846898770181,133.7101945419213,325.69794049560153,283.2508658069439,209.91327921799083,189.1351637376732,209.42151008700756,193.04151991549318,128.33580189773767,106.40883148926271,243.79743186581376,166.7628169753403,255.36188155660082,118.75671069620013,104.68864106579471,192.48722770759795,208.24133151828767,186.93358187156738,129.63481550420914,153.1556275152435,197.58795687377452,100.52070134779999,133.13104248046875
168,2153,380,98,5477.0205078125,4170.8876953125,1130.803955078125,1791.8122592421248,1428.5828618076819,148.7344970703125,931.970458984375,135.9597930041601,762.436279296875,299.51915907303305,756.777587890625,106.96856390472435,517.162353515625,405.7617953629612,64.01715728380984,284.0522761837168,38.18661000453776,535.5941380582477,333.67196946577087,530.2105567450632,560.0732055849337,243.75958251953125,805.8675592003452,80.93246683502745,187.95460693202315,70.62726975673837,341.94179325879895,454.0344286254746,325.5411766250612,227.473598950336,294.6482018945777,496.81559315988187,107.88928898733889,429.9638293627995,498.37231910354507,208.14975045028368,225.90325510762307,206.76870559545597,111.07291345494771,204.1337954188671,190.14211803324335,130.80203619812468,184.61003117589726,222.1990722961105,294.5041876524259,175.6836350042642,314.2050355751401,392.5756613289058,155.75135099066367,210.912032605101,166.0561903717007,294.43314211429174,205.90973745920135,25.462249755859375
169,2703,422,107,1612.44482421875,1627.7706298828125,1017.48193359375,841.9891733835799,433.2379645974743,586.2927856445312,124.40672302246094,183.65475921119295,165.57818603515625,291.22228446428534,22.301368713378906,111.76943661934993,188.6802215576172,787.1509447288263,59.18403512623438,224.26991577864743,54.57302573685002,865.5950524905085,55.85725613223571,704.6919662680208,266.6569445476904,201.67852783203125,139.81687118540736,50.826453623553526,461.3902118749749,61.83583545628319,198.27825472839965,259.3369021608311,86.3133582776196,21.3762076359535,544.8678703493543,62.546364046071844,40.666351223897045,442.01319235464587,410.53696089091704,137.81104120568554,262.43218559063655,364.85787247192866,129.8579878826302,200.00483688687916,91.34487904228081,131.12758671543713,290.36507810310314,190.80477315719097,258.7055121239435,21.637885565264128,45.98463804122447,165.78324501472179,139.67725912961785,52.94144165579838,148.37625590206417,359.77009904078756,159.71100026173238,184.80242919921875
170,2696,439,207,1738.852294921875,1643.1234130859375,894.63525390625,858.4419266552956,497.28210076122224,471.0240478515625,218.01461791992188,267.43351285448955,238.86302185058594,422.8331464436781,61.79430389404297,141.605653994333,227.05398559570312,454.8904963333161,91.79680215090951,314.2751500687502,63.38404481557637,656.6394177606863,58.81915019454948,449.977881490187,219.41445197202282,208.58572387695312,137.74377156857673,101.35510425248414,219.05789518538435,69.81044601298193,126.59962842450489,90.68690149863872,79.5548150754109,25.092384903989462,332.08711317516384,76.2874871484004,21.571028171841704,220.39326149496932,277.332532331014,131.33164838961187,78.68889674350166,151.8179198340144,116.64097358676831,114.55830547525915,50.881198373258634,123.34160310239128,90.79072598500531,109.95525821751707,294.58337690521404,22.284041787098545,59.9441360212552,98.2656671426342,107.97072401191463,53.273376546238914,122.4820080373201,92.07292855337938,190.71732508986813,171.97698974609375
171,2341,503,223,2127.36279296875,1590.7239990234375,484.8619079589844,628.2097292810921,567.1811080117141,313.6097106933594,38.8581657409668,51.08945133962779,86.64344787597656,154.9586522250421,190.94491577148438,75.02629268664103,221.45462036132812,343.02318887857456,94.37427992892385,150.2275887626794,121.18961400279471,146.63591886658728,134.35109909762113,207.60306113422493,221.06024411885085,287.1612548828125,351.861042523924,64.16632704704108,52.9182641106357,137.84586299138167,80.3035437265196,132.33374846192692,137.93072207574156,94.39750785166096,198.49508278350672,213.19838166975902,142.74485901840728,162.07196185437695,161.07226346754337,67.65136626196487,84.35686557224456,104.92505405350948,135.69174196931547,83.3147296742921,66.86654698397429,134.7198097724269,59.10518674587759,72.1781141235646,104.52297154343101,71.67308229657995,131.2011025614339,140.14949294588016,63.40885406705504,82.92052996397932,65.81309320077565,157.88651858619235,80.64190879593343,269.4092102050781
172,2716,512,24,668.7548828125,480.968505859375,127.11491394042969,246.8968144792162,199.41599378599432,117.28790283203125,111.0409927368164,169.4895759306025,74.47654724121094,334.73801684992156,154.35108947753906,115.6006612190906,27.445375442504883,78.98017753094352,115.43347671602831,276.84485511543517,122.21675327846037,48.50438978691875,43.92768968672324,72.68947107400756,80.25922058488297,8.369426727294922,124.87275455593543,87.3503223187489,29.758084645694584,105.53708946420898,56.83001543682499,58.40749945150863,51.09818367911169,30.359757141421976,95.66724613879103,71.27410413813165,109.98000608242018,58.19619729085694,55.36412230229395,58.421230657538445,38.74988043879662,51.38117233107518,67.07303744753754,35.381109741930665,34.79156399882347,70.87099397455512,31.051802443370413,41.43897348049575,295.5646660482029,28.881842417856653,54.28893591174238,57.194439191470835,47.47300032722032,40.37098271970066,28.470733649417916,67.95564456287076,189.34115461130446,24.31147003173828
173,2480,621,100,3295.72998046875,3252.392578125,1994.7523193359375,983.0961801626609,643.1114056109225,1118.102294921875,771.7857666015625,130.46967854445515,829.4230346679688,70.62378126191396,373.6238708496094,152.0344112292012,718.964111328125,699.7967858076756,65.10008424380379,96.11825455895011,56.10494410291315,724.2391778948503,120.55969988314281,692.6607302512023,155.45126721877742,513.6693115234375,293.0500681770832,94.69020129542756,142.93213262416572,116.66161990495229,317.9251984941467,192.91219762556605,92.87624036443464,76.12512955888339,487.13655304101854,171.16326000606497,87.53372386315422,157.38812169234697,159.43842920653992,355.16900095267493,57.815087951920155,109.00953485641305,106.60414121653305,88.94561599268451,50.59454230261611,199.8385530651121,102.06115421361854,93.6453483375078,88.72942473138723,57.945546490662686,102.70195281188202,103.24194293822009,84.02779905493321,69.29730638406247,73.890194689049,163.86647280690792,33.21812550001207,278.19622802734375
174,2702,676,31,1839.941162109375,1775.3853759765625,1080.279296875,613.7499242593742,413.13159303230873,698.404541015625,218.10198974609375,410.80712653293983,298.31903076171875,557.4313880225504,22.434967041015625,337.5589193068737,299.184814453125,482.1229324040867,167.36469260697126,405.5113579200704,166.68916695208551,427.8062702486117,58.292219416682364,554.2954768856646,137.46680891876113,242.92279052734375,157.4531430815839,191.68445957381456,103.42625560973406,291.6474292020752,254.43844022031277,365.4797495426727,57.87659697330487,34.26989735057417,547.9855945394452,94.11228012500092,213.84001928969664,114.15757583646108,155.45672744666587,147.38973862237876,167.37094576457523,122.34850869322672,208.11254563643013,106.48758504945508,74.08235081731956,261.13466899424674,86.79675621341194,166.8690567960095,367.2673922408034,37.416597830425765,74.10614935700853,125.0639825357659,236.09703037020262,70.57512088224861,272.30000402169105,463.82886240894425,242.60119786952177,148.98492431640625
175,420,686,157,8523.064453125,5564.83935546875,28.610618591308594,3096.801502385253,2530.1639388630233,1090.3458251953125,224.08282470703125,695.346079175116,149.07708740234375,1894.3251286544894,406.558349609375,446.668364539762,302.2341613769531,652.2243210378218,113.50519346710834,1546.529385657551,256.32907793044524,651.844542564161,643.8361237071957,1093.5923915863405,1151.3501817072404,331.1438293457031,1469.232781039362,64.50992330865304,880.0764827225596,653.6810090636033,111.57916803195242,431.7157209480131,664.3000048914807,431.451299873311,1139.0976941674455,909.0977767129793,471.44747788466134,1023.5315116851649,1123.8566839794976,118.55046605032722,410.10511290804175,535.3034165333686,296.96660989545956,515.6421446805456,385.4083922935913,523.3826079705103,493.40729677513644,323.4788008415093,1076.4497071826258,329.09448328555914,609.7121301036813,832.2503823250571,548.024590286424,394.82505643379557,384.2246847793736,695.4946256536987,735.5531954411832,192.06610107421875
176,442,683,224,7018.1201171875,4724.59765625,480.467041015625,2446.874642667486,2102.2824383339616,302.6765441894531,588.35400390625,387.3548620902767,494.3980712890625,837.4238556002769,506.6263427734375,186.26757046785562,493.0010986328125,584.4444420757616,147.9752742603985,707.3684390855611,161.9766820388653,361.3762799346568,472.690123130847,672.8647345346068,782.3547270232143,394.2751770019531,1232.4891264650373,119.52086115189353,251.43922058773455,187.49624031162233,223.6176316178992,250.83641245893364,490.978795043112,340.1952414374406,750.3362705143136,765.1868249002229,195.9315159620655,608.4247396169989,619.4926084340227,226.49158353897593,262.66949383558756,356.89488423352816,135.3894612037199,225.77688890683646,241.34651422593404,220.848553273708,260.1486899944355,225.5397427014153,522.1272143207698,264.70907673389996,485.2281006470988,542.3097495994822,280.95129330034985,302.76704541347107,204.51118979354052,220.87143670058487,403.13459543743926,186.83224487304688
177,668,718,147,13694.208984375,7465.0224609375,2163.152587890625,4961.913356118594,4547.025985513377,3001.17236328125,153.55941772460938,338.05546914274026,40.10453414916992,567.3963586193092,645.4478759765625,388.6648768500994,221.67034912109375,1909.1829424057014,259.79445923739326,681.2112227502066,306.4577146651244,715.5824710526333,1256.1766490884468,423.7991932909292,2296.249234169005,274.73370361328125,2912.23486638036,153.78287538775626,727.450552849198,410.236328656323,65.42839075189946,324.8990385229522,1424.8740166164764,916.2528437624499,802.9076391502398,1858.452231148039,194.37968760298736,1023.8128341307361,1858.0798593646152,136.935450540406,604.8899817330047,332.7813252297501,173.552320000885,746.6605521026173,598.1654633313664,220.76847211600847,627.77892438733,521.6409987389477,883.9041082285628,753.6622984757521,1284.54597136186,1385.229824025192,303.8203657962399,749.3854535285554,202.4694967739494,189.3961700463608,538.581007428498,77.21009826660156
178,499,729,162,10595.75390625,6186.7978515625,1042.653564453125,3595.325330954081,3221.928818300837,1964.4534912109375,269.42474365234375,377.6286336531619,83.78596496582031,702.2283602362195,532.039794921875,265.703988802752,191.98507690429688,1252.259118354111,185.27884571803253,472.795765829505,226.20458665126722,752.3302082499067,826.4388750471894,685.7930164951782,1662.5759500818958,272.4405822753906,1983.3370957669522,95.21982789600801,592.0409971669744,286.66911902129056,149.86826486761873,241.41764268638266,1044.4692286139323,637.0548879829298,719.2591773395827,1292.405083361155,186.46624637419947,884.1573124729165,1289.2595482744025,116.83801770382081,773.9515860991082,240.01733142944354,108.64403411091304,598.2816847793638,563.4302555791812,201.65207489652633,753.5927701801726,553.8274092394431,697.9891774572011,482.05403483093335,837.1330604459528,1031.4854366646248,216.03441599018754,515.8327330193849,279.65718857362884,381.4616553149881,467.79892875841836,224.18896484375
179,500,751,84,10662.400390625,6844.15869140625,36.638614654541016,4290.002206207458,3468.9450511693253,1172.43310546875,610.3275146484375,479.390508592648,302.31634521484375,604.8785656230153,845.5281372070312,259.74826979384375,372.94708251953125,408.0291300229078,76.08851290823307,643.6127884558895,53.85040857258008,893.6708064302244,769.1258588736903,901.0197218323444,1187.4569309930916,424.90966796875,1925.264433018057,116.85436149511911,439.60652386029017,227.0764572946856,332.0447724169816,631.4005577228877,744.5903923656764,546.7858755290642,727.4605631610087,1201.8849682443386,189.6566437355409,713.6059000085525,1053.4892785770908,145.7695688543263,717.4451183845305,220.57040814067673,121.84750278806709,375.96543034092156,377.22661142650827,142.67728585565774,381.0726569066991,635.6069999645302,355.0333237422353,419.1932914650558,751.0325065580859,839.2645946531084,217.8909103878088,486.32267609565037,162.2191695142996,391.35844047153256,296.67482966285417,302.22857666015625
180,298,770,196,5714.3720703125,4170.822265625,858.5253295898438,2009.6122618207605,1604.6924241815454,93.40293884277344,659.3209228515625,310.20436041092796,516.8712158203125,569.8812259798699,639.8509521484375,151.50283164701744,444.2177429199219,587.5148367567588,169.10243514900245,471.9987057626485,143.01002612596116,694.6910833359217,338.15406364315794,433.70134819467523,594.9926496749868,317.3926696777344,927.6362849006783,166.1012337445338,432.2030384608466,152.88066376026725,227.82937168371723,318.4901931585255,362.0324119581571,240.29860512911645,280.767147350924,559.1398846072043,132.34422557236616,315.74778862587004,542.8884058061169,145.21980668662857,250.99230367621175,143.44066474975557,126.85816114012167,247.3931236926321,181.8886543892176,151.7119583853349,386.97953612507604,195.86351662164762,339.64278130889,182.41800942813248,360.6131597721988,352.4736217867882,203.22362047659593,226.08085352117288,143.27241392221063,201.1355481503677,295.50841031260893,141.93869018554688
181,261,792,65,9226.9287109375,6229.3642578125,342.775634765625,3376.112923581591,2769.5748720710876,1125.925048828125,680.3072509765625,354.50063194432465,240.44900512695312,355.64834040004223,1000.2554931640625,240.78549951516246,121.93023681640625,971.7752205258865,99.38190404794243,363.41237858466394,113.92694265537003,636.0695529053044,610.374800756915,403.8158010033369,897.2040169730132,116.63490295410156,1506.6679544015756,67.89515898465332,266.4320042177288,182.15154022320013,135.4944760222731,366.56808771969656,558.3586768408752,423.3959029152681,424.59943350085535,928.688961204545,78.07762301934468,632.0823025485956,775.6101117933248,70.94599684758957,394.7468776815514,272.284518949264,92.2944533097433,326.35997883747666,283.5430783166143,123.48535236289504,266.7873213713042,390.0592109600473,358.5604595301285,317.32460367497384,567.6629377280249,631.1104931958998,133.11751222543805,352.44404565188444,127.77109800599845,243.1417181894073,226.44706063665353,66.33102416992188
182,602,792,155,13003.6943359375,7339.994140625,1605.450439453125,4875.813351037287,4321.206027963856,2354.052978515625,184.89089965820312,243.02098612111516,121.96619415283203,1037.3585208432671,412.54443359375,521.0927190050136,403.5461730957031,1505.0097350728004,210.72345560125055,991.7279216404831,192.41260313488388,639.391191364514,1126.2821615627697,582.102330392787,2059.737920248955,458.9198303222656,2701.5559538896086,146.85587509056535,1010.4284876707743,394.2596093513065,198.57307827417569,473.8095882003266,1177.2496048585517,775.187574755445,833.6651259317315,1670.7718774154357,88.53944131291635,917.8089894503154,1978.6685343167705,116.14008938475212,675.035205206664,258.2723403468061,101.0457151023642,799.8944015699125,561.3833863682397,133.30557060975252,504.8669657474214,528.0746726804153,848.0581841021543,576.9134818972084,1062.9538209312605,1233.2940954522337,147.81204004090952,665.9095479683168,101.64839221330251,276.4194988053583,580.4344283372126,259.24072265625
183,33,844,70,7643.4404296875,6474.6240234375,2088.979248046875,3431.3767721010595,2045.7770184276465,304.5431823730469,952.404052734375,830.7097607962795,498.14971923828125,1726.0058683747216,1262.4461669921875,394.50469915886424,316.95343017578125,1813.306736637515,109.06029944894952,1366.0187952245392,328.7256891840786,2740.3590433101926,242.18888896909047,707.9164960907291,978.5143990666342,290.29925537109375,775.9234573117808,96.13949775108345,826.6292200553694,745.720573045615,355.6980445369532,591.4743008109357,392.86684708424065,138.62079981640605,551.9401215500625,411.2147325044617,640.5642552906047,647.8936898385134,1131.3236133605112,202.05979489107082,428.83677574991685,619.4571373563039,177.55413215337637,516.2961975330035,156.7556909418866,161.40441621488475,379.1109373832974,387.7253365651496,1179.7807780491314,87.37378403631318,261.67457785816026,356.6632823276348,485.17077510957296,196.12695436209938,333.74336931249684,711.5859685724924,791.5184762517388,228.07379150390625
184,14,857,162,3685.294921875,3000.43798828125,983.9762573242188,1789.390403899189,1153.1648531549658,148.81631469726562,439.83441162109375,829.1976144973212,255.01608276367188,1373.8965688124101,432.58612060546875,433.78250569680546,147.6508331298828,848.3173433472713,111.11797204529354,1038.014040917318,157.86126608032438,1150.2434149853254,161.18230412224295,828.8879727075499,445.373141400692,104.79157257080078,401.9402455259884,138.27754589294798,517.3621003517185,297.79051036703237,96.95621371790965,179.67098696674745,165.55619075799206,80.41450560532665,592.1539748785974,234.59776294169987,222.8475376017131,597.3914706799544,590.8569201921796,47.92043756261004,177.82855352550865,412.24675969755094,75.88470490006821,321.6993829925203,200.79422624039807,131.3976790451042,308.5206143362025,113.70278746750421,1087.8611750328103,90.47358910236986,184.5725427797478,337.5828096465346,234.71371320334524,191.92398962452765,141.37283215446686,228.19878083593474,668.3060169237623,62.71385955810547
185,596,868,111,12819.9638671875,7652.99755859375,784.0709228515625,5243.729952636335,4391.196716897043,1697.4586181640625,253.74610900878906,199.78754111938485,185.95904541015625,846.6002590394061,475.8138122558594,226.64491231923205,510.0064392089844,1061.928236082316,184.9606280592876,793.3701392973296,209.37373889276273,956.8719798408757,986.689735637341,1061.295324378513,1554.2185583335918,581.5872802734375,2454.8087829854944,160.7214489028047,1001.3727848255103,261.3780300534405,347.1479334996196,491.90783282002275,976.8635560156589,713.7890578239687,1173.7019843646426,1565.5264582485631,218.6345059017338,1134.9721171591482,1570.7154298634082,281.4759806882355,635.2982242672737,556.7743817273034,291.429400451444,613.3596673112226,491.68634412698145,372.9119369790824,492.61992186275137,554.8050542610818,778.2976764413422,549.4361749580079,1028.3012716778464,1228.1574060341513,346.983115881381,652.3402222438385,325.7154661572184,433.2592609501683,566.779616054468,368.00634765625
186,401,904,98,12280.1025390625,8973.4833984375,1330.9033203125,3694.1186819349296,3032.548170715208,1464.2421875,1029.9749755859375,468.9987486047201,165.3805694580078,488.6223577439146,1888.9273681640625,674.7810231054045,24.420757293701172,2461.5208591003015,285.1291243434499,453.7364801983087,235.47293524913215,2324.494186083314,681.4924488028573,714.9699932873613,1273.4376549007768,169.19241333007812,1799.6467308494637,252.13795284512886,881.4922062290464,846.3868166253463,259.5811504580577,707.9247524535235,725.8541437828494,474.4420234302205,621.6319219974177,1083.5478860094704,613.0887859754289,751.7551531498843,1164.332771217429,219.83632022478602,516.3962027586385,485.3415001272406,258.48216244109705,461.3666333231463,350.6577361031488,287.4538151961079,440.73908100248576,475.51721204933204,632.1711499343843,358.4700682824139,666.6711924961199,727.2371706370873,326.2085800162979,442.4482389850199,324.25095025213136,891.4570344419789,327.38217492084124,208.49490356445312
187,294,885,178,6239.109375,4264.25390625,431.01922607421875,2705.891544037391,1999.2299134510715,388.7878112792969,247.17044067382812,338.82455488916116,186.9268035888672,509.40771954636506,296.77777099609375,244.92282433015615,306.4696960449219,1247.2567334101986,27.443183853512032,393.8354692493169,68.70255556310967,1573.6070853486078,387.2506993558399,688.7353046095063,898.5345778657558,358.1047668457031,1153.413198942877,49.101780387044094,1010.670322332511,160.27698336015368,100.44103037636889,146.73167020677198,450.9581093321004,258.88889011114463,413.00604473569916,654.1303551442521,75.85126459373848,357.6672691727886,1094.0844218337425,93.01041344757164,209.26045264306939,108.62004754937684,99.76152945567371,606.6398634856299,232.86782409421082,115.99449551830689,371.8969978369498,173.15750289944262,182.86528012819124,207.02842465925394,427.225672694837,469.29929315200513,105.24269054770939,291.8746791039547,122.53530492718204,95.18533513983608,188.17250603554467,281.3744201660156
188,181,983,116,7596.9521484375,5395.0673828125,702.900390625,2640.6021123042565,2059.2201375027826,483.684326171875,781.4376220703125,371.2045086168888,925.3232421875,1555.6861436764784,420.01611328125,1197.079364868894,735.4574584960938,1161.6805829942043,308.84676380876294,1453.6133396074028,640.9219593191547,773.2106487891065,487.0403726017881,1414.7212691262146,1468.8556600967756,275.451904296875,1288.7799167157675,153.6379544162847,989.1497847256259,767.4942947583079,360.0521700640412,738.0032590596135,660.4415054794698,303.4159897978453,671.9430976319907,709.7127469928445,323.36436287140793,758.2715426105268,1616.6083918419847,194.76297479633942,421.6794199576713,304.8745799163994,172.14523044247,821.5283234839083,341.16697437322244,412.6185402132001,300.03358113817217,387.3854778898784,1538.4043827033577,216.63443375512225,441.21358147353186,641.9740302649991,340.96534195800876,317.31162311941864,188.36559230371063,569.5807456935141,713.6258093997212,65.72439575195312
189,597,1004,131,14819.7158203125,8335.021484375,1652.1041259765625,5308.740164370844,4930.813498320188,2494.374267578125,531.1800537109375,431.4530759634127,132.08148193359375,1557.5092467080906,1014.3154296875,278.1633085606083,275.90411376953125,1863.4519016998242,104.9572339452131,1724.9069068378155,173.43315943484967,592.0068054879752,1411.862730661309,619.7851016509777,2287.5602705477686,306.1434326171875,3299.0052063759495,91.7249537038663,615.9090213115367,221.1288562422298,161.68134191728652,465.2215633761335,1489.718027553306,992.7740480223264,823.4405581570793,2063.229997687457,217.99313595054775,1086.3747613663375,1676.995067641946,158.52170842165324,684.5096824604794,288.55068369319565,121.88213001539529,695.1632066833206,691.5512908984346,263.62327799854694,552.112855589206,563.1982354666637,1574.2305358276324,794.5943514466849,1358.2437827474193,1386.4214489538956,251.19899650853986,813.0099931847875,230.33399937835162,321.7918855804122,1370.0108400450035,137.60269165039062
190,7,1005,111,2267.20458984375,1619.3079833984375,422.697509765625,886.3564529023312,719.8677267333179,310.7048645019531,38.63467788696289,428.43766818621685,69.4017333984375,999.0715231308092,195.15286254882812,161.83433690853735,184.6684112548828,323.7560377528438,206.70913380309713,869.0875510815265,218.94147290595456,298.87285431518836,133.104959287935,457.8717650548789,235.24200943107465,230.59384155273438,381.10967848310077,129.72813021161224,141.39917367008044,156.18161936601368,255.1140043570896,314.41483957844,158.94553733501365,107.04616929587559,513.2530193640698,244.54119280908984,181.44936736056212,316.7940133482322,186.3988008644775,180.65567183097014,213.9951686987316,273.5514247709527,125.2510822096687,88.23293946294564,120.16131751342078,146.50650940826685,128.23463718937924,222.02358871771403,916.2759829787936,97.47428776321891,173.63303816351075,224.63759112159525,113.46744243823265,130.48414027846044,55.206989434449156,391.5580525780529,623.916061274625,197.6446075439453
191,641,1035,231,12579.50390625,7236.4677734375,1319.007080078125,4714.828554560137,4198.40634068341,2245.35791015625,442.2860412597656,321.4946644462199,142.46075439453125,666.1618459214853,857.3515014648438,149.32070769203148,350.61602783203125,1479.521952979169,46.33128990052477,696.0122762015931,88.9952546453659,164.30849163218988,996.7668828571453,472.3598564717697,1673.8593795688978,415.6193542480469,2562.6356840293893,55.80326833420428,447.97047679251,104.47887957095777,107.74563258081544,400.24507501835313,1047.1120664280702,722.2404622005715,735.6780936064837,1598.3155802085257,85.37051670048815,905.5195383625252,1350.3267932152305,68.45457887230158,631.1444025231802,258.26826245813055,66.69433662751682,498.4884092150211,517.2120833216558,84.70695778507341,440.947790256079,528.0516495783193,531.7530236789777,548.7428065260335,1008.7701034914362,1095.1937526089362,111.16942618218577,629.723663760004,90.66149189489524,262.7376662384815,397.5206837423518,167.39398193359375
192,228,1062,109,8491.310546875,5674.30078125,263.1883239746094,2950.254737377186,2440.678935046988,802.2422485351562,395.2943115234375,292.98381442271676,334.201904296875,1057.5328961385758,363.0302429199219,525.6287796065978,407.1160583496094,1911.4380828795681,313.1236463213872,839.0381487142357,427.5302411989324,1350.2393855263765,742.1749898816994,1615.502321419946,1769.1278670515096,356.1778259277344,1719.352847759255,133.80082985153757,1238.333032567081,363.6321749493799,200.7647112945245,358.3181245987494,848.9787933500353,412.98666719964564,1136.888388914996,923.358873629895,309.20891979584127,866.1994390870256,1759.422336542904,117.24144444856967,391.80098426593133,535.9268397777597,247.5026787413256,970.174799305568,360.47763274708245,375.0567127336094,631.4684413855144,284.6385900958817,1384.0405510970645,287.2399550267785,598.0294665429633,678.9543259474676,356.68108411736966,451.4371886292418,298.70564616998075,502.0619172096358,649.1582569039736,152.95556640625
193,466,1088,172,11539.5830078125,6592.439453125,1254.19287109375,4682.332372622861,4101.433009063807,2097.81640625,272.879638671875,861.8950298168114,128.16061401367188,925.97622521041,828.1249389648438,436.18518144855454,89.9896240234375,1560.2596094235125,199.29943846276,895.2859628550916,367.879914879152,448.26603247528516,1042.5533581688594,345.16971872844454,1601.1173147644804,289.0571594238281,2499.1208938369223,44.55858334083155,368.7403104028593,357.2097714153247,121.37647062914073,269.6520757163466,1019.53672683231,713.0426558148624,626.8069575537608,1537.4638505291568,479.3078982794791,733.4564218793887,1108.751546761447,119.77148925156308,587.2408590942965,303.65894341775856,62.64544721142624,599.7716673046066,451.9062091079526,189.71589461241922,467.7927211116991,481.8290302293369,543.8231318826723,542.1319355310861,969.464973864186,959.2098756682916,211.99694935453542,610.8641501930997,141.8638008366356,305.25881924290445,356.77707954396254,213.26904296875
194,227,1105,57,10136.8095703125,6892.6455078125,588.7147827148438,3579.6326883984843,3004.708051713079,881.5802001953125,986.18798828125,261.52960897588446,661.227783203125,397.5540416494565,1080.0015869140625,224.06662609417634,517.526611328125,1104.510935407535,130.42267880267718,503.711863836592,164.77061987422576,723.039829370858,704.608622470248,677.5112669552278,1095.0503174309831,323.57208251953125,1728.125428282091,128.34526909761522,471.3923290209804,175.18564318214507,331.703841478178,413.4016036491369,652.9663322385918,479.7870252634864,723.8363341772849,1052.4162458599553,203.37327603374806,586.6637101256978,963.9753348184709,280.0152979620847,431.72575505972975,260.51039999941355,111.94817099785205,413.7167771738062,324.3031462927741,78.82398038321944,308.0394132286542,415.3936351489192,332.49029847133346,367.1709626462722,636.3957907408011,710.0125239207019,118.08759273455514,409.2687320343497,66.45326850198697,172.19318853242365,224.92385846251878,59.249813079833984
195,661,1161,180,18789.134765625,9992.595703125,2979.0078125,7756.666416452701,7039.608068779559,3289.74560546875,237.10958862304688,1035.0365247147688,115.11710357666016,2531.104157024657,670.56005859375,626.5616245103663,395.9901123046875,2947.310036946448,271.2932246196523,2359.8750885715344,388.51774276521047,984.7438685530618,1819.4990395796544,874.9648616091966,3108.452557635999,667.1694946289062,4388.57436386505,216.10669917519814,942.816844139453,322.0489359620698,163.39886881666547,605.3075150836512,1889.8141030841737,1173.457367043579,1383.9325422299382,2629.5833106130754,362.63851590487064,1377.3669797037212,2161.2635315859843,53.97330916669875,1016.7881079599304,367.92764106975983,229.1274543324833,1228.9852911677262,913.488988316543,346.3158943766911,769.2181486881367,842.3875857667209,1156.766850447482,906.034660618733,1625.6426633610522,1785.3705288219744,204.98223250918602,1153.1696348664661,284.396669539936,327.1753099997029,908.7869982338635,427.192626953125
196,590,1158,63,19575.08984375,11032.5419921875,3094.427978515625,7673.997940544109,6590.536257702906,4789.490234375,4.078728675842285,521.9535818748742,399.6384582519531,888.5812953491329,797.3367919921875,186.24823321230033,124.16677856445312,3879.7025761220034,67.14255669399802,706.6447613856818,83.86675772554477,2704.4148480735103,1523.6563242248142,379.1303435308799,3045.1507579996855,571.511474609375,3828.4009627161654,95.66606268189037,974.9583060906525,457.94262821202005,289.3134966771672,481.3249060539931,1616.1867902548327,1012.8228591483175,1529.4479389194228,2287.398037691988,245.247746400257,1602.2158017871946,2609.5014002937437,240.65386281396508,938.0689688919434,778.9210986394457,206.85583294464976,1063.6232965080428,775.2799899309543,272.51207293757716,792.165667890578,965.4662339138042,411.2003638321314,754.723587050317,1366.3670638780725,1699.810602283958,274.94953557392057,914.560246314953,139.223713572399,378.8154689765509,273.79896405091586,430.7939758300781
197,101,1160,118,6347.62744140625,5005.400390625,1775.41748046875,2083.73100102494,1684.2034313603256,792.2544555664062,1015.6517944335938,320.583397376192,1032.035400390625,148.0092850387915,594.3645629882812,233.33072150513505,931.5986328125,632.9324906945244,90.68142300697056,348.8838763581558,61.148056597466045,626.7131575033527,374.67587144388494,756.5264404450219,547.918693684268,682.1046752929688,955.8701790997814,62.64218860012216,144.51072078665948,60.6732739641178,305.5495439939237,220.21150831153798,366.7721917953943,263.1175106569811,640.3703399702736,587.6128998678912,46.304389422634266,430.1214522963866,405.12239537246967,370.0730218793734,120.39103294901784,262.5605463445235,97.40495086466444,195.09559914132865,189.64926695634375,117.33976161244962,139.64049780455255,145.94545365304708,141.6482299774344,207.69546882167634,381.3338473718773,395.0768966628916,160.7842080016443,253.12419425782954,155.81334865254902,167.13654849019358,92.86556476820962,352.7888488769531
198,15,1179,80,4343.70947265625,3307.1455078125,929.5762939453125,1898.313596132948,1336.095792366392,287.4194030761719,148.64910888671875,819.7828520039491,131.37567138671875,1686.693070857212,71.68443298339844,358.2616913930183,202.670166015625,1020.9651911049035,113.28507998267652,1384.910690977475,138.53481794463036,1153.665326302366,193.6058516206987,1087.3380084310654,456.24214236278374,241.64834594726562,599.6701665916042,95.68291181120246,720.4989721942197,241.69998502160834,234.95417549203748,319.4991754814797,221.18971654552823,129.0134735823099,906.1598462399471,365.5621613608228,142.71293163854983,804.0128522439012,641.3355987947987,152.76830681982744,327.10560253958,584.9391670587229,142.19078503979742,335.74162136425366,231.73086621718775,222.26550887341483,498.5449087482604,251.45174185871713,1342.7267788201968,139.0521839112217,288.3277580994025,441.45889102506163,231.07967241459588,250.922932489975,216.93656089301416,497.31967314743554,919.9721067780542,207.77505493164062
199,414,1179,200,10376.533203125,6111.400390625,489.2713928222656,3627.9979850925174,3362.233120669629,1073.179443359375,686.31689453125,402.1310879532069,518.260986328125,1157.045230066384,740.31494140625,213.16137826402783,517.87353515625,972.5108951984589,62.236673605361894,1310.738623653497,19.24334193552436,225.74039220304624,1084.2084883593595,813.7507101369638,1715.9437615568995,375.4088134765625,2407.7768460216134,100.31937216468172,440.17578989408014,217.05146768882045,309.90057746820185,472.5258755301772,1110.470135790041,768.3934820625427,778.1500201312301,1509.532352960997,118.49835229401775,818.9360977753887,1173.1357496762928,228.03749538506997,471.8063852033764,248.93839145528108,162.4956038442922,626.9269496958979,468.76518300298227,241.62841440122762,375.24374859775736,425.99425805836944,1189.7808751577604,608.3070598912014,981.6862297098196,913.6702104960855,205.60444233406568,567.2167781956263,184.07252294908025,262.7108129666295,989.4897614340147,114.80814361572266
200,532,1201,119,14929.130859375,8589.158203125,1543.3466796875,5730.059634145432,5099.359445507612,2639.602294921875,629.1207275390625,345.8008485044607,70.34488677978516,1048.024514123098,1210.49365234375,147.21150221884741,209.13645935058594,2069.233253537197,62.4677110151748,997.2394668851608,134.21798888576836,546.324823173543,1228.3995488605105,425.75838434185977,1875.7538104222356,310.7853088378906,3089.2574491136206,44.45063618736549,469.0527901168408,236.12006416375036,135.0382585387202,570.5907292791337,1192.3768387785644,862.5787932724485,727.9466208783986,1906.178343758395,193.01183142403426,1010.513228843662,1470.0844459350353,57.20153437140621,778.5388637957996,308.85240564180896,105.76813579896498,630.4003392014487,631.7048986628579,159.72191103285232,605.1265761542045,680.9785320196357,796.1075991083561,652.5564849410422,1175.0065780990158,1269.8289665261982,172.49113826118398,762.6388376735848,159.58693601203242,474.37906430336113,633.0703958834896,126.15115356445312
201,22,1289,111,4582.61572265625,3900.88623046875,1652.8450927734375,1796.68707775497,1235.6811736376603,679.5096435546875,849.4844970703125,766.9158234423392,766.219970703125,1430.1886035903835,553.782470703125,381.0134052738871,570.082275390625,918.089876223492,87.05395216652549,1162.4124161680877,95.82219200419856,1070.9262383803361,173.0399745850022,979.2441646728081,418.03836776631294,329.43304443359375,512.4546635932744,157.0655181456824,341.1549018169779,247.91887053168944,336.307307847874,249.76236311691272,207.5406243742331,107.38054638350579,763.1079778843882,308.91236675770296,145.14190070107452,459.1994518793746,445.7047373006918,357.9079443104665,80.18857407330914,291.6891770713711,136.16646989591308,260.69904754145153,155.80317669428885,117.17625647572247,147.90353664468049,166.28573289560714,1042.7057268565393,104.26166418033309,240.2927461713162,318.6154572803995,149.21989819406716,188.5259681074227,232.4462694764129,280.7775187515108,721.9116853699463,107.22008514404297
202,473,1275,188,12802.197265625,7021.5009765625,1674.853271484375,4924.040534770521,4497.240494138561,2209.65234375,408.35906982421875,407.83452318692633,173.01034545898438,1512.8975766756855,706.7434692382812,246.46403914684197,313.99761962890625,1556.5939975915273,184.6382598845601,1510.7052289950398,165.959047899534,783.7770103351734,1387.177989945251,803.8665783989169,2362.377356184147,287.4435119628906,2948.9105014624142,94.56101271181724,650.2086104256273,261.8007495376119,197.96457830096932,415.512806134449,1529.9089502522456,953.0929606912471,873.8484666263644,1862.7877141905403,289.4899444218551,1097.5158879502303,1734.61801000391,199.89964670999345,623.5155131562185,349.10851909765,126.91151015819769,953.8948262076397,719.8266387581097,144.60047088514088,652.549001936183,546.8913906626256,1247.5667551266504,767.499786534958,1308.8472464974063,1364.2671985579166,195.39713045898193,757.345734373284,164.19529202504728,289.3063048307778,1016.2415868694778,96.03496551513672
203,221,1291,204,6746.21484375,4620.8837890625,416.2334899902344,2684.896212219752,2077.0830878329393,623.208740234375,518.7572021484375,301.83560412634273,351.64422607421875,620.6062793293037,639.9833374023438,131.30020628200327,356.5159912109375,343.97314896618167,110.88208388508022,551.5199280628425,197.5268232686497,812.890330768392,436.6546351652616,364.2316179724395,684.9144078700265,305.3359680175781,1107.9896067735071,57.84872781878254,356.90599515043334,175.25077741765153,179.11617299251557,356.38954766334354,431.6158510980941,314.1509577212788,293.6463019603595,687.2766123939082,241.67818566321068,405.08173941448456,621.6881530007264,84.15802495407335,365.669112782248,146.01070388527734,81.56255688392072,244.357278378221,241.95181806766053,90.78868448931051,183.14761439588557,307.73932977378877,429.6483729227935,250.90298687765718,438.1130373122257,515.1581703354916,217.38446493593432,275.2918638800364,134.15031349376076,272.68583186927475,359.5407556837201,143.35537719726562
204,627,1301,159,18464.13671875,9757.357421875,2672.708740234375,6625.078361413971,6438.844240911461,2852.7568359375,378.75433349609375,428.21717899321163,69.1302719116211,1213.2061641587418,806.2020874023438,139.74099756721697,447.9703063964844,2743.3198875733124,216.79211348989767,1264.0098549935394,199.04343992801935,1327.6643440649073,1893.5662991634235,1569.9830246461963,3408.6686122223523,531.9053344726562,4624.696298024844,121.47028150902702,1137.2586472726919,113.77331638551895,181.0163943895872,420.436362766839,2238.3761626843884,1333.1562245017421,1693.0224034772468,2845.8116303096785,184.1010973327025,1603.4424287111199,2233.435370985772,180.68473661751773,795.7238181465842,601.7178838346955,122.89732381137893,1239.9260969726865,978.4217282356791,230.53775086155878,691.6821340279655,675.6782551514771,1336.070886877523,1067.8751072273212,1886.0822640022561,1754.1549032172275,317.3084369291002,1113.4204418455229,234.70521787451187,307.3343210388038,1042.1196399639434,249.10140991210938
205,427,1305,64,13777.796875,8584.8974609375,293.37481689453125,4649.729642318465,4227.042031824173,1623.5699462890625,705.2713012695312,697.1432116149635,240.2447509765625,1293.7685744300538,1047.2547607421875,390.2982837583345,269.26519775390625,2285.7126875626427,244.5141583963708,1043.8727862560972,378.96446053776674,1465.9519360012096,1040.5183620580306,1401.9173533698681,1782.6890594116194,301.3880615234375,2694.117246486332,152.6942963367737,632.5038704994151,454.5515937096029,177.15164765898186,218.83459053499385,1112.5808484677245,746.8004087144406,1441.8081925454824,1653.5388478646696,491.7321455114507,1237.7858596816916,1266.5832955796209,282.56732667009237,410.7060361679206,601.234996398827,235.42679521071315,617.908563164217,525.7146752666092,336.450847912006,506.0660866688599,397.8222311643309,813.8903536535132,576.7925342718388,1034.0408004680678,1114.0930854368187,479.09813662562794,648.8430350478467,362.3092068626953,442.02989559097233,595.1347628051652,162.77716064453125
206,509,1348,133,19967.6015625,10348.1923828125,4540.2216796875,10414.014552976474,8440.62090000401,5162.2626953125,273.521240234375,280.01693190579005,304.347412109375,2025.3709655143173,522.6239013671875,681.7616993432306,32.91023254394531,4144.89305446988,209.22476150518722,1908.949492818688,69.43435857466605,1615.455701067396,1724.0601897716372,346.62995223613956,2533.6349184764417,500.8745422363281,3470.5400040427007,89.33039883391399,1087.6848691553682,518.1452170059915,34.73601436078967,622.6104579362067,1227.7517228642816,1010.7115088563584,2059.231065379769,2188.8500598044716,279.4789473736125,1695.1057133959598,2600.2432987551006,152.1887440578352,845.0961529999199,1090.7674020466004,102.71216414015869,1079.6854618494788,902.0370119461531,122.07204822590171,912.8867267692742,963.4477277498931,1605.8205209568282,751.200542541981,1354.220984194748,1893.0752009369119,324.0985019647916,892.9539008926428,207.4789487418348,366.62734174402,962.4441319033584,398.6485595703125
207,1024,688,100,23164.681640625,12099.111328125,3668.126708984375,8110.058763114131,7919.626372998023,3984.534912109375,513.6182861328125,587.3481952511914,149.06915283203125,1251.5049545531476,1159.79296875,591.190722674064,678.6259765625,3585.701669879808,457.3393658993238,1213.5392602264703,224.75966156242126,2135.0475068194623,2498.7743333648564,1256.6092364280737,4386.410441587423,789.1530151367188,6022.416681322681,385.17496312157346,1011.0692463070266,634.1385487119697,388.9592371935287,633.8250840060776,2804.1965961709225,1764.2884048260287,1822.8845259602103,3679.8055908318556,273.96272667735235,1854.408472931503,2829.0753567825445,325.75818741931624,1150.1624434230282,598.516544283208,251.12457287386326,1633.5299968933439,1224.6288794375905,426.41406622190783,849.9743913759619,1007.332216413119,1963.189524763315,1398.7686442311324,2440.8661413655445,2291.630706298825,259.55644512970207,1504.8963358308413,204.14444800057674,242.40455458488884,1486.366687100399,383.15185546875
208,1213,702,35,23173.25,12774.3125,2855.818115234375,7967.86417897674,7729.424945559482,3912.6748046875,813.1708984375,463.69623640022917,195.70474243164062,1031.7682933544047,1649.609130859375,275.0082307913697,523.3953857421875,3356.4538638027775,254.97782182228013,1438.648439428872,226.8320282426248,1456.509188508305,2026.1753444297908,1030.3623692988388,3585.5682346457065,553.7946166992188,5318.728645377367,202.75101729375803,826.0206745688943,149.82755938744515,412.8687112685674,757.6806118875086,2289.0457525170923,1482.0990704158103,1550.3698132957438,3296.6985978676335,304.57942995594425,1689.5363994233703,2529.2596267587223,229.84926757946116,1074.145216061535,531.8568975797532,134.4619507963746,1121.0095323280566,1032.5889206072627,132.4335876203987,842.9324880617932,973.8449421105746,884.4597658262109,1167.301398138142,2157.4435394540915,2076.1268167001444,161.0105118714662,1359.1452683822686,145.2816490027475,340.8611465812292,724.2133346812074,204.48773193359375
209,1344,721,125,30813.68359375,15636.7275390625,6394.4287109375,12284.704628639987,11308.820141520713,7050.451171875,196.57078552246094,278.422981412418,496.0863037109375,1185.2989690881898,794.1047973632812,757.5879799684105,431.9205322265625,5439.7766117670835,276.6685172195293,1053.6152607799042,207.62791742101592,2273.6072130595303,3228.0417670347224,511.685681246396,5017.5728907502635,906.8150024414062,7287.752663025483,207.37861965866963,1508.3272710111903,561.1132409344269,188.4409124526557,520.7304666971003,3103.3465561090743,2223.9934479672543,2287.324456468707,4539.259557572977,194.0599223657502,2184.7604703730067,3973.175122374033,173.2616825983823,1308.8108062811743,957.8351351149779,187.821114620674,1853.1019512168848,1180.978028865998,137.99956918308874,1207.3441234722297,1246.5080102232778,1587.6155877956367,1718.1235571134225,2874.150900930335,2799.910632313812,190.54505313303574,1814.285057037203,171.36862044780784,251.34398427525468,852.1780897360442,562.4281005859375
210,1192,721,100,25333.947265625,13055.498046875,4449.4423828125,8657.39795968759,8564.912187115158,4843.32177734375,205.25437927246094,269.1330147091073,50.88441467285156,1170.0881078053792,1008.5299072265625,273.8766557552021,632.4013671875,3728.684843601069,245.77846095563328,1395.5033688013236,211.0443963792978,1886.1797550300182,2490.9163331832647,1193.6283814487906,4549.97852727821,783.4337158203125,6186.018681110944,218.15804892323672,1325.3555838630798,250.8662151799452,327.7000903524407,763.5284626094995,2840.9814692902646,1838.5658889147144,1705.1538344647076,3873.2056137185486,160.8635205366572,2018.1185768874732,3397.911947978866,216.89064189946845,1415.822576806573,500.5058122951151,173.73906413312557,1483.9165327676708,1234.2744661533186,251.83974104356875,982.6551441371993,1169.867613718707,2132.4720600053124,1445.2905187155488,2521.7585362979726,2488.4420552817946,213.31621828430957,1454.8127922138403,238.67835112198082,391.12036615750384,1622.4982418422735,355.04888916015625
211,940,770,77,25769.3984375,15301.35546875,1955.1695556640625,9539.448532154309,8759.447319996803,3960.21337890625,1741.365478515625,939.9873883103844,440.19952392578125,852.0723069256358,2243.0498046875,729.670569595918,155.2064208984375,5624.903635104969,512.9182795171664,768.9580464953531,317.7028318632165,1986.4526055718802,2098.90804737575,502.9395254902166,3375.157533050611,343.1003723144531,4925.479611630271,401.24877380485367,1357.7839847275736,477.46851005036063,339.65682873137274,599.9989548580774,1874.8026617540052,1403.0244003306257,1943.4333867877426,3026.625353736949,177.61767049311436,1712.7343576734768,2849.293571709134,302.3460165523525,1047.6674835707358,980.196754660538,411.2945779331033,1407.3924220172166,1234.023638003345,435.3706056315668,1206.613875135617,1080.8452066827763,1306.0347430198808,1080.2539613143572,1736.2333558275352,1942.0972608244826,364.5382526237084,1053.6958531181192,315.0216154559382,479.24899197103736,933.1433522818913,214.69558715820312
212,1055,760,168,22324.060546875,11717.64453125,4001.95947265625,8313.368284958835,7808.0640661553825,4546.193359375,349.2989807128906,345.1716617404038,74.67936706542969,844.7238071676716,889.4895629882812,640.3094422574632,399.3049011230469,3602.0743303804165,223.54132953254432,1052.7659038597772,181.84854956919605,1263.3161847188865,1976.0279153927283,984.7789706353841,3458.5815196375343,640.8352661132812,4977.223112284075,145.14713609524614,814.9163047195048,331.5039546379629,199.75218183330895,722.7357699941946,2092.2863555462895,1376.3997118238049,1834.0277654109811,3054.7724375264206,142.83663441337876,1839.8319796291098,2628.823008703353,112.71783754831789,1116.8760098351552,616.1244368313994,113.02132823731829,1133.4538519215666,1010.2544925136128,137.44897579679736,860.2618521745673,931.7022384411624,1215.7225132671783,990.9630226403651,1863.6988277264186,2038.5134805081702,159.63976233360484,1117.3173817576985,110.3545904101721,227.92496528451383,907.4671974368306,319.0677795410156
213,1291,764,151,30630.115234375,15152.6640625,6561.0244140625,11718.9007988469,11092.666033675512,6601.54248046875,196.33807373046875,741.4830354847613,418.095703125,1066.2552319941706,705.264892578125,1137.7276863061425,509.5461120605469,4878.854301967438,264.9388956187562,1015.6699931652978,122.36994432147793,1743.2747459258283,3137.40039986508,1118.8239393667059,5380.713567589034,886.89794921875,7422.46568366651,160.15615520480324,1462.8300352624995,691.9509345299765,173.39098946145262,624.068992643053,3404.7213245139574,2278.111480886834,2294.8970192924835,4686.472596883334,445.91326682749366,2373.0090699276534,4071.8529351297384,145.04948268614964,1433.5902573232825,983.8360093133667,290.7325635771116,1632.2992957130546,1603.9518469146255,358.5088501230898,1405.4054902298692,1201.864246293032,1617.6407603414477,1824.2143984011789,3077.533648332631,3108.2389503795634,446.8333017719685,1789.05130436957,277.8899175198861,194.4186985887294,906.4586536983635,499.10687255859375
214,1283,767,77,27506.09765625,14050.048828125,5207.529296875,9487.17568591058,9274.3368686062,5521.59765625,242.1038055419922,580.0958350783361,12.042755126953125,637.679468540701,875.7491455078125,474.2851763019421,678.619873046875,3879.710419424857,216.04055314710305,998.2370337628496,348.6319899645634,2241.6864182547483,2670.271360632989,1633.652914594895,5065.354792705723,822.4351806640625,6619.89401215637,167.4807723788568,1461.9528939510483,438.81421428638976,394.07722155260797,1029.0203372377712,3031.595632236553,1943.6598072104264,2148.2866980556014,4120.71788201074,169.99019619512418,2437.340913264674,3931.792761038201,221.76901147846527,1417.6361204486868,677.8956659183563,227.99476563500073,1599.7986887398285,1480.6840856876254,292.77479294652414,1170.4131196497042,1175.317552479731,1847.1320832926601,1536.005109777329,2668.20694297961,2970.9050525083912,340.9818779771564,1590.3392745451777,293.67683052903374,484.2448890809497,1063.963663994401,357.3416442871094
215,828,784,118,20602.279296875,10903.86328125,3620.689208984375,7074.329536870756,6733.554614177313,4524.99169921875,41.38473129272461,940.8904079539222,282.44384765625,2527.761031854689,891.36083984375,501.8709313353622,234.85128784179688,2944.4754474616616,179.34004990077878,2221.16354215995,261.4433060858173,1763.0853902321417,1969.290099667123,1184.300027713126,3684.2560680648885,496.5945129394531,4782.5972726888485,335.7891725786174,1433.314582042427,991.0897522214981,100.55914205886992,473.8189038156769,2191.036159474432,1396.30944195294,1538.5829213721042,2953.0081612232834,794.0959959664048,1533.8880073156304,3015.4356625001087,94.37507240405391,1163.932397820793,264.312718344107,174.7314606744483,1394.4490612169882,986.1590396063119,148.36260063551427,858.1910851625728,938.2560328658509,1964.3708506272565,1077.531280519294,1919.2818935712637,2077.876166525392,309.7808567012792,1145.054711849521,275.26287896944024,181.6263169099021,1472.0845951650767,327.7579040527344
216,1190,823,62,28298.7109375,15102.7607421875,5200.20849609375,12225.943131970216,10600.125033647293,6414.35595703125,283.86651611328125,2111.7664797937477,395.3445739746094,2262.6550274455185,1008.1246337890625,1616.2922343365567,165.8311309814453,5348.917350783176,329.068578460543,2013.642705448735,499.03321141859954,988.7687383403743,2520.2211501254096,449.24596885224076,3514.3272885883152,820.5653076171875,5554.983348361256,175.02647616408683,1057.353438671435,385.21703873950815,193.22742396316943,660.97721757268,2082.196758117556,1690.0052185101965,1932.220887811004,3509.1159231591655,507.30723046441085,1842.3871973613018,3305.3454785492218,238.88172189653275,1314.8877152242221,811.561777780548,146.65017118987967,1364.89805577436,1401.6692029148894,316.7514076977649,1289.4292204384737,1131.9555089703235,2343.6230204577073,1284.0408765033378,2077.2424244126832,2336.379181120341,408.323576825564,1245.0880695692117,230.91991957433206,426.44279598054976,1409.707521840331,639.8408203125
217,766,836,121,20511.51171875,11394.255859375,2924.39892578125,6718.8040380429575,6409.27881086147,3996.0712890625,20.398929595947266,1628.2224273079748,149.848876953125,2631.105780752399,487.8702087402344,1299.441706490317,523.779052734375,3394.522070299115,501.2088864223804,2350.663569377506,540.9482843741611,2297.073118825605,1732.6143333411544,1039.0277379940167,3694.8853524113306,839.4774169921875,4474.43638670225,423.82136378641115,993.5490234578866,653.7418297925492,524.6465842551074,812.8685006758052,2075.162493967664,1182.2118967429242,1762.9532951775407,2664.727548446146,805.9195289341898,1740.869707660993,2829.3079855732713,271.1486222637274,1111.226882519652,573.0404924466461,334.3222088671473,1341.1051179476622,917.2691073729959,446.18751309937096,811.7759281615423,1033.7757901150733,1996.9186131249248,931.403760157069,1748.5069753935334,1975.6401560312936,438.7623829916327,1104.349314825987,249.01508288039346,308.3806360576312,1434.8284045911207,516.8186645507812
218,798,839,201,17220.5,9284.552734375,2970.958984375,7769.267619991588,6539.187232964668,3815.216796875,162.29647827148438,674.769086658585,165.02764892578125,1348.9416665998128,676.8359375,481.21737468313626,181.71409606933594,2683.5711102554383,160.7175889757543,1457.4883203332217,159.19660231886846,1100.313782800536,1469.7310855840333,286.18950072814647,2220.2108439538524,428.2768859863281,3563.5285656746087,62.537241519995206,625.0873308272476,372.89526449013204,115.7067486449585,407.3452813157623,1309.41731829242,1000.5326010870999,1175.224154365043,2201.970746367668,199.51270488532597,1088.6466173051647,2015.2097743741806,55.82906421293032,691.1482333525659,567.8884338788368,82.047781179188,945.4665775507054,730.5386886334346,145.62339013550405,861.3889494489849,639.5795004963169,1015.8078273370343,758.9400020785853,1352.9264278728695,1460.2585553004685,266.1779414047246,911.1438013312616,187.4977534280888,99.36667291086205,732.3539760246086,277.2861328125
219,1357,833,30,26406.0234375,14623.3583984375,3540.549072265625,7745.324789529639,8098.750703727224,5001.01171875,359.30731201171875,1391.2042899863338,0.9852964878082275,1839.1659451688554,1355.3306884765625,340.0814305441912,768.651611328125,4639.67127698626,370.39813967602953,1467.3540509947218,298.7474808583205,3062.7840964287675,2182.5770609968527,1210.235238978481,4333.821646764542,984.5970458984375,5750.668416267259,384.19457097662666,1643.3532358564985,912.7093618998964,379.6255144379618,506.7919539979139,2541.738126371963,1568.0462915490475,2481.4599934400585,3558.053784228916,643.7006807983429,2359.202042068947,3668.0374163759307,367.78236647315185,988.5800145738073,1050.679234866075,259.66408651928293,1224.434885112328,1237.0153982259458,228.7276097079652,904.2063540432663,956.4055934785222,1190.7849225349305,1232.9967336791697,2303.4209435199796,2478.730513400771,464.45361323111155,1508.4814719510832,305.964917427829,464.36543962583494,674.1495710622105,456.97723388671875
220,1068,852,76,24729.419921875,13012.1123046875,4204.41015625,8116.495876461258,7982.356702908211,4947.9375,318.00921630859375,458.69535484326923,48.21427917480469,1711.8042920674654,997.3455810546875,520.7166272633407,596.2418212890625,3162.1253572826968,217.82062405346494,1503.4287832861362,146.41520856265632,1547.5866856333341,2281.5413067011796,1580.165588390611,4588.353441914184,702.6226806640625,5683.164360052118,138.28913535370728,1524.6088718386313,480.02977506396104,375.72893339321814,1059.4922332485576,2726.689618462509,1701.7052234438008,1778.5697647416093,3588.2990335667673,256.79565044079516,2080.1907529153027,3814.1489719045544,105.53667759585619,1426.4538510131629,457.38229556639055,189.80073376083266,1196.202764721923,1362.3798922235173,261.8496608927585,973.6403360416207,1178.1327735690072,1272.6279653947029,1363.136981373848,2363.99706499613,2683.180941238467,263.61619784616653,1489.8390333406478,312.65803810906215,655.5517870322514,914.1100399977898,295.8359375
221,1351,848,114,31129.5078125,15760.8759765625,6038.693359375,10704.863701380886,10721.609246514117,6479.5322265625,169.07376098632812,1005.2192945239667,364.9137878417969,2014.2482963403977,940.6778564453125,484.5198860092427,682.0889892578125,5027.119710525641,257.81247486829307,1398.1626838062623,147.6002560649465,2659.812964116534,3318.8321248183843,1353.8720802446765,5658.880373925889,1048.4451904296875,7724.9903903697505,193.05648526763957,1760.4881440115441,861.261590038444,419.12485691630195,886.9888912457819,3508.6637293737863,2397.057120447304,2445.589998320126,4852.401443606296,356.6489484927578,2540.3535837656577,4360.066087977285,273.5893841232206,1582.796521876175,792.0912488493876,205.923928814995,1774.5140170407612,1454.72476146759,235.26821543088138,1137.1141857080368,1375.882408766157,1489.4167546827873,1880.561977952744,3091.192116683189,3093.0217416258515,397.06688488504034,1773.5397235432456,167.71178541144405,409.46276563014266,803.3959544738937,578.9921264648438
222,1239,843,124,28521.318359375,14801.416015625,5212.39208984375,9441.79559296462,9387.848721599557,5935.46533203125,52.683433532714844,835.0164763231501,170.31317138671875,1907.6457776070074,911.4259033203125,710.4297548919269,676.3231201171875,4432.315801393315,306.0318297946493,1666.4454239567895,212.90084753060333,2384.768408064881,2794.999540474077,1366.8780110756368,5063.204944352606,975.05615234375,6717.982687219717,196.45423490778126,1288.2789266273157,895.4548778891491,378.3815880893989,848.7351118532118,3119.6297777936593,2027.873045230267,2373.1434846100587,4198.593697985376,328.93289432752624,2410.0686802546197,3813.316768675772,196.19047380828388,1521.6131657417673,716.903934585061,103.1442551915345,1627.3574868189705,1326.7547187599575,254.82803830414477,1006.4634884428596,1305.8822561523452,1210.045042501665,1567.6423283258036,2676.560474553181,2823.495318427299,368.2580071580738,1574.8889009599043,191.1876907642095,244.26745829159995,825.9222849528877,515.64501953125
223,746,894,80,22501.15234375,12073.501953125,4271.40283203125,9139.385140805518,8169.565528417231,5578.66796875,22.244232177734375,1254.0985996020825,782.9785766601562,1707.9695186607994,1081.382080078125,701.5058580490762,102.80412292480469,5083.025216899954,280.4259893431633,1699.3605673616285,193.63690159916732,2881.628272061786,1876.8809915099434,205.80830921037662,3065.987976888337,616.2091064453125,4525.176873973016,268.3001354481919,1319.703833744587,701.0699469988926,260.2427764143839,519.5752368707282,1685.005746594921,1198.0726176820986,2037.6957110446115,2743.0702304414094,635.7955940188579,1929.5592007231412,2718.3766625973435,138.4954348923772,626.3227389023463,1364.1517763356317,189.49351805412442,1168.0819613706467,835.3212604270393,335.8127359578695,1090.990619715527,789.7073951736002,1545.866175559683,858.8285913239242,1634.9295861458986,1879.0832164711226,508.8848107726346,1139.2994974131964,384.6721258778531,736.9652578353713,1053.3120475900296,485.37359619140625
224,1110,869,166,25971.16796875,13178.3515625,5883.7294921875,10924.70014859682,9652.626512608305,6606.9287109375,287.890869140625,463.2906668282385,475.0043640136719,1934.014854684464,396.3627014160156,594.9616993162335,246.5568389892578,4418.88197207315,181.24703711551885,1899.6611643235792,57.66260659204021,1071.0057468392151,2275.442577837718,669.0860314135249,3814.1797706668044,707.4074096679688,5327.312681579781,143.36445790335202,1454.7109998544386,546.6703477064904,158.96546235235303,695.4884506594542,2180.392888919547,1619.7945757206594,2267.6457692744466,3401.1135537515456,368.80985857824385,1966.0355030875064,3721.2359097939698,55.731331379960764,1221.8989678858977,822.3441649595986,109.75178664770466,1190.1331926679957,1207.4157079140996,53.725161648986465,1344.624761237785,1177.5621327354718,1570.9440891078607,1214.811875294029,2131.432573084762,2441.625343465362,210.44537849202604,1218.6083880646304,144.03776696834345,205.64804928133233,1201.9808482798821,474.1846923828125
225,874,857,146,22856.8828125,11683.578125,4325.5478515625,7944.426995492373,7803.587696099705,4590.8720703125,140.75009155273438,482.5985121225128,58.12913513183594,2336.185205512691,624.521484375,816.0178290799705,486.4735412597656,3760.9842036022305,282.15987015477083,2422.046661811456,405.5425653086251,1999.5517133945602,2227.2878509129864,1342.4655974632947,4320.843423803514,667.4866943359375,5416.950517900373,95.9471510729672,1580.2026420916527,762.3399586469237,269.80207999679385,789.8620646770825,2554.1786526742203,1614.9075832970732,1939.994862170071,3387.9534599238873,409.2736237853522,1905.2537258135462,3412.125855647744,145.076124058861,1125.1325201798586,663.9978133861149,197.53584477926563,1536.5668341733126,1238.529495844644,245.37302342032007,1050.250010298057,962.3468113520595,1418.7406921017143,1226.9642239054108,2136.917997741094,2297.567033537135,313.0545527300514,1217.528482750418,296.3059373115801,314.10220454210935,876.8373701869517,292.7099609375
226,944,917,138,26444.169921875,14181.84375,4581.4375,10390.277555105265,9290.314855646862,5635.37646484375,233.14781188964844,1089.585747888953,50.7968635559082,1509.2530568219008,680.7762451171875,540.2732473901574,491.20599365234375,4388.341441759264,265.6185259043529,800.1550217825702,389.3620114214537,1477.6225653462582,2257.8504449194534,796.9761369227809,4139.406608943859,802.9126586914062,5455.776532798167,168.75027193809066,1310.7829014839665,717.5494545383846,196.60873898279908,664.6208292010438,2345.252684511938,1614.212871578416,2268.7570192209346,3429.678743789144,469.64848405925613,1915.148403124576,3682.6229300080686,162.3416169002414,1209.4579122201408,771.6709607816978,195.91417280994082,1542.0129681926849,1231.5737482587801,249.9951048686515,1147.242202270373,1108.4885250399288,981.0322983152766,1237.181600673174,2163.3973529798654,2475.323187867405,311.46363485346006,1327.5656161289612,154.082173630476,379.6670223437397,608.6908850485297,479.2451171875
227,1346,911,65,29458.37109375,15600.236328125,4954.7607421875,10236.731772730363,9921.837265669628,5849.4443359375,380.44464111328125,670.2191192727516,123.2772216796875,1786.814407034582,1343.45751953125,378.29031652549867,621.9351196289062,4647.138737386524,259.3012056578479,1573.007618312584,177.62322239785348,2660.653564263633,2430.5492871120528,1533.6851813186738,4962.057668505578,825.9122924804688,6806.97589987782,343.1058099961093,1643.9651421109827,567.7159401989807,362.001138936273,923.4184367603167,2999.8305108834093,1754.42643779817,2273.9150366177773,4137.1873850797765,539.6452145481283,2409.2883177124118,3854.088555361871,266.8699958237469,1501.5463455888753,701.5622472410164,354.4100940532024,1740.9408718188952,1413.2434055721017,461.86332385163655,1217.5019736991292,1309.9627812659312,1966.7747141224097,1354.3873698429284,2712.595243279588,2929.9124846243344,457.33990147211546,1845.6025616117377,293.80543493752253,469.71315441558744,1335.0118653656768,321.0550537109375
228,987,924,62,25253.78125,13548.0673828125,4110.8232421875,8167.12496846871,8028.318883141041,5301.005859375,17.026264190673828,991.0524292719729,148.91871643066406,1951.485700607553,953.0792846679688,491.6738073410452,618.48779296875,3516.6998139219295,573.7732778157758,1540.973972482379,187.22072086952335,2064.419067321926,2459.931147813946,1559.3070323117431,4277.31812670053,874.4573974609375,5694.44958534404,474.2246990483933,1274.6210800653528,904.8997811326334,539.4710813697138,923.5084070164982,2591.558016142398,1741.3987784480396,2002.8167935744,3577.262496750947,573.7662472350002,2462.7321438019917,3423.248812268404,434.34575160880695,1637.2117188096659,577.247867956412,269.8635252055973,1477.3456364939623,1221.7479090313766,528.9555577504623,1011.6247792852465,1494.1351993302294,970.0388947324723,1381.9267298431862,2300.953784812546,2493.0042838274685,488.05111721494006,1411.4923992045442,295.6864379269115,501.7821079355889,988.7644652690456,502.666015625
229,1163,945,57,28040.51171875,14139.1220703125,6158.3681640625,11018.992204902326,10152.68107464835,6599.4609375,461.1146240234375,1764.6802019361762,492.924072265625,1646.5355714086306,48.04010772705078,1111.020204743327,381.1556396484375,4967.305214564286,288.1805707573552,1098.3518639541942,436.28468808751205,1443.191252780769,2432.9769025451737,625.6099364677616,4672.5265112124525,897.896484375,5952.013486809897,185.4651024296952,1642.4949671875042,619.4762355366561,239.20771750999006,973.6919115523859,2620.670493962319,1822.8469888066368,2336.6372599375877,3821.8901245221577,319.44192814443386,2277.8204412878517,4409.302992070009,103.49039090760726,1390.3793311235454,860.5022598699333,219.11547057146362,1647.087499489154,1367.873313700391,211.94939020778054,1440.9847995543184,1240.1716609754078,1554.727341793323,1419.5821686493084,2394.174630368548,2718.3388641205,311.2385690067266,1500.5639316864042,266.14030620359506,324.71411270337626,649.4469090562568,598.7960205078125
230,1291,921,133,30739.943359375,15371.0009765625,6694.97021484375,11053.076082707637,10716.796410339004,6986.82568359375,259.47216796875,513.6926405868804,411.3970642089844,1994.3186745810608,510.8551330566406,476.817549929903,583.22607421875,5591.863045045972,115.89046658234456,1938.91652685848,135.27655937760446,2427.727064474762,2881.5121695499074,893.0742864637713,5251.2790124820285,1038.8492431640625,7019.152311544563,130.3932856890939,1465.1424095346786,543.8284301338401,245.65657255841865,716.8217074996792,3189.402765862729,2118.3166350136053,2559.0726222873986,4438.421379706284,394.1275318286599,2381.29929449959,4114.015690693071,151.33348639956603,1500.1361320116162,777.8356577559927,130.17684095038405,1651.951848337541,1517.8373385582943,129.41136778356483,1350.2042391753232,1323.6650818844394,1344.735045627312,1642.814768011426,2911.771251460997,3281.952885004436,363.31826385457725,1655.704356923693,311.5215071458279,231.98090864987978,795.6667959987968,578.859130859375
231,1076,935,108,26418.333984375,13676.1376953125,4833.72119140625,9608.522376764371,9234.186808568465,5274.48046875,210.593017578125,678.6877356712579,104.18407440185547,540.1422890953725,990.616455078125,578.1198934175741,652.3345947265625,4037.2314639981096,292.43473968050114,738.1703986141647,335.125708011362,1876.1251468091232,2433.6006765232664,1432.2316260581442,4432.576734255194,839.5287475585938,6254.02205334812,141.94193823509127,1399.153087517056,643.7856335030754,364.16580832723827,841.7132774208735,2717.7541338684982,1701.5139102725454,2081.1819282565284,3817.3854694105084,238.58308889802677,2145.217942273708,3400.6222556023604,252.10123996676754,1343.3769392746485,611.744052027872,214.93869979836026,1464.6171422582815,1272.5447443174296,174.7708249656125,1107.3441984293295,1116.5590277065053,1462.9883109191792,1321.3932816063602,2497.9617756490097,2727.6028524898234,315.8327343246817,1611.9641178607963,147.01263223138966,317.6538114912023,793.2585831927714,348.59051513671875
232,1277,946,163,29527.1171875,15888.69140625,4885.341796875,10289.818940346666,9872.661433251165,6338.9716796875,164.2786102294922,1295.8374783995114,460.90264892578125,865.9375125956177,1410.4769287109375,442.01516941283666,301.9953918457031,5497.879912125756,81.9603084347245,183.9446626910262,132.42014657961315,2846.520500559282,2440.3670919792607,720.631262492144,4539.465399604439,752.741455078125,6488.734584442179,98.59156629392353,1512.5990120081024,476.7204279249969,136.56776309326645,627.7280914303008,2739.337834376486,1780.5665721553423,2099.561093634609,3993.888630734392,266.5064396271923,2360.802889137862,3605.266327638209,133.53390290889513,1157.593968168757,1085.3401004117527,122.54094946447229,1484.2529027925145,1268.9053528829497,269.66565214684425,1097.848482997413,1101.2742608942435,777.7987484744256,1384.1226467747833,2515.6369150668374,2635.8497676325183,354.67007357883006,1545.910173968885,212.70711723950572,659.7893195755381,376.7049990397046,444.6793212890625
233,1189,940,119,28543.5703125,14642.625,5392.35693359375,9885.712088839433,9811.601437276564,5678.755859375,403.9199523925781,1140.888375914471,98.43499755859375,2015.3475239511565,990.6529541015625,480.4238757750145,516.2560424804688,5201.701446294506,434.48485984108345,1445.4357526680867,384.5751213937394,2648.9377389691895,2691.1481644473183,1235.8412614674592,4640.962943604311,876.7264404296875,6482.021638357678,283.94851276668686,1123.7267425346945,603.4768026706308,295.2259386235031,931.6615480550873,2878.7666438818665,1948.8111944130846,2701.736814300811,4092.359777578657,343.94393527907584,2378.497295394995,3555.68702721903,120.87969244036043,1486.8695247020573,871.1224194909743,287.11582354993794,1429.35461055238,1504.8160479322617,284.8973699662172,1285.3411959398602,1324.8269265704641,1086.8143469830416,1533.1265953667962,2561.6442012233074,2825.0923058970116,265.24674147614206,1550.9026328823422,210.855278065572,171.07159017266304,553.5211811222604,484.05230712890625
234,832,966,122,24221.26953125,12577.150390625,4384.392578125,7953.432929268869,7914.264873917775,4834.427734375,158.56396484375,453.14705914019333,91.4839096069336,1665.3077438874827,676.683349609375,539.8608251287864,720.80810546875,3608.68228633057,402.2694959204496,1600.5315810436298,302.2570516434904,2130.328240818332,2153.047164242924,1425.33171529103,4734.840857262272,792.67431640625,5734.812111807003,364.8197974540238,1020.2658535369907,583.1640404404918,541.301685449577,918.4349258571189,2774.4406939464143,1570.9937894549018,1974.7993950971604,3533.211352738111,532.259619284299,2386.415988081498,3450.041039823496,347.92511353463146,1345.834522147036,690.2339559483304,258.7036587191755,1433.3018508398588,1273.0823346368827,425.7979755662929,883.5335654041133,1192.013436968646,2025.0697364013197,1225.6013808961886,2340.557312412652,2776.693083035949,376.45012459021865,1486.3654018060918,181.00618484937124,390.016188465082,1236.1711472817226,365.96759033203125
235,1011,988,194,26056.23046875,14238.564453125,4119.36328125,8885.625935515089,8401.721901836774,5744.07666015625,5.487549781799316,343.8892018550815,236.90213012695312,763.5489971093828,967.0796508789062,510.96217344909536,481.746826171875,4163.366729508216,246.27248493112637,662.271134715177,370.55617577589976,1614.2869501395926,2166.1134900316024,530.9700694932301,4041.9260035187394,794.77587890625,5382.855607520238,158.57620455418757,1110.4299986061646,264.19897809440937,271.94406887087854,499.961237869451,2474.202949945434,1634.196211794046,1675.2402951406834,3438.319572162547,311.2147957758766,2352.399508282972,3253.627812314831,173.28622418339518,1106.646497905259,900.9773590593009,131.31823187801422,1204.4372262704105,1243.973120385606,172.67711659008688,1101.5961599541629,1063.1510428699257,991.7497410790874,1286.576309907879,2278.637577414168,2641.1588958853454,398.0319890849818,1352.378827869773,163.73113967391654,135.357676369298,659.0021069679863,490.48809814453125
236,900,983,58,24820.8046875,13464.4912109375,3694.009033203125,7682.162001530562,7739.690137389643,4964.0654296875,283.32598876953125,1131.2723284996155,85.63127136230469,2204.229495267687,1245.56005859375,603.3902349018433,496.9863586425781,3435.6552402882935,463.29110326896944,1469.1765240515772,206.12599841566546,2077.8948773960883,2417.4817213716133,1407.4872015890603,4368.566239890871,693.0911254882812,5638.468738730169,460.0371905470013,1331.4189305345635,1171.3275032721385,447.26901273700565,792.2104457259924,2670.866600294458,1749.4785500604212,2085.0040097636183,3556.0550430045005,757.0784924725565,2343.862643281639,3436.196316167378,348.8846989511938,1330.3161185118183,719.4470953552095,305.5983806017545,1270.95838346553,1173.2316699514695,518.3346900642109,1052.1911848708737,1313.7104741930427,789.4827126078869,1365.7678706996721,2290.6830385910953,2445.291690463004,545.5496578558744,1329.155473924873,476.46558268591366,458.13342307524834,750.9158460873665,335.35833740234375
237,1349,989,42,29606.642578125,15359.314453125,5474.4326171875,10132.09447108507,9895.27406444057,5902.923828125,446.15557861328125,1038.399779332165,26.039318084716797,713.33598020541,1148.38623046875,524.9010923263252,636.1310424804688,4779.311885918457,330.5113635441685,1529.187659952514,334.53188171822376,2558.1379598532367,2587.7323155771774,1403.5177374888062,5491.0940462438,801.7979736328125,7308.4116250429615,195.0064319920437,1170.1561150071952,371.97607292591323,340.06083302838243,834.013949450906,3247.025790835141,1817.2703362689583,2367.0800662402685,4290.719774266783,173.04606501043403,2447.5702397079654,3825.857425853985,173.60846676556818,1562.1014425860537,668.881183604354,318.85184388727276,2146.587722377513,1338.522388316,348.93947978894425,1044.3582431552886,1284.013031587719,2756.459583326317,1317.7120375124368,2873.1659799733457,3062.2437449593276,385.7074363026229,1782.9456005628406,247.90749153035324,371.3969866729194,1672.3156205228374,324.5325927734375
238,1259,1014,43,28770.14453125,15132.326171875,5969.2919921875,12188.639342373819,10487.635112693191,7340.7578125,338.5869140625,1244.0000284660453,582.4639892578125,1352.8121034708633,449.23681640625,1054.6322036853758,225.5308074951172,4959.228104525693,278.55854596326,1380.1144347109662,342.75732496344716,1638.4572323048378,2235.4772758144486,415.3667521684783,4077.673396662346,783.1077880859375,5525.300794814828,231.45682907132974,1031.9692981881328,660.2714988033521,286.44779265302645,716.4841089043746,2285.09265503103,1610.292014506653,2315.1911553619125,3511.8779179819553,484.6628894593706,2199.412500379331,3761.394971606413,216.5436130752039,1467.2371585825251,853.318335242822,378.40861853921024,1346.8054888100019,1227.4675856445867,325.86793954592184,1479.3107186765133,1426.5794575161585,1284.593652702879,1236.9335181114693,2208.0758565940087,2575.837796180901,326.9250969016805,1400.3819895847823,228.89260434245878,401.67436802067186,715.9002542732616,557.343505859375
239,980,1013,63,26992.57421875,14567.1953125,4432.2763671875,8765.141450151541,8740.116340253162,5650.966796875,277.55169677734375,1116.2951206161556,614.0065307617188,1754.268712583482,850.8873291015625,300.07352661353775,441.9697265625,5019.008002290205,441.9098206702254,1137.719280297167,276.4479177034443,3321.5943619843697,2223.2446545521816,1219.3285061610752,4240.438504288854,1019.343505859375,5972.939582417455,345.2725463771453,1565.294387957133,907.6052901186957,417.929570484548,628.5632112934037,2592.198324792897,1554.3893323390907,2548.9002912658807,3613.244692750712,455.37481503181124,2383.462449649066,2991.069219784536,455.850423868099,1621.5614661050438,886.1780852228737,274.17729866394563,1513.384613763105,1138.5766061271463,522.1254336951519,1002.4241556148268,1460.8195331105417,1272.1776754902849,1204.5244901519327,2302.881350595515,2613.560138419263,632.9085092146777,1479.9922983441656,406.8683048513948,653.7814548737434,823.5796928692685,711.2508544921875
240,1109,1024,59,26983.576171875,14124.2568359375,4565.18505859375,9177.190704771741,9094.570640469954,5163.5283203125,632.945068359375,920.0230546092,129.1160430908203,797.787479276583,1318.5107421875,776.8188926355642,548.1792602539062,4479.379247605935,390.4215032014847,1056.398818344839,479.1329969271583,2181.917241405343,2499.1868057218153,1379.014805108507,4727.142081103389,628.5333251953125,6504.782783502311,115.5196954512918,1267.421128146507,551.878250596255,403.71034243319116,842.4685245462332,2934.5588018207086,1839.377613443004,2063.5022071296567,3995.7340881994446,374.61587883642346,2137.5271763098563,3422.864901703111,222.2702487352249,1263.9123485150906,710.6404264620735,183.28119996840118,1599.692745833226,1184.1542356555838,222.43330310630486,850.4482542840941,1086.281330685916,1697.9378460478179,1478.215813426851,2622.252666417554,2738.652121894618,249.69108181312748,1582.1752005711185,262.4316341259863,296.52397646853774,1080.7763629692215,235.13233947753906
241,1251,1040,120,31553.130859375,16280.91796875,6810.76220703125,12939.632253439342,11446.32091247681,7955.73779296875,326.4792785644531,352.4736757207419,631.3955688476562,331.76446375009425,612.7557373046875,243.0319367442203,278.8236083984375,5159.824581202298,128.99268838499728,416.4940194793761,262.34919044593704,1055.7751483711868,2486.3263407540408,908.9787655195081,4638.023413385824,891.0205078125,6555.352679888068,139.56535990735642,1605.1805159341454,87.84498811803184,318.38867027700906,895.8970675099667,2712.9856150035043,1811.8390519378122,2586.046463643333,4082.200178301733,311.6159635418038,2392.854727097584,4102.292996864856,153.39048050796498,1563.8146395989252,879.5820921033469,99.11739885562963,1505.4696985284156,1561.667858724401,224.54513307380523,1622.215649491496,1469.3155447514798,1629.9866713358422,1431.2331107732975,2676.4343089309996,2980.9581419667816,200.51599012046393,1646.1900560454512,176.30984025136866,244.18258129386285,940.3887753979092,622.170166015625
242,843,1057,115,27685.365234375,15006.044921875,4721.6494140625,11584.19316424057,10149.617218573712,6053.91015625,262.4727783203125,1504.297004928702,219.1132354736328,1174.6290363990295,884.5394287109375,1386.4242860154952,366.8308410644531,5205.773029147443,334.6061466467733,1155.2791531360936,355.67233958434605,1560.6335758962455,2262.8911479041767,435.8393175317357,3644.244188471198,814.1546630859375,5670.66127522187,246.90036457479601,1591.7160020141703,814.0561025752653,397.21050447651686,788.9279483318825,2154.8187234656275,1553.4917735217655,2088.6999213673594,3460.7162125973086,456.97993999341463,1876.7222536958402,3000.5397409307075,265.4714343974604,1318.6809975107933,760.8584644074006,235.0551961635097,1472.1924529454618,1014.5934123250978,221.09602547832353,1247.8052744320628,1250.9247421538648,2486.053530343497,1165.07615447602,2064.127371410244,2276.9658648234495,338.41281544752553,1320.6504817073746,334.9786357184218,379.6957412074634,1625.4679726176107,488.78375244140625
243,695,1073,120,21126.421875,11403.912109375,3395.154296875,9063.48512880004,7815.294860919809,4280.44873046875,230.1402130126953,799.0048363446911,163.52938842773438,682.9025822666176,856.420166015625,771.5163528455865,323.77227783203125,3169.7046926184635,104.28694707009852,649.6073946693176,25.784351711638223,1716.7563757360717,1998.8917433284298,416.2756436453638,3477.072943688366,597.712646484375,4660.018484463502,125.35621156300452,700.9447756870006,270.6429227736901,133.7936011957235,468.04745174323415,2069.8658043994924,1351.0902644216542,1348.9025413509396,2859.173537288034,418.63251013879693,1497.1226648358831,2594.027365815367,46.9547071426151,1057.2034212951955,773.1471749492501,186.24938231417778,1099.9279292836434,927.9017129240244,263.04366976150334,816.5232239202912,904.6607295779261,653.7236042771262,1069.1435242977486,1823.5771795485496,1947.4360723870657,266.6522471511474,1196.751676829714,249.91846013745732,577.3261444633956,435.54227712086964,356.1152038574219
244,1173,1073,104,28681.5546875,14834.23828125,5063.333984375,9159.084130583706,9352.328399954164,5519.39013671875,370.2617492675781,740.4254608325995,26.08612823486328,1285.7379106157452,1167.53662109375,355.6526426679803,684.5651245117188,4601.86343805552,283.89685344745794,1034.2371597514107,159.03748670388524,2900.6114872961366,2892.641571130048,1522.3727079344633,5615.105614829761,774.9805908203125,7064.1783865067755,234.67481269248051,1433.2364096270933,666.6630389691683,396.7209053770289,794.7811489261062,3424.201465596065,2074.0684884779917,2299.0204890059126,4366.7929380628475,323.57324678840257,2371.338332057208,4013.980572341443,239.223019279239,1483.5485073423295,624.0624886492112,151.38563075664163,1769.5559173730876,1566.9076188384024,203.3773960947446,1232.6222327738994,1269.1736460358522,1289.8444238229229,1636.1456476574688,2864.126717425385,3001.3095952495114,367.90459567938626,1766.0615726030467,207.05724795595776,274.83227659466127,973.8792204295096,288.39141845703125
245,955,1083,94,26988.775390625,14020.6005859375,4495.7900390625,9201.340495202323,9160.062018312323,5048.1787109375,126.31004333496094,798.4016244212291,270.0003662109375,622.405854187942,1295.7325439453125,485.4121017165982,611.3785400390625,3653.76722969181,321.4731514907989,668.2570972822181,212.21827594164438,1945.8178181456901,2915.111398403148,1628.6818359475735,4614.413705905126,937.28271484375,6665.737822113148,333.91114265024623,1036.8439356869592,664.9671241006448,484.6779049738071,753.6614461310683,3060.336629014918,2072.5931410095486,2171.269575571483,4193.62451814927,262.40277747203237,2334.0879892934236,2977.0015963269684,336.2086057861303,1520.8798347298039,569.7165982670438,145.26941486691595,1307.1123419469825,1309.8895245429107,308.2888771859625,1014.9113758558155,1336.9004057051734,1562.517413866892,1603.1417120753574,2786.102790137296,2664.3837911188953,354.4885680819683,1569.3646463312105,217.2782671134266,212.431132614286,1310.5413250562792,552.2046508789062
246,1103,1095,211,26195.66796875,14290.5859375,4079.568603515625,8908.355674990853,8518.81761854993,5704.11083984375,9.633535385131836,659.0068683194813,498.3479309082031,542.6002586622308,1248.659912109375,815.2912736145186,211.34039306640625,4363.729227743006,209.3477214959136,884.1471343268457,203.0931424920793,2099.1064604929516,2163.933946423694,857.8487619798593,3919.4453555271766,648.3088989257812,5574.175298953522,114.52196266474078,955.3180091724146,506.3817438772372,337.040770628715,534.4994366420802,2442.9909007366946,1621.0644325202936,1884.6501633946593,3520.1478347690513,278.82893774548006,2123.3702679436,2976.126077494056,262.92034517566213,1286.2016706409065,803.0871111208818,188.25101762218708,1033.6539624295276,1183.6982907451986,326.3725756124039,1060.8365116217647,1132.3982796459723,1193.5045939571585,1269.621010913978,2262.6991395225873,2376.8588531263117,163.34560838833622,1363.4056987616123,212.30396215011456,351.57543291133265,735.9033215592592,494.7652587890625
247,1343,1074,139,30803.06640625,15589.6357421875,6387.1435546875,11555.931148400841,11025.356538029646,6948.5419921875,246.85330200195312,967.3802172602516,539.0662841796875,1425.7103511882367,761.2877807617188,408.59397015823913,479.70684814453125,5658.566923181556,84.05195136062662,1696.8191567253903,251.9679089148369,2227.8375852755034,2939.877621328304,655.4651389591261,4472.37413774666,1046.9307861328125,6917.793187882732,221.92510646086632,1006.1305776555228,484.1439154636863,261.53935509173994,616.4789351447224,2836.570379050795,2134.7771172157627,2476.124284788792,4425.90544711158,652.8635129281597,2570.8386921588713,3583.5378147359556,285.9979356862519,1551.8871463211894,877.8812348170824,157.89303599159,1399.3411778006498,1424.6783775860022,331.9985718785403,1373.0590215696475,1431.807048448808,1626.9985122700705,1668.0415124693116,2755.5195736656274,2971.6378006061923,423.1146335571241,1669.6533721734959,183.01551306260131,280.4415275715787,998.9207823148688,677.1112670898438
248,752,1121,71,21998.2109375,11682.7763671875,3609.314208984375,7987.784485490078,7509.8112099488535,4435.12890625,225.22142028808594,488.6834160924313,172.66390991210938,1580.9435026267029,998.0531005859375,518.0485167381547,270.55548095703125,3178.7726451257886,176.95274413648448,1597.218224316164,474.3289630602271,1013.3236252002316,2030.2038841467063,618.7250313937586,3536.1368755418625,482.358642578125,5004.575755364244,158.12302647501434,874.0577122107004,216.25548017085563,100.58035603939074,535.9977246946949,2240.3088598850145,1516.5206063326211,1222.28701995408,3176.7784860527568,584.8215012817102,1606.8237171090655,2692.322147692811,73.75014669357762,1202.2361654938468,425.5553360869809,148.88823696659404,1046.8218652381724,1117.073292174286,83.4261765351516,969.5997758895068,916.5884310386114,1457.509716761263,1202.8359256816743,2057.818730278216,2222.947486499715,245.63780536663916,1250.2481911190378,258.47922523605894,454.96246575345964,1055.4737439186333,263.20599365234375
249,1034,1135,33,24741.173828125,13770.177734375,3036.28662109375,8402.222814657396,8052.393500920841,4373.3935546875,711.4083862304688,376.2369875942914,231.27798461914062,35.53146840566997,1457.4691162109375,264.05382885399035,607.04150390625,3367.725441562273,78.95897938630962,441.663708886606,119.56429474472046,1336.632855645626,2089.917399043783,1218.3560466468464,3784.4750032507914,645.43798828125,5372.070846471562,87.95872407932104,984.6383044229423,282.9814589777232,456.16823655531147,908.4325501238786,2351.3969877222908,1572.1267111125067,1849.162625186362,3393.764641054536,256.3848697618975,2005.3459796433108,2945.691347618125,210.1233511044194,1160.8600298941817,647.7910076054886,260.5236621030714,1066.0471059471565,1031.768214986141,192.71232821906204,879.6388252906598,1036.8814495189483,563.8503135451427,1258.6383408817676,2165.613927800317,2303.4543025718935,294.532716340601,1332.4500641538339,219.8595707918068,364.82524819477123,393.81041781899097,235.91433715820312
250,1128,1155,99,28941.609375,14564.986328125,6067.99560546875,10891.120786837642,10251.80427515653,6415.72412109375,187.082275390625,2143.4208497864347,458.20697021484375,1449.4389841598183,638.263671875,1043.8147524652395,342.09869384765625,4857.3120757707,369.2736024991884,907.2861867245642,275.47158743964314,1754.147359349114,2999.4051399961645,693.9901104880903,4772.758118783959,815.898681640625,6556.285627729415,389.837763729053,1526.3935295903457,900.0073954070602,167.12373495843565,677.6507916100887,2937.8270421901602,2149.9373137985463,2193.8959713364775,4215.284901252081,650.6337773412278,2103.5492833686785,4117.103824895527,176.9224206049885,1383.197626669091,651.9423009454038,174.05377638054466,1742.9492539565686,1655.786342691208,247.72342119612975,1438.9728108761426,1170.9170476862191,1431.840675754598,1793.7174143562222,2752.9135177142507,3054.1383558965035,313.9136969251543,1608.664855611185,184.21968340650287,359.2512922698762,985.3254820035345,578.56298828125
251,1263,1189,95,33241.2578125,17724.96484375,5956.6845703125,13237.88039770586,11869.375794682677,7595.1943359375,22.81405258178711,2137.6447980729895,543.465087890625,1260.8217686941116,1272.445556640625,930.7584345811407,250.508544921875,6038.392103301136,144.62565443801574,901.7111610630665,37.949981536399314,1617.8086945822245,3130.8886864668625,592.4565071550264,4815.790113011196,779.3280029296875,7401.510578920912,117.91848426004219,1383.5104065507453,695.0581197446111,181.25393463202929,462.2279570298293,2948.579311753846,2170.401939118396,1830.673614940863,4541.8455787613875,668.9383626734374,2252.918742813179,3833.699748776247,134.4079268431231,1314.2175769967241,1076.6146302743923,347.04820391503563,1950.30266815603,1523.5370351367364,529.8780550254195,1222.267351988233,1310.2073813815034,1989.037650438496,1732.8866331292745,2842.618769052068,3019.4245923778867,447.69421787680915,1812.3049267533906,281.3956820056098,414.5099935860302,1449.9538208009214,543.486328125
252,1026,1191,144,31170.236328125,16098.916015625,6185.1376953125,11959.695238271028,11197.896472647808,6811.13916015625,255.39443969726562,1435.2789072179623,404.6624755859375,1105.6459021957012,1060.1488037109375,1050.7738826503862,245.25901794433594,6222.988436033495,261.5827247377196,1173.7803170823036,252.2322848070374,2269.1658852490345,2734.7080605294864,758.9820900983553,4733.880971675711,711.6689453125,7104.967750349312,84.71071867373037,1600.9852106413646,793.2334070676144,305.1350590185492,635.1455265456813,2823.925925655986,1875.4421672870471,2365.765232073406,4275.458936243243,252.845142565783,2253.2880856797615,3760.2302659329275,180.39306434975816,1344.5110148518304,1001.2349855073688,130.0839792990972,1888.765692535327,1447.1312422125106,288.0705126898553,1186.0123638271991,1161.2962581353952,1921.0761155115883,1432.348670240989,2713.840204866552,3001.7659251799687,413.9459017946724,1798.7082962003606,263.28631409139996,278.5487600319483,1281.5983183830137,435.53594970703125
253,789,1169,126,24062.0234375,12636.740234375,4255.32958984375,8007.590278968002,7879.236271824093,4929.3720703125,66.64578247070312,1049.7305244844351,137.1478729248047,868.5705245907888,705.771240234375,655.729683055419,487.1683044433594,3537.4953279343663,355.25568853848694,646.3912516430485,390.74778528066236,1829.391853676198,2285.790274552473,1367.9643010547788,4164.729846211502,677.0534057617188,5404.110784939896,337.6266747715653,1173.5480341118405,361.520958397558,417.2828696423081,908.3951177129687,2473.586839942172,1614.6488999179733,1981.6729630472892,3395.1260310470957,551.4316453821841,2144.18710222521,3388.199166361565,217.46040302180754,1425.7025497260643,546.4524986043681,184.67968710120718,1163.842485813752,1146.22407787099,368.03133569956475,950.1044169596578,1257.4471515059315,1151.048773669681,1253.9207733149888,2138.668686929552,2564.9009673406545,314.62595325529054,1337.0578136257247,225.7269068099036,363.9182048619851,795.6166905554254,297.28472900390625
254,1238,1161,29,25299.69921875,14013.0390625,3387.912109375,8365.273744923405,8159.710491225249,4745.4375,646.656005859375,982.1892234001325,84.00418853759766,1301.2525884309175,1461.74365234375,456.9197532723238,529.0028076171875,4014.3729381112075,380.70484712869126,874.8660014041174,566.0720614250954,1821.213532093249,2103.849919503811,1032.7353437580673,3845.3489202579904,669.8915405273438,5484.94018725352,250.64683465574612,1041.2504611113263,368.2987412534715,397.67722018038654,672.6756366945759,2341.1864350333976,1533.006277140083,2141.0860085611857,3392.3263474872406,607.1449007175883,1853.835064986608,2971.3744221264606,279.0632733133193,1206.6971139436798,568.0235824608292,276.3723084668467,1140.089645995374,1047.1811441752625,330.48158728221694,956.7227485543642,1009.4370194630278,581.3531679851369,1176.4639989345953,2131.906188029146,2276.7934097244793,269.19376281475115,1329.8186501783543,286.85210246748704,307.8109460628938,347.72139884391487,262.0720520019531
255,824,1158,199,19872.0078125,10411.470703125,3244.592041015625,7358.234207605295,7026.743005846387,3530.913818359375,428.6220703125,507.2890675551362,31.520612716674805,1020.8348765306245,888.6632690429688,614.0601779785861,386.8137512207031,3107.3111038262673,325.13229233672865,1462.715010041254,265.5188725643688,1168.4555193739875,2003.2490982801917,816.8770553690321,3228.120803821554,534.1695556640625,4786.451601502231,191.47535404766904,790.6062611840676,248.8634030870914,168.7870730299022,616.0978762794803,2031.0261748355128,1399.1637372744167,1479.2148702499364,2952.7678595708753,80.58388448153254,1469.1079071005104,2348.689731734887,65.28956888632979,1017.9730791852421,449.1121399876077,156.63971081229542,1189.8328654918685,941.5378635978024,240.93707072623732,736.1499893874208,844.397297196355,1674.1829085441245,1092.8834885978195,1854.2053303167536,1891.2546711818122,172.88131561911396,1148.5195691266733,123.2926280394536,252.97594019874893,1371.4449450059603,274.9433898925781
256,1349,1209,50,29488.734375,14234.115234375,6996.2734375,13078.470977835956,11768.007405769315,6571.619140625,67.51398468017578,831.3128282024358,542.65869140625,1107.7069014803765,747.4906616210938,681.2687744142223,307.0799865722656,5396.815867855216,148.5712265208211,884.9686923434672,356.55928557496054,2179.2669797874496,2918.3375605951087,754.8437104192734,4865.634088592749,741.8760375976562,7152.984486525289,180.83358877738152,1251.3125970843375,203.13369260747746,140.07851144184394,671.8344261076766,2970.3256944725745,1949.4600697762628,2268.83306674393,4379.502015013148,364.4240428751316,2136.085492562826,3595.0821981566173,188.1640838389196,1484.615170594484,886.3620680417498,231.2248230100919,1962.214049530115,1341.1932167878792,224.5427811536606,1201.0226739620323,1226.6464231445486,1556.3732961763399,1545.8484731439821,2891.5101801922665,3099.004771928073,417.3629105254437,2028.0958398359808,273.82649106168196,251.78769908566463,906.6068934178174,444.8646240234375
257,955,1190,111,28791.3984375,15951.15625,4307.01708984375,10875.791692930905,9765.251916830019,6239.7421875,233.44200134277344,419.25879784925803,248.74981689453125,1697.4268464086965,1355.137939453125,565.6380397076517,373.54119873046875,4686.061720508643,334.6604401087003,1497.8744535157123,137.9885584253869,1833.3403986484357,2357.2318770867396,682.6234442161802,4104.762100566617,665.6986083984375,5970.234244635778,261.29260020430416,1485.9793121487733,712.166285272262,230.51387731772937,608.778050893383,2435.6681566799516,1671.7277523619566,1734.8896074390832,3686.373730168856,421.70029929094966,2009.2520383092292,3629.1003833240134,39.36620739891656,1179.575835395876,823.7111390938611,185.07590921935656,1561.2376186581369,1238.809222950384,339.3246648457018,1217.3152798041476,1048.7562470714797,1459.5866522346014,1276.5574266567799,2356.003842605117,2582.9194190729695,390.76018860715504,1472.2795186201722,261.80374152644316,392.95489586141093,943.3699758802906,374.1089172363281
258,1227,1183,174,29674.861328125,15277.51953125,6239.8095703125,11916.363238089038,10742.530785460283,7165.64697265625,250.81605529785156,282.5472013463993,588.931396484375,664.6718660972957,756.0157470703125,379.07292334881095,349.001220703125,5147.784329996679,243.64725879208018,694.9518298240898,128.93948637516533,1662.6917311760985,2293.430705740883,500.42266432221834,4170.253061211964,864.9140625,6300.0994864406675,254.84441842344123,1018.1157490362032,260.1113616253604,153.79760495927198,616.6568925838541,2528.010504822482,1686.3264846048905,2159.8199173825406,3920.8830539964374,310.2868571757236,2278.7238945010336,3485.754270443265,156.12506468679723,1435.065076171485,789.8946545859131,115.77772147802068,1246.3004198467195,1395.8525244726216,261.89174491670593,1352.5059150329375,1343.0476445988616,1010.778525431833,1258.6403066520836,2516.9569265084624,2750.235098305739,227.24999841610222,1595.5320877387799,124.17984228356966,252.87029699725773,557.4528526326476,556.1220092773438
259,856,1190,63,25178.529296875,13214.13671875,4172.7158203125,9216.100810275297,8838.41561384402,4559.15966796875,482.9850158691406,1138.5691712278851,127.77172088623047,423.7359781279493,1165.544189453125,607.336071463286,352.3935852050781,4249.469131849641,49.48815295621624,611.2072501911699,235.02360671033736,1977.341619501545,2253.843521324089,1340.9150357510657,3991.1540362761766,617.454833984375,5992.07079468347,214.5671455004155,1042.7509606250699,476.6637908753422,317.7515804258724,605.3764342175009,2464.2263318032133,1587.2881967731334,2122.174552857603,3633.8211220432922,542.2058860329712,2104.8942381751085,2886.0953950456415,327.63894401975716,1045.2378162347966,850.7332532155835,229.77879273126499,1525.459692590774,1252.9055129148303,199.95843773818473,949.3407434893595,967.8488998211187,1076.9087978302543,1220.1096278527023,2268.835832528733,2447.9536677624637,264.19387295929914,1524.9853969611459,220.6727097849749,264.48379358430554,786.6210479299905,386.42388916015625
260,683,1200,214,16945.265625,9035.9326171875,2621.2666015625,6954.280036325741,6285.924541168681,3058.52880859375,500.64874267578125,433.49136394377507,74.48054504394531,1141.798273980648,868.4197998046875,385.3009522489775,330.13916015625,2695.6428885507953,151.84716433870503,1246.1812935084558,293.6037561506895,495.4632624971512,1541.5464019907909,568.5797514217696,2210.2869012797933,521.16064453125,3607.5957669804197,58.38815962145326,639.1437239705883,155.98165184718874,139.01055493778583,562.1386102625071,1433.6191637942586,1126.1794494462395,1307.4852294090585,2333.9931827724286,392.3361168707267,1177.1566806274411,1837.366052396742,101.15396478971526,820.046852376372,446.8423628761886,86.52409922584599,687.9736297444194,745.0224385817912,109.03600371782687,728.9979316747903,684.7559885396573,881.3064663828334,925.783859500334,1479.8836866590464,1615.4169829120733,200.05615257109454,902.0814687110047,121.3101061554352,177.03925428901388,860.8578481169164,271.9272155761719
261,1049,1221,70,29011.599609375,14573.8486328125,5266.5712890625,10463.702997240192,10424.200191122647,4986.33251953125,541.018798828125,442.324311083143,49.72438430786133,1309.1413208285974,1312.470703125,821.9717237022705,731.1768188476562,4427.696722288344,331.9166856084191,1281.8493406309701,359.6057786273513,2263.303544666992,3408.9116868425663,1587.948146712462,5519.262618284436,875.90283203125,7841.671373141257,184.1963525745602,1143.1324072638733,487.14761287848506,420.2476710031604,949.3071310337796,3542.776206317079,2341.4408905682976,2021.3901915815086,4820.790559025958,133.0408552067539,2211.1776830599947,3603.536274054372,309.39653311593077,1591.4782857361163,478.49891686179427,179.2224333795922,2010.6077339717353,1429.4178387179527,231.83890394601886,1157.928249817407,1294.0646707690887,1273.8504385429687,1786.6121518062334,3060.0384694483396,2949.2351558347605,442.7695033571145,1889.3317978419598,237.6756729979851,585.241339037539,823.4413438870131,389.5859375
262,870,1229,175,23571.93359375,12063.0869140625,4250.5947265625,8315.679557735677,8118.072717815075,4389.27099609375,327.74444580078125,366.1267614894671,3.517279624938965,1105.858143904451,929.0330810546875,187.9029083286587,564.1783447265625,3334.0117031131535,67.07723976911835,997.6128243894054,90.57836977619006,1488.6426390306128,2380.2283349725617,1348.0341378048577,4369.84185827229,727.1724853515625,5874.047491165467,112.04896046644784,974.2346703170327,159.54338625167355,253.12582620667857,687.3968417927492,2726.437829761009,1698.7543126258906,1789.0238671731695,3621.5253475677764,61.80397199952596,1890.4875204501736,3051.4674436648643,158.52741207397395,1267.2774819285298,446.68287288483793,70.27419004514844,1498.358767765896,1220.3105988941115,148.4911208442458,977.6094808176247,1019.2952671442595,1094.012290208443,1294.137271368886,2351.4557776865327,2395.475422781093,156.37121852503174,1425.2182945989564,144.19678366586345,314.59237971021764,891.2292431247294,380.0803527832031
263,1161,1297,45,34036.44140625,18859.4609375,5693.2998046875,12718.249974250306,11190.277636441437,8201.322265625,254.5543212890625,1010.162479394309,451.3283386230469,479.967274801064,824.6525268554688,1268.4716431839856,597.0413818359375,5851.810649709552,219.25325104219647,812.504863467068,394.07034176458114,3839.8534578411727,2745.4548437949966,1143.4114278975087,5243.53156605174,1172.435302734375,6821.076711794092,146.14338765170984,2222.213222020007,188.9673846515636,202.20117109699515,777.4882101814843,2829.6842419629784,1848.2168742517508,2680.8339525270553,4101.73633281119,854.0860727020097,2758.522845594218,5067.918862498216,150.04524736624296,1549.7321911560975,1086.436030749651,335.6733360813443,2635.127631770751,1525.2496790082444,284.75707139858497,1340.912552260913,1532.9776509719275,1626.9450481588153,1387.6883981127487,2566.913461507197,2981.951586228271,449.9035782972051,1703.2682025133838,289.43692399754605,270.5740074673369,1070.5836635856433,752.4293823242188
264,856,1262,36,24133.7890625,13326.94140625,3167.261962890625,8595.230106141842,8137.00557468418,4352.79833984375,790.232421875,920.2850446415276,35.58732986450195,255.51068778647482,1690.9326171875,266.95575612683047,385.04217529296875,3464.406312344758,111.14554802035818,939.2300701334901,67.20658038015024,1403.5551835516517,2079.8337330492,1069.1100151097799,3697.5898067476683,557.4139404296875,5468.403279458971,99.831714062342,1058.845914998848,447.71080460563985,317.4185393312979,864.5766045217844,2304.854198211175,1460.029335951154,1612.8883118906242,3317.945935485826,232.0291346264645,1728.9950421733001,2621.8156885858725,156.5278729026971,1232.61487836658,516.5240671380235,183.75299016512113,1244.4389367906354,1048.9469198059112,140.30397764814526,969.7812175523129,1027.4937371432677,921.9085763265084,1150.0025490573598,2162.465486624372,2205.8068810090526,204.92365808261005,1408.8599499405623,229.8194659457002,526.4886071718767,736.9960511106233,238.55905151367188
265,1108,1243,160,29544.58203125,14966.5693359375,5882.8369140625,10343.191124295778,10203.291314686985,6159.7470703125,147.81045532226562,349.22928163077177,185.20709228515625,488.02608391130553,999.0538330078125,339.6758522505981,622.2864990234375,4844.814212580631,131.54537986318505,419.9951142748889,114.77150773959698,2317.9629363159584,2591.217822500944,1292.4395944764435,5383.111790735339,869.5015869140625,7220.686563598092,145.560508608534,1138.7030305808619,397.5639158307821,386.833073702729,836.2891376733268,3283.328104758581,1942.863894406156,2307.8109092883014,4412.460368116215,160.26502897295697,2455.0958380584975,3762.8909488141485,278.39863344199364,1633.2474676111826,713.2000002659549,217.0722209097348,1738.4173597437466,1529.0037943599675,268.9233934726487,1111.3137368917676,1368.3742429085855,1628.4116704460876,1571.3683293717042,2898.875140709427,3020.8766515569596,280.3175211098354,1849.30344822096,229.00529400995703,260.59801976677034,966.1817010504815,421.59381103515625
266,1324,1261,151,31146.0390625,16015.77734375,6622.66552734375,12588.714889480601,11282.090791083225,7626.4521484375,202.3381805419922,556.425027506501,521.3109130859375,521.1301814681543,726.4093627929688,163.36836634308912,315.4122314453125,5195.900005884289,77.56976180305756,671.2155484501177,232.9420940815144,1581.1380411779164,2708.5898633993797,702.9333359294382,4636.48133940782,805.33984375,6608.559462384495,217.8287431386908,1306.2850218328188,354.828825453222,224.9650097214312,659.1590198923595,2777.1410584153323,1922.496996963739,2557.7963969831612,4140.874547598721,372.30262154041554,2471.9401167694077,3811.5925310204166,166.35432659030351,1552.6582704306174,875.0063358502076,126.87033276173413,1544.7909523932676,1596.5663162686765,249.96349882627734,1600.9115192613028,1447.9875235582715,850.1830401962072,1503.6803436583148,2655.653340149197,2951.9313551789082,276.9864658539132,1593.7123481086517,256.6444806241409,377.0513291553602,556.798779604667,505.64947509765625
267,764,1264,79,22585.33984375,12094.890625,3488.6328125,8165.332313158685,7669.459939542315,4371.93212890625,430.9020690917969,489.0883578862437,95.6639404296875,998.9895909902137,1251.5537109375,332.0641879247108,328.36419677734375,3182.1645030279014,189.6832542814099,981.0666565726427,306.22005530008465,1013.2171654032142,2166.3425465883524,745.8301150060854,3622.214098703493,551.09423828125,5161.385252724989,43.15081888571535,939.0806524544512,437.24897722703844,137.02694250918393,567.3530299126112,2339.8241918292574,1584.728227481165,1259.4504255705574,3252.4375154904196,321.2070392193583,1534.0306271391141,2678.3935706242546,132.06945843378946,1183.9897976044872,334.7281487098165,119.00464396782598,1184.9404158661428,1175.8245185668525,145.78206665955867,908.9511961472729,913.9513883107253,1137.7557111537792,1270.7493315441197,2107.24403988605,2198.2164661329653,226.40482100266922,1250.6086887029046,140.6732381437434,391.91526460059526,879.7357693237477,298.76031494140625
268,817,1260,126,23612.87109375,12677.666015625,3761.377197265625,7969.724668109266,7696.0317951403495,4797.2978515625,222.8865966796875,527.9563984736168,8.021462440490723,751.0566794456926,946.060302734375,385.2181939272307,603.5284423828125,3258.4088283735277,287.99979526556297,606.1447699614893,283.02455550043425,1643.6323025428728,2094.3742786040984,1379.2181556487685,3822.7323041468403,794.0911865234375,5192.22678768943,172.09847237050192,993.7241292271668,347.52147653381576,462.12498708391024,902.606330304033,2353.0325768009707,1572.0155402628425,1957.0959866042367,3299.311090397722,310.1387258479232,2012.674300024018,2993.608199091,294.8405113667188,1393.7236720585197,473.7036185532513,207.19239047268152,1040.4403032428206,1066.9142275015192,246.03393762181142,962.273234243543,1227.1073948661651,588.477837030334,1245.257659137452,2091.766524920002,2258.224718610124,343.29773095771355,1246.5737116023026,235.9850947900402,304.4481362366136,457.4800987650103,365.68603515625
269,693,1258,133,19934.1328125,10542.9150390625,2960.66748046875,7192.287999804081,6937.550122757329,3355.445068359375,639.8969116210938,630.3518157611951,173.57496643066406,1008.4324942016839,1185.0927734375,99.89266449257892,435.52734375,2706.047440847851,119.07707400469641,1253.9511550716836,120.0467479857363,1083.4973522488604,2234.8566478714047,984.171850904904,3454.24269093925,505.2133483886719,4972.647564169272,163.2030612364522,859.5216396054752,335.74798259832943,245.09812052865595,699.751426838926,2239.9537310214037,1543.8743773177273,1292.9330862253207,3090.9317218877386,249.12388035916268,1493.037479410428,2342.6567237331938,120.86509661743239,1064.2259991703684,318.66432718151617,85.69257566627756,1206.5878314270788,995.4603580550635,136.44300805167407,749.2575296609571,864.5260419580743,764.4038656683771,1220.7663291384747,2009.5223533883827,1937.2326412275731,151.9145463041147,1134.4659937608815,152.77141516941987,441.88989613060033,698.0539838409483,225.84385681152344
270,1007,1297,49,26781.55078125,14287.9921875,4157.8310546875,9280.651523597351,9042.258111195471,4982.7734375,628.5174560546875,757.3293742326931,97.37681579589844,1721.3967758001454,1501.43115234375,589.7747035172871,636.3333129882812,3948.4320203138136,158.3825210987377,2156.9507891575086,279.7521255908309,1853.5757531885463,2579.3312238133512,1202.9842332674284,4506.711835505226,735.4965209960938,6267.595020070236,111.95655678910708,1178.030054292193,302.34601564150546,255.62303146075618,919.4933019768984,2802.026401918983,1787.4364180635296,1661.6743150071627,3860.238539992686,281.7165873153548,2096.6262913821934,3288.791215160529,71.7341881294015,1464.5663565303855,496.5439811622048,194.2996374855335,1480.9006073787277,1280.6032129442083,186.6584640692132,1065.1308576428362,1153.8968555175054,1688.5809987683026,1395.750162335856,2557.4548826276923,2616.6011068286825,196.03599814490354,1603.1734405100244,327.78641285297414,642.0178949961552,1392.9129317521802,263.255615234375
271,690,1332,49,20566.3046875,11259.8125,2951.1240234375,8015.357784298663,7211.810033313725,4073.245361328125,389.294189453125,306.9975206012901,37.311439514160156,925.8926731061579,1218.757080078125,250.5482173940944,413.08013916015625,2974.5320088958606,107.09807633442816,1110.107784309272,194.27896041872344,799.3485516545387,1906.762765114551,322.25185902065505,2836.4924123143624,560.822265625,4486.057572892933,56.64594554779721,767.8073288220693,354.59188670339574,136.23129479924404,427.2277582709609,1860.9162655019827,1373.0001507059926,908.2739835859765,2840.251860249521,300.7302579753297,1281.5706680440783,2244.036167439639,119.07748128171801,990.4848767345499,333.95896561897155,122.10536621776106,910.1701785041673,951.7820285552212,119.43125305705796,970.2849813568831,824.8090451019214,1061.511935318088,1083.0634523612098,1817.4556752409076,1918.3642461595757,256.9491870212986,1107.7429449862252,194.29817941915454,314.65859160757424,965.4047837749637,220.76202392578125
272,918,1322,137,27380.330078125,13766.0029296875,6060.7705078125,11143.635803132542,10139.777636558325,6294.392578125,110.72716522216797,1020.6487766960815,413.9368591308594,1489.2943001336846,354.51727294921875,702.1576512287346,286.202392578125,5124.617270598659,232.47885202267162,1296.6583670529471,88.03755620704999,1540.4614304455913,2367.6206333052914,545.4677432543293,4081.2033457789967,828.1238403320312,5838.899446814317,201.07000814826833,1253.1078046991615,502.102531356527,166.68074593452715,809.7547550751596,2385.217351500444,1698.8201190816542,2368.967761751542,3684.8652500972535,340.86867541692834,2007.188280973448,3655.6631592815206,70.77154522353038,1304.800168823396,794.3081172687756,168.5128833329656,1416.359643808556,1369.2372579196074,215.55033328002037,1461.6223671839255,1195.1345044852467,1943.4736259866302,1253.1461015274376,2259.3438599801775,2644.188660589776,175.29839697451214,1368.7052840279373,94.42960712799366,218.53321820683635,1182.6132374735814,628.2492065429688
273,1076,1325,83,30538.630859375,15753.177734375,5561.404296875,10228.164278092132,10219.586479195616,6079.607421875,319.1789855957031,1135.943016112033,139.97174072265625,2160.4585837379445,1289.9368896484375,862.2422793117723,591.1681518554688,4789.695382317755,317.5290170988317,2057.4953801638653,255.46456541657994,2780.360777279586,2823.9945818920337,1685.9782840696876,5471.622207702979,809.663330078125,7318.803504651451,216.8515211479234,1501.2577732052314,760.2572553539371,475.1679273663423,962.4662210897206,3301.498445844361,2044.5239437755656,2378.357665696598,4514.95674234046,386.5385856581355,2500.5068927146795,4137.807149642919,257.08394783177073,1499.7803415666665,687.1844460361374,210.9711025013762,1756.5485030259674,1494.1171664461187,189.6178373425657,1252.460295857792,1223.6765397132394,1283.035749993141,1623.4825721641143,2984.745241407223,3149.6868606271833,262.5741461775408,1855.9705408678776,242.22415826912462,406.32870325785524,768.6516070207911,395.946533203125
274,1115,1341,192,28720.1171875,14559.845703125,6008.7666015625,11997.700349790532,10833.14871041166,6276.099609375,155.57986450195312,463.6232107225826,288.77850341796875,777.967144885454,730.1112060546875,545.0576677537847,358.1815185546875,5030.055422181933,159.20577467824373,901.4717392675906,162.79791798266848,1185.0704710141708,2567.6892972514247,602.8659301313268,4476.16113620705,796.5494995117188,6455.756434612581,216.78108119029713,1103.4902737917532,191.27865893373135,150.35481447299904,806.7941366149747,2666.792442020082,1788.864020082228,2154.8457556510543,3974.073104539942,214.2887984310388,2133.74696884046,3548.590168017775,113.97566448140816,1334.500721534041,744.9259507113552,115.1923844216306,1558.6945832474905,1309.0761655901838,114.18140594212896,1369.8883435659652,1146.900015608337,753.2825118788545,1360.0265196845137,2518.0297138699107,2646.8775716655714,292.99384853089407,1617.4313281074974,122.0505715762347,202.18668034696833,603.2346076006187,534.9862060546875
275,1321,1347,166,30323.142578125,15508.259765625,6216.537109375,10571.763977215796,10394.106764861352,6945.65185546875,256.1192321777344,665.5370361728092,631.2294921875,2001.0925726047803,915.2079467773438,740.8079370181973,487.87335205078125,5621.136663659841,305.767980666216,2112.611214878902,389.80958579728605,2701.88649907817,2542.462768757586,937.1162413943368,4921.931572238761,1047.5899658203125,6834.8822948333545,243.9161167987612,1172.6298529208739,422.5519695812869,235.8353351571217,578.5539476137969,3027.852271174534,1878.9634099383698,2564.3548173266167,4249.379996776543,736.0350138933806,2520.98906747547,3659.644683396221,289.40537651758325,1509.4404899220228,915.3495719436243,237.8921834807835,1463.37893335663,1527.8320723105317,319.660879410862,1354.0274455224464,1394.5331740024158,2145.1805933330065,1483.3390420315075,2751.0438868255533,2974.344364105131,439.24643347872404,1718.311387607464,244.26669623556194,230.9743974883734,1172.6309449044688,591.528564453125
276,760,1352,160,21446.87890625,11267.12890625,3310.35400390625,7614.575864326601,7379.64796622757,3759.15673828125,398.1363525390625,509.66840370434676,3.11898136138916,1011.8377941119938,1021.030029296875,238.52641484246973,438.96258544921875,3063.2673122149513,115.31670412152684,916.5679608654538,92.38146133729927,1200.5670806441074,2194.7967848321996,925.3986967636765,3578.16616580986,664.5985107421875,5145.616042338215,66.63486315350598,789.8880496792871,307.2096644459072,292.48498651192654,709.9826272878777,2387.409692743066,1653.8168053795953,1474.0022509048176,3295.4417008248197,189.78429701425142,1548.1365016925035,2401.7627232038203,152.786397652881,1093.5035993069177,395.350238028038,63.94012778119604,1046.8344849530513,1060.107302746983,145.4980164081243,818.8912196428206,901.2865502746157,734.6377308308364,1337.857406729551,2123.9882947087935,2043.8935412804487,117.09873573079311,1188.0220991437002,135.7653602865251,298.25235758965846,683.530752862153,403.8239440917969
277,1234,1355,165,31100.509765625,15757.193359375,6528.55322265625,11854.476630885263,11191.76008578931,6924.82421875,73.938232421875,1276.5928467530955,464.2960205078125,1204.627021050367,747.85546875,1308.040190744731,457.7633056640625,5642.1861706783,319.1282164262961,1656.5700475780197,83.71024017768893,2127.9513034656184,2588.9513935656864,1066.5113491591587,4661.852250318321,965.0826416015625,6938.375050581808,386.22163426339483,1208.8955047820004,901.3876912332538,194.97580389423197,774.6574307139086,2837.2175550065667,1881.1649638455567,2590.7613325530156,4320.756870316914,652.9764857817241,2509.0227676079126,3705.2755786933694,145.9831920009443,1542.9386772861103,854.9272703133578,179.93546691628674,1476.9839208049527,1407.8499803412535,204.74100145778993,1375.7401718112474,1356.6973425617034,1556.7898212111284,1414.902685748562,2759.9745085271134,3142.941035526758,421.264867532496,1868.8027114451222,168.8480236265577,234.36231711515904,995.185504686884,600.9549560546875
278,1600,692,69,31875.9453125,17370.4765625,5633.4931640625,11222.699950830718,10517.305473257438,7990.05224609375,382.6436462402344,1197.0361110650142,923.4544677734375,1010.361659960477,1239.9539794921875,987.5138900040904,162.17138671875,6470.200215125825,177.5378502656977,770.0236147456341,133.90775247432484,3221.766197925314,2509.2987434454844,560.2554431217483,4509.407376585874,927.1112060546875,6450.123339775469,136.9627429424662,1473.9329688081386,478.7981092438894,275.4708738134033,405.2231634435603,2710.447832405201,1839.5683371873056,2337.5088255734845,4022.9413138022915,340.9724983083737,2466.481209379359,3543.415766605387,349.85164428926055,1585.2182789924552,1102.670939544129,320.43501601621693,1297.2000571356066,1208.1645086554224,573.8799306162808,1104.6664751119524,1656.9003140502546,2279.0111558789404,1423.9297608736053,2567.291190285455,3100.752833304819,475.90718158697115,1650.811128686338,329.9732002045377,694.4951389983561,914.7107176709574,659.18310546875
279,1440,715,168,33341.71484375,17459.41015625,6641.435546875,12425.877585726026,11533.621782211425,8034.0009765625,445.88873291015625,1126.864730715597,919.79931640625,1376.797192331649,924.0838012695312,422.2330336131684,255.1157684326172,5887.236235239192,162.4791095803278,733.8898267479817,108.38484245511016,2051.212983563316,2566.1047826337744,762.3588967926753,4764.736337183204,1006.8824462890625,7274.2180360451,139.79697431864642,994.7697359281734,300.7456458194394,392.35885350537245,586.3172254258151,2973.0199658933375,1895.4711652413096,2680.723340619077,4434.10291854054,367.65645942318014,2757.2376864035205,3489.847566750945,450.655520893733,1688.9222632518447,821.5009505608934,154.27346456680206,1681.8397114175457,1446.751378536458,172.91264810125753,1432.4748467640868,1574.1471563238117,1329.0347463390794,1434.903448327515,2909.9872464545424,3067.569201382611,290.52050091101296,1909.5893408616807,245.6838409949461,369.11615841501816,856.1986542385115,714.9342041015625
280,1809,731,51,18372.96484375,9990.228515625,2290.55517578125,6880.336902966464,6458.9721847043675,2812.316650390625,547.3150024414062,1235.0825117728148,47.849037170410156,2966.5083586288806,1061.6292724609375,869.5655781061239,326.2780456542969,2484.0854157930053,232.13167928058618,3366.707324057738,65.22808369391058,737.3209542785729,2001.766895522076,919.3467614690821,2928.530961755227,505.0243835449219,4522.278731525889,184.71479143579774,407.3725017980207,607.8815687314533,326.5129584525522,639.8907211887442,1932.4039372770612,1386.9151141066616,1311.658193428016,2780.974891190559,413.527856310344,1553.094179414981,1803.671180507804,225.65809269515998,941.3250044345808,497.47144437630385,134.96293527135356,1265.2967275921765,909.2769502783326,295.91153446341036,712.448089384358,821.0424208697443,2800.856864000677,1077.9724963719602,1720.7494191137944,1684.808445693147,432.44311424231796,1071.3083908905287,170.3026135483855,285.66609869085227,2332.0494191028765,289.5169982910156
281,1707,749,123,21430.134765625,10742.4453125,4539.5,10412.99555459582,8956.117848817505,4634.01904296875,121.12191772460938,1463.4306623446282,316.3574523925781,1643.8412307646022,606.9029541015625,806.0094794376154,129.05792236328125,3626.2725706447554,192.21847654510702,2047.7484445821196,202.13183578367858,441.51534468727857,2214.691339206698,363.23021976797304,3019.665381079359,561.1343994140625,4686.11444607021,129.94597112673978,775.4467517543939,305.61853175632393,96.9658114146818,599.9480238561588,1860.8787154568693,1517.261258314472,1724.0390258616137,3024.585682316114,224.84371785214717,1343.0526846990474,2697.4717915100136,31.637707676828104,943.2966736558805,631.0870776335603,101.1310848807387,1079.8602448567096,1060.250130305583,231.22242403187695,1128.9518172463388,881.357884333501,1626.235971336567,1247.8501611657614,1848.5968503222655,1768.7637549854371,440.18242601375204,1163.4435142705654,164.45418223422482,169.18104871634102,1493.5039340097912,396.12939453125
282,1510,735,31,28423.15234375,15025.9091796875,4768.0888671875,9476.099612507167,9431.729283847815,5651.85595703125,424.064208984375,1836.8789690799883,96.14600372314453,2106.9653907087954,1445.208984375,1016.7570021832207,556.88037109375,4424.703646193973,371.8778623333182,3055.170185064447,228.7472781929261,2489.4057426422846,2937.704888434111,1593.7696703920546,4853.5891238328395,784.4702758789062,6859.652625085065,366.50825534842807,1121.9740889953582,852.3130493177524,548.2553792675079,872.3008530454932,2963.435670062842,1973.1279070836758,2274.5238225832622,4158.799005588328,574.4116923018712,2508.607917561599,3449.9823723626346,398.23278879053174,1646.6891083830321,718.4837750525252,342.2041872722145,1713.6132455957422,1250.316113370772,361.83417769982617,991.1002468207456,1344.023517251881,2016.45336152234,1506.910070807273,2621.6897667344424,2872.043185580718,280.700039939457,1596.4652988636674,268.17717483199004,347.7627392130146,1273.2977718593602,417.92095947265625
283,1549,770,126,30219.712890625,15623.703125,6288.58740234375,11085.695329918462,10376.259475677385,7285.353515625,413.24078369140625,933.5372502345543,521.8233642578125,1315.705904113726,489.58245849609375,392.0931437510259,492.6921691894531,5258.0754148917695,193.47844442128576,878.4642207032682,307.6305297328923,2426.0543297628305,2665.791162262569,851.9469479094718,5201.499568013256,947.3233642578125,6650.217972127071,169.67671863629812,1581.0785740753397,454.4066346315149,282.0166110763197,672.0034992439538,2959.5693307813285,1864.9289467227734,2573.1098458262363,4088.1721761228887,171.31844230715808,2509.098386188715,4328.8684930500085,168.07217110377545,1527.627285177798,829.655090002155,198.8119618147675,1640.605028748839,1414.588775974248,236.53689662416502,1400.2248773738302,1415.5929640125025,1574.6108763960208,1458.6732726383868,2669.7379899313237,3062.401404425322,398.433076551048,1690.1698510345345,241.63899354357605,374.86730275115895,838.8951527854323,539.4685668945312
284,1456,804,53,29833.95703125,14849.5029296875,5693.2333984375,10848.280500440855,10823.778516231745,5354.11181640625,644.8125,915.4654760534622,46.13142013549805,1384.5500721634658,1379.557861328125,166.0608722248168,659.8685302734375,5113.859459213459,225.71689648591294,1152.5364630454271,227.21185087505293,2773.647125554195,3352.6383690586526,1580.9386868179395,5394.473873902101,828.4956665039062,7833.5842435285,189.53302343907532,1408.4742076461114,606.1869966463659,429.79166480476204,901.2289379489423,3399.821598931365,2317.1128587255207,2528.356088493044,4823.274819868611,250.8494321694913,2507.934418072208,3677.95741654528,376.00270493608946,1399.8622060488121,904.7391709049064,144.439436090018,2113.085464044852,1624.9620004287017,249.43086398177783,1088.2013343352864,1218.3766179963084,1688.4635841583906,1785.4267997731902,2954.866427034791,2938.341488859884,228.68086199332905,1861.7683834160052,329.49804454776194,334.53762603509864,988.637454684124,280.55230712890625
285,1363,814,219,27123.23828125,14109.314453125,5089.9931640625,9317.913487692482,9056.305988039112,5671.4912109375,40.72221755981445,1054.4633917710917,117.02487182617188,822.4578376636415,507.6779479980469,593.1629626935353,731.8819580078125,4457.798098935928,85.88231711067567,1551.0662239948333,273.80408670701974,2051.112225502282,2440.461981233152,1118.1021147254423,4801.580007769717,1013.820556640625,6327.474708175066,164.40791936305712,1419.7309977540096,505.1747190803422,284.1107285340275,741.7462934805693,2796.3363268149956,1742.208552390506,2297.9541563904286,3837.805774842404,423.3857129927723,2267.8417989691834,3865.1852674557877,227.03586526883893,1320.3464495056098,810.4576705767304,282.2206492486666,1709.3541062546644,1348.0791463680187,212.8518217097827,1048.03442935408,1170.0418869935577,1650.9752572258294,1384.662590255469,2394.7992852666052,2608.9966221749964,327.81101183408356,1518.665434086868,225.28159636963747,247.79040249336632,902.1081282466027,503.27288818359375
286,1409,805,86,29463.162109375,14996.427734375,5396.05078125,10744.840552207523,10547.45514356137,5576.08984375,419.891845703125,700.8153715914266,366.86785888671875,2071.9771530483836,1428.7745361328125,458.3066231208806,291.2342834472656,5040.769324888974,138.5835692431027,1983.708625853821,280.08692204820164,2330.2840333844683,2818.941530971429,1170.077129472602,4773.576367355113,718.1480712890625,7189.714924110596,142.37002045034836,1054.1465746152287,494.09131956115647,235.80962983926258,803.4947237776602,3094.8087981416465,2058.5964058202485,2261.065346623766,4470.578699080572,627.0990125507757,2355.4234478467583,3226.159259235887,217.9012320296753,1510.2885435653977,693.3399860101114,105.84966739515328,1739.2199785184312,1495.4494306104455,246.96642585640166,1171.4675864390488,1275.8112931501576,2255.1759404568406,1664.9985011538924,2820.3279883666314,2783.1695569705385,286.6195100223206,1831.3124600756169,171.73083804323656,361.3421559309883,1613.9692368722976,363.68634033203125
287,1694,876,44,26154.58984375,13157.3125,5917.541015625,11944.160628522432,10301.53850429061,6163.26953125,13.362476348876953,1118.0094688471659,536.0905151367188,4233.15701171425,579.4970703125,1226.8898092343334,35.06770324707031,4931.195389051627,578.9737589402292,4072.411622084749,343.0453557445256,1802.7349940602815,2446.0915535351874,610.3208524957122,4793.135172293575,597.779541015625,6112.987545140889,303.0667528049805,1222.1115504590346,952.0143610641875,262.81969995997235,774.4576030165989,2594.9718662312875,1602.9565466223858,2178.024736965683,3595.7902664277526,418.0809104499987,1934.1390841217103,3732.4542283383526,171.2209770983038,1218.7936316523922,849.0871839313903,94.07219559986531,2144.923949184806,1151.5403017538617,428.8828862402563,1144.349885203942,1071.4875036361022,2259.6149663574242,1252.2565857436832,2281.1655629149295,2553.7691992318246,328.83792098819794,1552.0841609196068,278.06726827349775,451.8587185624187,1901.8394139959664,498.9742431640625
288,1588,856,119,28744.189453125,14693.853515625,5660.7890625,10395.763277097829,10072.391706323617,6102.01953125,52.211917877197266,1292.5962263753322,405.347900390625,1677.3608464881572,1028.3992919921875,907.5190959533334,461.20513916015625,5078.611387528399,230.67426713014484,1554.624914693215,226.79153416478212,2734.976714754623,2744.208570455159,1404.0616596251366,4689.493164796413,847.2041015625,6743.937075601866,204.43453307474385,1593.6515769260664,682.9663873665963,365.1839415207031,870.7511956940356,2776.5603112533836,1876.7425727306556,2382.3357739627836,4135.461910138797,289.7760736273973,2317.8980526471237,3884.355761409441,252.94124387769082,1491.226524817607,798.4290897919927,277.0590592795152,1576.6351860145787,1297.099543263642,224.61659483452215,1332.4495977042584,1246.3466220852458,2092.9638997767106,1413.4083806168142,2574.1931705029424,2871.7792453364486,236.78015459014603,1724.8966794980595,132.6704405819577,460.43295539093236,1306.1606406439385,423.440673828125
289,1547,890,26,29496.1484375,16958.421875,2843.77734375,9799.357653296227,9413.129502051053,4560.443359375,1204.7198486328125,1516.314847954142,806.1749877929688,2035.1852908772007,1669.73779296875,2390.134282046275,1222.493896484375,4954.02913162085,750.6393205018434,2883.2415045007456,130.64605130949138,2578.873702098034,2124.931251815732,1312.33753489119,4280.76727316587,969.67919921875,6245.308035576427,916.6828499759381,1170.09630936987,1660.8532853437296,578.5295605074388,792.4410849458521,2588.313169145786,1566.6062734848147,2363.3603203069397,3799.9441968433716,912.749213023,2637.2971652942465,3334.6182299201373,570.7394748671373,1152.2122176201308,1356.3496797185971,321.2419806397715,1453.9933887596244,1175.4884847002647,378.4500755938626,1070.7561886615854,1190.8363305491148,1214.5313149734259,1227.057923356453,2488.8192305987286,2654.3290912159205,439.4527143383552,1722.1387856013462,473.6498309219575,634.9962235651142,579.308659318851,99.75017547607422
290,1407,891,75,31847.08984375,16727.720703125,5850.7900390625,10677.184199797599,10486.886745949982,7094.3212890625,11.135171890258789,336.3192883243262,613.3297119140625,603.129190059352,1398.8056640625,144.28558789628792,313.7857666015625,5445.828137749125,190.0983446519206,597.078425809406,203.85431215460105,2986.049277560391,2693.716405843254,1298.439413218666,5373.467243812906,874.97119140625,7493.920281582212,93.34548348456762,1109.7634434378338,204.4772875977169,422.58461488371466,670.7855755899682,3295.530286118505,1996.8674745061103,2799.378813971877,4530.22082081109,223.54981133206195,2775.2434984772617,3642.004025876931,437.53165920748245,1655.4429167447713,871.1313099025441,254.61338102837195,1880.8027046821683,1517.0300111092922,372.4846460346104,1248.4953438819903,1527.9147040662917,2658.6982933063573,1570.9044819278995,2974.7326448298068,3132.281651482519,265.40672006428883,1842.2386238443362,255.88029028123987,616.026858542612,1580.5683846160475,586.40283203125
291,1487,891,66,31380.03125,15866.634765625,6029.2109375,10807.54929586422,10837.921585534774,6271.388671875,311.09423828125,562.4585523058256,360.74310302734375,1220.118264945861,1533.7421875,695.070113118767,448.8130187988281,5262.611635187479,662.1988459445917,1041.2196228971766,322.86680460878756,3078.450263702343,2992.7054242921913,1437.1999612722807,5636.125896804524,768.7919921875,7910.119009029492,563.4451070909618,1238.1972496232183,1038.3703582027929,232.8862987644394,561.0087062753789,3530.6675090014096,2159.224657632877,2500.182895063038,4836.311125712386,476.7102058687979,2673.1825173270418,3684.0115199752186,296.9686469389333,1574.762742645145,836.0595279721578,395.68760086284254,1973.5826599656732,1629.3004218606634,527.9195493338892,1151.850756017449,1400.1224334339804,1535.7754876503097,1785.3946023813855,3304.6528706552444,3299.6805434067464,421.9257022957685,2092.617409600087,286.55994742011524,337.52151720872666,936.9215554056883,389.691162109375
292,1627,937,118,25401.48828125,13217.59765625,4954.10302734375,9363.352553610344,8898.792783356328,5724.681640625,206.94189453125,1016.2634344329715,548.62158203125,3921.5505188067236,756.534912109375,1722.448145227859,355.0774841308594,4665.773654837742,729.6882009567482,4009.588411264698,566.8851827987504,1880.4971120034427,2164.692450800611,642.0850678856209,3760.548205244929,855.300048828125,5615.755088040621,304.61144666412656,1119.1761671357517,1263.2201932016817,216.38556407703675,532.2112376433996,2222.843311388745,1510.8044965073166,2010.3359447704408,3444.190946544471,556.4330008100867,2090.6046923254708,3179.1199874585905,279.25791334439157,1232.132243941539,814.8333826203476,200.7244787103846,1250.3809897537747,1191.437567367709,312.07997472698133,1170.6401190253055,1106.8925571882824,4059.8915481781382,1136.514759031925,2164.7075819097768,2451.3639120186986,460.9223500671145,1457.5361300708041,349.4367142790496,417.8574057471988,3005.4087839535428,549.051025390625
293,1436,929,184,30892.55859375,15943.37109375,6114.6201171875,11114.061138503195,10651.520625780153,6839.99267578125,57.69960021972656,1180.050087082818,479.24359130859375,1326.5584215944914,996.5233764648438,1403.3983721909424,263.79949951171875,5449.084242368892,198.19437504328533,1359.0453996637166,258.6850874884608,2330.271800284192,2766.201853372962,1170.5604679592439,4976.685543554659,704.3101806640625,6992.998499610696,198.95213095319187,1260.895195007358,778.9962684836314,321.3369029420115,918.9502134988279,2995.693897981979,1969.6804909619339,2668.4178785885233,4291.602417030181,304.31170967998463,2668.910119213431,3823.5710935985503,242.16456843658156,1553.6720225530419,954.4681992935128,152.4695109790015,1685.2196465477298,1510.1264676071473,136.8008736803529,1229.9823010765838,1446.5959630055,1371.7962832071769,1591.6213545273206,2752.146444350123,3060.902114669731,401.40969994373756,1675.0260996816678,287.5560753607491,422.92964567104246,714.1803438884895,387.4128723144531
294,1937,941,31,11223.61328125,7528.25927734375,647.8457641601562,3860.6433816784793,3327.539223636645,792.1253662109375,1193.762939453125,382.3462966719163,831.906982421875,709.0912031850856,1246.455078125,206.77818079651487,662.892578125,1032.2197907948675,303.05756285004264,700.1280787294678,231.38691518269465,774.7703421762626,794.6468997720978,777.7983708877757,1301.5335747164931,420.1282653808594,2000.2681286886123,293.4351161566316,528.0104625501664,332.1147497638851,367.83393108961457,552.3438711234463,800.6586305951831,561.7934288632583,896.4186367461929,1239.9151839085205,219.6852204621236,757.8735189708959,1078.9749603020086,269.89166450528404,374.11224950656646,397.19896224129235,201.12643598329845,428.9824167366234,407.4956529395917,211.00345496393027,486.2753790075129,332.8984223759161,345.75515317814353,432.07739760942707,768.4863269884816,830.65859253645,258.7753491801411,500.6675410570908,301.48804098651374,389.96938439636233,277.3556752479888,75.30298614501953
295,1532,960,136,29613.3125,14912.0859375,6875.12939453125,11932.632409124939,10908.585627090444,7467.056640625,236.70733642578125,715.2441598657036,636.8409423828125,768.6906985904217,577.6701049804688,535.0190155599118,204.26089477539062,5635.4992630597235,229.37719280357462,754.8775461877917,189.03659982676317,1993.6881430876304,2534.615585650659,1001.5722555597371,4461.682993247544,796.0419921875,6333.282690602674,100.18701705005192,1841.7492992143489,369.7164090788739,151.1370059491235,676.3748978427378,2597.8493979753275,1734.1385924685985,2820.613695634761,3893.938210046506,148.36862184806657,2376.8968555780616,3986.564154274497,67.13877198732725,1342.5113426183077,1117.3543026265688,146.76374790068954,1579.1263465003685,1386.0960532817617,211.68037807788326,1384.8663297764185,1295.083688157668,1494.1966234141776,1278.1224870296337,2468.7710032475097,2892.5286347402152,403.6972949771518,1614.8437952853944,273.33079441374895,348.62086466545577,804.9152541115163,539.4730224609375
296,1588,1030,64,28759.9765625,15412.12890625,5288.990234375,12152.862466208651,10532.019864288459,6914.3603515625,79.55810546875,653.2062854475371,480.4124755859375,2466.01170897543,1107.6380615234375,1131.9798704636864,143.01544189453125,5001.996092923537,300.4012760312007,2701.2752826394985,207.268461365932,1353.1339800384872,2416.140513636988,600.8408278033254,3813.5441583315246,664.2177734375,5791.758927403577,222.80261596033048,1092.273973639133,633.1449156821546,172.93382669729056,632.9616399556282,2338.830413099516,1707.4890583731888,1945.0541399812091,3647.573571005642,284.6631416769844,1884.0452544265881,3170.4855475072686,120.84533289135729,1295.9656661253457,853.6645978933934,156.06036819621167,1222.0656555197718,1166.8351223508034,275.36979994624755,1225.95743896607,1252.0570454749318,2677.391352342661,1294.8400011782207,2234.703387239118,2438.5351016056193,420.8723463540789,1352.7157264278926,264.68793482982704,322.6352817226802,2017.3061425636104,494.04620361328125
297,1860,1006,83,10842.57421875,7004.3427734375,66.42880249023438,3947.805175157383,3305.626479726228,1258.274169921875,867.7447509765625,406.77206988923916,542.4163818359375,938.1333546025087,1015.6544799804688,272.6513117426435,488.5261535644531,1019.6926826452512,186.67316972035718,1030.8009443223448,159.66440162850958,781.2435760164835,767.9990572737573,779.7921896824827,1402.8731554320914,380.2272644042969,1981.6383419181568,153.1731054622881,573.4683682771926,197.15558764464868,266.66893066730046,591.2244830622385,838.1817386525564,561.2394572787333,565.7800504053926,1223.6247624978353,183.07727040460904,748.9056108148168,1209.0965682207504,110.76592891943515,516.2308112089943,289.4354879728908,111.24757918994084,559.5651867537877,502.4721784624852,174.90869361208408,366.1184207142501,413.055087176471,505.6157882172224,418.5170372361638,741.8242163570643,873.5550202852609,138.53314212964432,482.0034392880108,169.23134170471891,424.4815770812174,441.2658703834656,130.3241424560547
298,1482,1038,162,27891.669921875,14138.6015625,6185.51611328125,10228.423242688827,9576.7581825397,6816.74072265625,335.9397277832031,431.7474453273156,408.543701171875,1509.661925943894,387.416748046875,353.01629390596537,452.6656799316406,4901.121259707298,156.95955590150626,1884.5674297962228,132.88590641231735,2691.9274462318135,2422.7899390591783,800.567004935104,5098.088293387423,786.002197265625,6330.366331952123,117.76829173868047,1631.146615536664,287.0973039919352,219.99567050650265,685.4738783090289,2851.5994263516845,1721.5938761753487,2218.758958251103,3852.1633662494546,221.45715193679354,2379.776803544387,4380.930169712412,143.82691549530944,1339.590414740821,836.8611411184934,126.29771081104849,1820.5102795531002,1336.1667951347006,135.8274605250651,1178.4578414242762,1198.0811082888642,1592.9859832143786,1296.2277365069413,2490.487847088028,2896.760776110998,155.45085916867058,1545.8940324701898,222.9212873693673,277.3580101842248,1276.9646013832642,410.15045166015625
299,1481,1028,49,29768.71484375,15318.77734375,5653.75390625,10582.465513157265,10255.677292133601,6202.78857421875,125.67430114746094,1143.38838601065,351.96893310546875,2040.6766071758407,1284.86767578125,849.3703432390909,554.35107421875,4621.401151621538,147.64415011649444,2101.501232135684,377.8027588861111,2622.205494300886,2579.191009429407,1498.4092943266835,5248.265293615749,865.3622436523438,7115.418196998936,93.43367001972577,1456.3235729099501,691.560988526521,446.038923148955,829.4468895194069,3151.3978730692143,1823.1862459327226,2308.254527690387,4306.851752808514,375.54364371663786,2410.9398018560755,3959.6038055041636,310.67234547402063,1460.4712045527226,790.0507884975665,238.6348107333975,1806.564654396902,1655.0819565829615,206.95939700718887,1263.0811744288098,1281.9610770638078,1940.0968067745719,1437.226771967528,2889.508853998802,2937.356794423371,430.8443223583166,1934.119123785009,255.92970612399336,457.4760807794849,1236.2201712862638,435.7793273925781
300,1388,1073,92,31606.78515625,16150.69140625,6221.38330078125,12062.343464672973,11454.572075944783,6392.31640625,24.576496124267578,1313.4641581904598,542.335693359375,1637.4220409928591,829.7982788085938,912.3828584164271,377.525634765625,6449.658029724789,146.89030508839636,1658.4612448451296,188.16028696010895,3451.2339723370205,2979.252231648503,1108.3903756875793,4993.989431242609,957.541748046875,7419.4621694773305,90.44369670355412,2055.415624267129,310.1967173151774,183.6926543759789,522.203811558599,2946.357174995289,2006.9302659040825,2962.3903828584134,4475.358716654836,340.20309823600064,2070.762405787135,4134.113445579173,129.3531774472536,1302.1283696537955,1017.813617916438,249.9110345434889,1877.6188150562239,1514.9507232884816,397.68092581827193,1346.4280276622376,1147.5458616606943,2674.3163592050914,1577.9316069497966,2785.1921630870247,3140.724558285659,251.06470056069952,1954.1383012264116,321.16964387207395,587.8049342330213,1755.3318578513852,588.51416015625
301,1750,1103,60,17466.32421875,10805.060546875,1374.388916015625,7332.106495606592,5769.964745942327,3967.783935546875,220.1702423095703,359.3104843127412,309.55340576171875,820.962880165101,1300.3470458984375,511.94200918151597,5.47165060043335,2726.976649458247,246.57904470645758,1053.922003289806,286.98516816790556,2617.2711871902093,1166.5402095322977,602.9828722276064,1963.1137553039407,318.7931823730469,2847.546898567981,44.36598121214495,801.6625722970248,204.32222254735842,175.7040856243634,285.9805669344142,1083.0766885177475,841.5749494556918,808.2876054133106,1807.8173259273244,232.01241370876775,1291.2102844974022,2031.8090431336825,226.0206593631516,581.474228010924,736.0054200949907,180.98556706755502,731.6752235141558,558.0675842253415,221.92270403822107,641.206660176768,639.4450532137859,1356.4695025398964,635.7269675983802,1140.8250732480444,1426.2229192267885,374.0103466104471,764.1215677799682,283.2564954486285,384.18536829604363,908.2886312803689,330.1214599609375
302,1909,1129,78,8822.7373046875,6279.31298828125,1116.49609375,2549.0607674229504,2311.5514809646556,176.2477569580078,1021.3782958984375,270.80004243359514,795.3563842773438,989.792632595911,905.1114501953125,300.1614445653508,595.9801635742188,1475.053227242886,256.1941360141875,954.0060352324498,155.60438631770592,1007.719436823187,558.1802288486945,627.0766218510545,1029.2332278177992,328.9930419921875,1471.639510554296,281.640706694459,352.3036277426524,312.6955087629588,240.6826240536725,194.3302887512282,629.7132220339975,405.75456387624945,568.9333643858862,904.8967296934377,216.5584399634987,591.2827146702665,761.1948487794592,226.15898495264753,264.36342307321667,265.1412966127845,164.06053196960465,330.2773756929332,307.2491926059115,152.6767129270141,278.5531569108088,235.43957927985352,687.0924133343489,312.79952670141836,571.0275541413253,617.1681386850825,269.40582914453995,360.5971196037925,126.62036133191154,223.21301121596787,522.7980358388979,52.07721710205078
303,1497,1119,76,28856.22265625,14952.880859375,5179.14453125,9575.707069593855,9579.739136296146,5613.337890625,435.6505126953125,556.304617734748,25.808780670166016,1501.4329253585856,1235.630615234375,1119.90436987309,683.475341796875,4493.368584126138,303.8535842258977,1768.3333651963287,563.1100338238872,2785.08684036485,2819.4866358193594,1657.0877054605703,5315.103069314825,709.5248413085938,7059.760377357492,306.16376014934053,1723.6698219980615,472.40859465238003,373.7352642301635,923.4621001323085,3126.338803620875,1911.3231477013833,2332.7733136632046,4260.24703662539,456.2739218114052,2562.185231713933,4229.721935405983,238.81429328984603,1507.7846878221833,793.3323508859493,263.804226477396,1863.1336630208225,1462.439763280839,438.76901088440013,1076.781040724686,1321.756167566107,1654.7295187489988,1413.5400035103826,2742.882036451769,3144.4504832899893,405.46267978845185,1745.163610547561,198.0364314021855,441.6769541296093,1256.6742772152531,160.49642944335938
304,1891,1140,221,7917.21484375,5509.64501953125,401.74688720703125,2730.2635466193656,2153.057063823291,1157.6728515625,451.2618103027344,210.37142287117885,120.57487487792969,431.12644680829914,888.8919677734375,247.97150473832306,156.30694580078125,1053.455669004235,198.26192578002804,386.0735822109795,282.3010753173644,1355.3933611101747,466.2052625073933,403.7730783473674,976.9150385850079,213.7755889892578,1235.7869426847678,177.14437292476626,660.446804836101,244.02991499490747,230.18404205342588,264.0902504421084,530.3173766092499,324.3886910921761,670.9862220426564,741.4905602697692,276.61947126943136,647.4886048943348,924.8042682172148,186.09106647297975,375.7500230833449,457.1091131830758,179.95463846776494,369.9816911978756,259.84278394114904,238.33435554245742,327.69602550822054,361.1669637046616,613.5436921259884,244.94731341592623,452.9379547100761,540.9169727478334,344.5420623792095,292.50392961851526,314.95214369375054,306.91725729259576,273.1026467877609,146.35787963867188
305,1572,1152,86,24247.654296875,13154.17578125,3506.87646484375,8054.577596992918,7918.619161130715,4441.23046875,294.32598876953125,896.6545810494282,52.44026184082031,3053.7735105111165,1081.02978515625,1076.4701166927036,810.5242309570312,3736.7720682707713,533.9378611805664,2913.4105379696252,347.91495028220396,2213.80513009608,2377.4297466344588,1250.1990742942476,4485.422334413235,995.64990234375,5789.838336063758,335.774404038439,1230.4603556757381,1012.0035504113391,594.9888947881806,829.1985934453785,2826.319373379789,1631.8977743985986,1929.6535050042662,3512.877563452964,376.42097256023465,2025.2616008417592,2883.145160716225,394.94516152100255,1248.3646265658956,629.4125842685312,183.006530796294,1480.8984927242604,1128.870374647805,400.7253504428683,888.4919075403851,1137.1243296477555,2239.177836072049,1350.4665291304607,2415.527539428487,2323.728081517905,475.623261732412,1522.0848047776378,265.47820667423565,309.90938490044084,1532.78475680331,456.3372802734375
306,1466,1143,138,25391.388671875,13068.7275390625,4533.3408203125,9399.54503882731,9116.609270395089,4847.9931640625,458.594482421875,258.7041010773782,42.76884078979492,2162.4232158679783,1199.1171875,727.1673015425517,496.78857421875,4470.210808622767,305.2070931943659,2470.920642185539,259.1560795302702,1944.8737237416863,2529.3013535075033,876.7194567233462,3805.619398109731,669.635009765625,6016.0507489045085,193.46513542771967,984.480287959272,450.59967443123236,311.41895256895367,740.3659942787165,2438.358073091898,1781.5735051082472,1992.7812158669792,3762.502757203694,253.5232232904153,1993.1259429838426,2812.7470185705038,218.56981260545282,1237.7117006042622,781.3572259054939,136.93618836305828,1374.2418156626427,1147.6798790550206,257.30721709137714,1036.170989897964,1097.6413641374434,2598.1441053587246,1406.6641727218969,2328.359478120687,2304.81024033361,269.68205216101165,1440.6997604243722,138.292639904059,209.48461804525044,2058.323954077223,236.16888427734375
307,1550,1154,40,26421.23046875,14064.033203125,4457.42626953125,9113.456981522111,8608.89028211003,5205.7451171875,438.023193359375,1145.3024013592535,28.614694595336914,2179.744946659906,903.6461181640625,670.9013412143001,475.78619384765625,3890.9985121725886,269.7328667266892,1454.543321626692,146.0795104326544,1663.1826946374833,2261.831259659503,1123.10197672129,4871.897036638976,665.6840209960938,6193.633738331876,320.18473720468677,1146.4489512099005,972.5273941983569,380.45824147104764,741.3597132910751,2896.9286845043766,1656.7840508319114,2002.1965092089206,3706.0181559666594,519.3383129804765,2010.8983808858925,3495.9682695219194,286.7801672914236,1395.4669835742711,477.93342626140833,314.9949928172785,1752.8535722309098,1283.801865512184,270.6483924686113,931.3995844595885,1113.9325597268858,2494.7762069667706,1263.4676793024114,2488.9550217129495,2755.1049093788056,505.59083005973594,1453.5277936537595,290.37089715890363,292.77084089763264,1528.3549467469236,333.0101318359375
308,1437,1226,35,29270.681640625,16881.90234375,3262.84619140625,8852.074548008519,8721.735540365624,5441.40478515625,426.14251708984375,1993.1863343967066,356.3543701171875,1583.2103633566537,1087.916259765625,849.2875704743093,1125.480712890625,4210.68579401235,354.20820466834715,822.4876278753203,556.7089418955261,2199.1126133582115,2202.1579699320705,1878.1495302993,4748.160600344523,1208.689697265625,5827.367648181066,247.1444348281933,1796.6284391160154,1051.320259419251,629.7834044353106,1199.908679898058,2637.5007910223826,1551.0686469795958,2726.5608293001865,3577.7816496935875,970.2966173128749,2628.7382666961566,4174.784685829437,368.15470552769693,1486.2629339780315,975.3916125792263,459.2524293397185,1452.3233269262366,1368.56337253079,433.0434932230374,1221.915604926749,1464.252437685941,1885.8908065876346,1194.6964558227312,2257.7870521940254,2812.2156205144956,328.16144307376385,1460.8395543536708,395.1804197926838,754.9089251671949,914.6050854870235,571.3629760742188
309,1577,1268,67,26311.765625,14024.9228515625,4972.416015625,10411.710770711716,9210.179825109552,6426.57470703125,94.72310638427734,1059.2654145975387,483.71063232421875,1254.5006200545308,929.849609375,711.204626840622,280.9671630859375,4890.312769811763,266.5543737025916,1768.0385142559428,317.9774677881755,2880.7415039119924,2473.547508055564,216.44629057415273,4655.378185549693,732.0911254882812,5957.287758143452,107.20056964078651,1748.0480693018824,306.242794108472,138.3561031928179,458.23687028612085,2568.7065956979704,1654.6740266480926,1835.7945596621375,3541.6450187261075,250.82737509714045,1878.8821429825327,3879.466463606993,118.8366008261331,1140.509812072594,805.919478772031,163.175935385648,2028.7439897715901,1358.7807393264025,241.02064409748738,1116.0408453085604,1029.402936788884,1426.9172831056746,1293.186077163543,2110.1154958068814,2209.2827137342606,385.0173354871855,1402.846374394728,377.5466001300262,207.37846710613914,938.8269450140428,432.968994140625
310,2033,1226,152,5592.03662109375,4416.32763671875,1412.295654296875,1674.5854857463214,1372.8238873235687,312.9283752441406,796.5380859375,466.45583071059923,596.4454956054688,347.9466326465534,693.9788208007812,422.24596942552375,430.642578125,1087.867634403077,325.7672068085683,251.6643827647841,318.47938176235186,839.7431754670432,318.32092905713915,877.0116637535461,476.33874990370487,279.8210144042969,802.3728301923992,290.55611734320587,336.022605619764,244.64152419419676,189.74819718098078,196.81413561915824,298.2399257481402,218.58078421555422,663.8449028993198,485.0057519042895,250.55465614888345,546.6702160651931,428.16035015977246,218.66189860334566,270.42080762938826,447.10726968844665,292.8321881596888,203.46728249216252,146.61583269871608,307.6744400700065,239.016428411088,162.13890776550656,238.79362211238745,159.22254575201904,291.9239457147787,298.72902857037076,303.44656883369487,186.87776543920575,223.20512258618777,334.75149685222004,104.05070103848097,132.07627868652344
311,1423,1292,134,25816.080078125,13433.224609375,4748.88427734375,9620.40964785178,9173.15340013964,5334.84912109375,88.46843719482422,1560.8788220258277,318.6581115722656,2121.719727648113,948.9638671875,683.4677763092577,438.56463623046875,4475.698225826724,213.98822588447914,2013.608948504638,93.26467169554445,1992.0900877513363,2384.3841635529775,894.9928460376472,4208.81700201255,789.3690795898438,5942.573885783818,118.03858184614629,1216.1544565629665,934.4385388833407,175.5678009219111,524.9893317246425,2614.9934222970637,1651.6239432330483,2003.4548842025577,3644.5807554428184,646.750887522579,2018.0571476762564,3023.842896783514,245.50174003593622,1209.8729575652742,670.858947755002,164.41936419630622,1331.6126086188344,1240.0816463140059,384.9789366248869,1114.1011177921393,1075.4044923496529,980.752320658576,1287.9865954727823,2338.0523416109954,2501.5697597460407,367.0985588641696,1497.2081934528615,140.13446217888324,352.6483986748487,763.675913391157,451.6643981933594
312,1746,1328,94,12118.44140625,7410.1328125,737.0283203125,5015.742727769625,4181.283574305313,2016.635498046875,514.8924560546875,2674.9239137653008,27.061214447021484,3109.4342705703584,971.555419921875,1521.6412829859175,148.00259399414062,1721.876402681895,217.12766577279984,1965.0367671621575,201.2022851025323,897.3077667351081,888.1310185819846,605.3590210793835,1373.97596388948,355.92803955078125,2049.6036443176604,208.16973458543026,741.7019269470219,491.8013361024879,131.45058997564152,358.0607289498706,786.3101984936656,620.4874995546305,813.3854836620799,1309.4940115653715,60.79038000162696,1008.0669565985071,1322.1098985092542,147.4150566052331,567.9860603876169,564.9158520506792,146.09696899988094,633.8253012988781,555.4038540022109,198.48954772294334,754.4324568607541,527.9477017864243,1163.1618939835355,493.0594120834795,831.5002494477404,1050.0176548565341,510.31951234603355,539.5060327760606,355.0831655689312,288.131501827052,746.4793468679143,236.77059936523438
313,1493,1336,36,25800.669921875,14074.236328125,3617.487548828125,8483.654400404072,8330.841501162955,4533.71728515625,392.0093994140625,1409.4652953867335,124.72494506835938,2897.1355669836985,917.5009765625,1240.0935806900682,733.4403686523438,4064.836114186205,469.0082050228568,3072.4109479393283,479.24102641902516,2387.4174627347757,2571.233756436047,1565.1797582999593,4636.274012601992,891.8983154296875,6058.531394471287,331.97249774820733,1708.750536744094,1092.6528624073078,477.6810939419804,912.929946919191,2718.7106945520604,1735.1513248671897,2195.8942152833843,3652.2955360254964,707.3014739332203,1967.3404948230423,3678.747159212295,270.4654336458207,1464.428785976391,737.7738360088707,491.00422408505835,1834.7518678676433,1079.579122190237,715.7072739794658,1023.0797581980827,1277.4670652708792,2434.418962647738,1294.912864822387,2265.152850004872,2405.431833094189,521.1523776320886,1371.3255606684463,536.4256806572449,531.4608324355006,1696.3174201192596,432.6470947265625
314,2710,681,30,1787.2984619140625,1713.1351318359375,1014.9052124023438,487.939174580113,361.58266473189076,616.342041015625,207.207275390625,763.7564281522982,243.8800048828125,855.7141426336595,21.966115951538086,625.1369817807856,224.91387939453125,327.18177963914843,67.29096553966484,548.8819308170262,133.39344241407582,253.81156206202562,54.56375293207167,364.14080438495046,105.87201214823735,177.05239868164062,152.27487569154255,88.5960278389576,138.43740097940048,472.8058982320038,207.82877651341516,274.10721553572256,51.18759481785096,37.97841512834994,374.3154835570305,94.52677216057167,281.072066188211,208.77619159784777,134.53663346239625,139.89963551816984,251.91967274530583,235.0571453557264,242.86067252494178,87.09500335384665,72.33705449388555,345.6561534053203,184.35101683370308,221.72302430884713,442.9623552613995,38.44557356357384,70.66356204287756,118.99046120123911,200.896584981475,66.67005373964331,225.49911260907496,333.5021368895693,273.8532650362502,117.22723388671875
315,2098,739,185,4811.00341796875,3613.741455078125,756.785400390625,1842.755102530691,1364.8053309947538,315.616455078125,792.8226318359375,361.381982432167,455.05267333984375,441.6213921907438,930.195556640625,122.16832021564366,243.7418670654297,329.6335632758092,395.91060296396563,280.8856477479477,460.3046193346392,708.8747431209375,271.9882616069069,427.6509702863492,412.8471871684577,107.25325012207031,686.3023975817924,256.5315980825058,211.82337198152103,184.40869890889647,346.0395230945559,459.17524746536225,246.52474833785178,183.00470209945362,249.59463723636202,415.550081487897,394.42552943909163,216.59546356438,390.6368131682674,223.05166619942074,260.9546530884711,115.21739521117405,188.6711386053651,172.6063259038112,133.57652614833174,226.395946720061,156.29692121266837,246.31708868640848,193.25238572768404,135.56729637092147,250.92802691884896,262.56518715616454,120.79790231815707,168.52026173658913,97.67642353485608,326.3154088089062,125.46488560711629,7.420577049255371
316,2711,751,122,1377.482177734375,1241.2685546875,636.9996948242188,623.390417370322,398.89221832632103,373.5928039550781,98.02944946289062,389.2237894296759,130.45416259765625,513.8409390317588,16.078786849975586,288.071498432804,147.1746826171875,344.43450049842244,112.99762445886087,368.1315642364515,140.61799525725678,415.01848135220865,93.41047762125599,421.21650503878516,191.6211189520528,138.2080535888672,162.96131270689148,71.14319697269865,161.6000524355903,225.23598877173205,124.06471535242522,160.2306324558853,89.73087076876581,32.288013092672394,368.5657163535473,86.29466096139544,172.1889908566925,259.9731305272698,194.02689996999874,94.19559201202601,162.83368580043467,223.85976308492965,74.70387697374825,115.2810200324999,80.45637042301128,104.29243338632428,128.46855974900234,141.32402368209273,385.1232378316388,59.03885796726264,101.67493819380516,111.85596759008725,90.33669929746613,111.59164674978636,62.709364687038764,228.63914392893776,232.26106545632408,107.89081573486328
317,2091,919,30,14346.1064453125,10941.1337890625,1493.64013671875,4733.745743912507,3026.89849661015,2906.6982421875,448.7456359863281,622.6140272454747,240.010986328125,570.8261228247973,1947.692138671875,792.5941705103354,39.3904914855957,3434.6847466248346,66.62724471103445,538.9888114333954,285.01449183240896,4649.793494303457,642.9343612102856,1013.7247675607754,2056.0275994112276,402.7916259765625,1717.5097976663335,272.3921014596438,1827.9895842972862,678.9129088841198,284.77240519163365,446.7300532606174,909.1529708177522,417.323996724487,1273.6722762705356,983.4610414501432,355.99103736375815,1644.5195761732227,2378.3110914821564,208.70873520272735,838.8934270263422,858.8955181020813,505.5547129983794,920.5164417083133,517.0661195727276,554.6131492440296,942.3393288864005,958.8228820508224,1394.9715239557954,316.33363335270064,602.1452362289386,1014.772716512803,520.8297951084762,404.4115593394751,377.90230115031056,685.2651470464859,511.5018460555646,407.30511474609375
318,2635,854,221,2410.57666015625,1972.357177734375,820.317138671875,646.8441229009557,545.2717395450102,555.7513427734375,149.32742309570312,158.29278800589577,105.8641357421875,274.5959901344899,382.3548583984375,259.86650352626134,354.45556640625,201.29892375986446,166.16899110958173,241.43220650918138,123.31892440012815,235.5941078757988,136.3411407422139,323.9077479983518,274.15939686783383,481.5145263671875,334.4445601424844,133.26066680601755,238.7360447261044,266.96826522751894,93.97512054454329,150.83982686001082,134.36808769194016,88.85288897522108,397.2681902181061,199.0719130769477,131.2952168573854,219.82640684039652,329.36885094703825,92.41508332232253,146.2193202937566,169.36536787696636,124.46254296418806,147.05741426113158,86.32213011015072,142.19194714068445,127.58550810136698,126.83714227360481,237.21575459966073,66.35098087411819,122.13872704293773,170.79880932704646,89.33142828256769,84.07824123532241,101.93868077052332,243.34391393378203,96.30949081559685,475.48455810546875
319,2490,938,132,5964.169921875,3835.7666015625,74.32330322265625,3768.058637469399,2991.963666826462,476.36029052734375,504.38958740234375,1136.7857022822627,121.17549133300781,1660.2560547219082,650.4435424804688,850.8876842479376,71.77177429199219,1301.0436606054636,168.8119633405348,1354.5581178555012,175.92324059503883,1088.4232197377949,974.4701450446418,534.9200683698751,2508.7410636878376,116.69810485839844,1762.433711735786,70.33973055377062,717.6275887934136,225.0498707281365,162.05186019898372,143.89914823794572,1401.2599877865125,457.2121089150501,435.5604876537519,886.6071062011782,328.2360796029691,348.3429561033469,1311.7740380935757,143.57218450957527,230.25853890014488,327.6050042993117,113.74068905543213,1146.5940680209503,475.97608154398597,147.17744764772073,355.3040727462766,179.5968138252646,1837.9842606011475,365.3046333042019,641.163239211313,715.2205133089266,212.52547845389944,530.0317743718235,135.64691329593214,294.14559063344257,876.639212663444,67.36701965332031
320,2703,887,29,2490.31396484375,2475.93212890625,1576.11328125,840.710382666135,526.199881345896,972.1342163085938,532.2141723632812,579.5623453263689,628.1021118164062,765.4360668227063,165.84666442871094,454.67569301735705,561.931396484375,649.0588447275984,105.86317942665426,545.2906779168468,113.73102956655437,656.055631466822,65.91597349280724,780.270152003704,145.46581041688955,393.6922607421875,187.9790081646402,180.4925219370229,242.42265371699403,374.5684404740565,72.08232149080753,222.4493866223199,64.49641747515393,47.85538720074452,728.238380232677,119.51785679034313,236.5504216493831,385.01297922674746,222.24476090951444,154.96961325652387,279.86438698041326,366.46798425711614,139.86638137384716,110.50091048690366,80.4706845374047,132.61160386238254,162.51067214484894,198.2437699381922,464.1182891131488,47.16745624493225,91.6242092256042,147.44568637807944,142.43793359460324,80.21308357271508,205.7742468964492,472.9938541734792,313.27955271152763,189.38034057617188
321,2109,959,210,8104.2626953125,5170.17529296875,465.361083984375,4290.540044530419,3140.8011765026904,1703.919189453125,365.2218017578125,1001.3856353354527,182.03842163085938,1367.0145923297982,636.3443603515625,1035.1558775703056,232.48609924316406,1558.3156965328108,163.2450167135504,1057.2580493335788,170.96946442370782,1899.7460952018794,1348.238238704554,791.6290679351034,2803.224610802432,249.16641235351562,2310.6480085886765,164.3287360379769,1081.2167755639866,740.5606227752468,166.37732557527625,289.05556038729645,1460.5293907298887,592.1761864811557,618.0623549248828,1107.0727602677134,375.6831601933819,740.6927005170012,1917.1873965149869,139.58544833965993,329.2020377586462,326.8454030149927,118.8355192447087,1613.9518525079693,428.6225513874022,194.4144446423764,362.58543925125144,380.29355917878706,913.4550742879336,458.96863531339267,964.1832140960217,677.6516431391076,224.4525447502157,656.130101244849,188.78005619966808,425.7392506772344,423.43109322720136,162.8274383544922
322,2578,1030,83,4695.7060546875,3866.869140625,1563.9722900390625,1532.506771474151,1241.6052943594384,508.323974609375,1005.2286376953125,312.7119298304104,731.4608154296875,399.5531478124599,1015.72705078125,120.75578153884514,491.72198486328125,866.8761845757227,147.12282176044036,422.46507038940365,134.5897869474638,798.1224287961331,448.9588984379647,685.1198570074998,540.8842655244316,196.95944213867188,797.8970781491665,91.75554359153296,276.6008283700465,157.03606101733956,423.9739899146596,480.5370764547805,396.3586030451264,244.12838454556945,183.66241251173852,494.41266284453235,71.90566987216738,256.0352390660752,302.6247207509702,227.31886771837952,226.063265057393,207.54727945521776,175.22096326942352,152.7806885065343,156.7745254548437,232.90751359698896,237.3106830882784,252.62898131190582,418.6394427522611,219.05960691876496,406.31346068140715,279.05052599051123,114.06589688262365,305.0806199110729,104.4115597000315,435.310596212506,473.88994008966273,20.42423439025879
323,2487,1066,50,5608.00390625,4460.873046875,1555.290283203125,1938.9024440528221,1514.8648647586133,344.568115234375,902.1653442382812,108.37963753586986,596.224609375,135.51401361332933,985.576171875,375.002720463762,360.90869140625,1090.992332856021,205.94753178786542,150.24418870608892,128.32742368643372,1045.3719229229196,507.32683459238245,892.8035149256282,662.5786199200362,148.41360473632812,916.0365435431711,238.86274812309088,272.33667094743294,266.21595381986356,481.20864686981446,545.3046093687933,490.2751875098257,320.83401161029286,386.3697441448174,587.4090247497386,79.42622021657287,283.2294974382426,382.25619008669713,309.5766323050711,252.06342451831551,208.0980652027205,128.00171288314843,169.31564744019047,212.54274315441666,166.15313352382086,173.17326438476715,252.50255431821552,180.0748208148495,283.17232558726346,454.5584643208749,353.79903805154987,185.5621487765545,282.33737874258566,110.34105029628249,443.00249327616774,245.14464939328974,32.747222900390625
324,2591,1130,148,6443.673828125,5937.99072265625,2654.483154296875,2087.7286890746473,1233.596606541673,336.576171875,1181.760498046875,153.2298485476607,591.6298217773438,151.10885540922476,1474.6475830078125,334.0959714013509,249.6876220703125,1980.7036847396307,278.0315456699538,172.70920505045586,155.47309934904817,2184.536701986711,213.50334021102773,1034.8700153094162,395.1395178856437,151.70156860351562,517.7551887386433,200.52638099776527,717.712755936873,354.4996059923839,442.9247895019996,687.2637709113684,193.30435358896983,133.94732758766256,366.56305118573846,309.1417630583558,179.91628288885332,481.568933298036,558.2866695239296,219.59820980872064,364.76053893692176,306.5929668596553,132.68701878669347,154.94107801779506,96.46100679491758,126.93047878306393,280.7190855238305,414.63169384175967,396.40770138628926,99.82991137585034,184.39934409660378,217.1424287516538,149.03554671351776,136.44319386440952,144.99711560095852,654.114435400807,131.5420282091656,127.27413940429688
325,2368,1211,94,11485.6865234375,8158.490234375,374.59991455078125,3396.0643524503685,2942.932642015527,2336.02392578125,380.96435546875,3784.9152127330444,189.87591552734375,4870.950361354472,1276.539794921875,1285.0209437039798,19.45811653137207,2469.037932214701,228.1092818889998,2903.790284565131,449.7696493446024,1742.689651972621,773.7382727357872,565.9814656901069,1667.1733464369313,289.85321044921875,1548.0902671579483,165.46609750085398,1729.473007562276,1104.1561391077678,355.0446275570349,493.8871591812428,765.0317914695644,354.18024389866645,1071.0893299771549,854.4532672706458,1022.0106507322993,1326.107530485733,2099.823740263867,134.1439215406421,454.6737153770984,1003.3296760104301,288.89385760288553,837.4583910518113,689.1496739693416,566.3923813788297,516.0847725610499,528.6089475633445,2594.7504296058155,310.4316580007454,572.8490115500715,1048.829479281562,588.5290580208242,479.02123760803295,370.23196026239367,639.020800242718,1211.8225103898474,296.736328125
326,2697,1181,65,2644.336669921875,2608.11767578125,1597.185546875,952.0096765666237,590.8166177765238,885.008056640625,675.1296997070312,659.5426150706567,684.2919921875,807.7612622286867,356.00030517578125,515.3287512612861,539.4271850585938,519.7391820659767,235.99059936902066,556.7578010730261,89.12842852909836,679.9838486627141,72.05406515929306,562.5133902579839,176.9428835514647,326.3031921386719,192.44260574244896,308.5607436987474,224.84582002582968,354.1130350873731,228.55356441952094,180.08757958028687,64.88934701327366,48.50731762094511,441.50516880156925,122.3184886169668,130.75460728264952,248.7817648249484,262.0050816541369,236.50367462399345,150.08882354948838,201.12557141892088,150.52474391826237,113.19102323533356,59.60830380527161,186.83342661896566,114.55334006337131,143.38488283277243,406.58571688684265,44.30365452792805,91.32651444149619,121.12658272494414,193.79203092394363,74.75781497760512,200.6005960594225,194.231170529546,294.9167249548285,113.00940704345703
327,2113,1223,28,6196.33544921875,4574.65966796875,1152.427001953125,1810.774114076358,1619.6179353274426,329.52960205078125,682.032470703125,348.37783067766867,760.8180541992188,257.4015678881462,377.82122802734375,268.93023026391216,799.8260498046875,780.1892354373874,318.9398431951138,460.54459127768826,245.4692588053737,424.08691478084523,400.3153716684627,471.16659629795845,665.7879270881882,661.9256591796875,1020.2504223120568,287.5535021586691,210.27665079686506,144.22126082276378,196.21124373207894,88.30318641519034,406.1290383259994,280.1858295810805,551.2531452474353,620.0390836714893,189.4361529175528,377.96800817391926,532.7023977158067,257.8034707198546,222.70287184200424,191.88435311186862,89.42964429092653,240.29554947015401,198.27577020791801,89.22197479616395,176.66455138219035,217.64960295757075,194.9243787789197,218.58038677389416,383.70771190819113,406.2736306613105,187.98025562541744,252.70736935128312,200.48744935023458,182.58329985357182,161.10143832509854,376.3277282714844
328,2613,1351,51,8319.431640625,5654.3515625,299.36572265625,4653.345946304157,2699.796631803282,2354.3349609375,63.74342346191406,1555.5847976688567,41.015037536621094,1595.4899273084175,463.8509521484375,784.8545245782552,185.43389892578125,1730.4601367311288,117.04421087776066,900.3228658701404,258.20932386938756,3702.2661033576287,986.6489460184572,556.194754144167,2520.8392994525125,255.89468383789062,1674.9852295712224,155.84538509347536,2237.3683253105996,371.9450544967463,189.90322290811966,282.9454784265998,1180.8606815548867,526.2734434955441,655.0756177255754,851.4011339273327,309.84301847194484,654.303584749249,2905.715910837651,77.81282386214734,354.837351185583,432.0970592824344,210.86001234079137,1695.108645100067,848.3517504917585,224.78037804886824,700.9539494308619,402.21897629043457,2683.359316618219,459.90891934522415,721.2527368443012,1018.4704549671386,499.802769735269,552.0791540006828,374.61167407561413,218.4715521285246,1357.0444122145236,140.6092529296875
329,2088,1342,206,7193.04638671875,5951.37939453125,2000.292236328125,2515.5432505073586,1737.6377174571876,104.59419250488281,920.1436767578125,339.1560842148678,601.44873046875,349.6697675529699,1048.970703125,265.8754007570128,475.28265380859375,1458.0619504202916,337.85706584038905,167.55706363158228,255.27550788592995,1784.8158920945248,315.6544223382363,605.6093743716618,630.8459575569592,404.32464599609375,868.5162638425545,385.06668733836227,840.126322012833,386.49950556642375,282.9024852907449,457.26137326449395,325.7526931001451,213.43493298602,254.76449556475447,503.25171942176144,352.5187130332928,577.9112298473696,758.5766660823267,154.55429539642077,343.36790327810155,451.71469492214874,217.8275846567148,408.1245330154551,191.92794965697314,326.493795997072,555.3385639933147,281.12677166055244,355.9607503411098,157.78830896730392,305.33217323998383,472.2189414833834,433.810163893254,199.10655917323498,341.95132992496895,466.22300555580426,149.10322912891613,260.10211181640625
330,2365,1354,103,6348.87548828125,4531.298828125,1285.524169921875,1885.901386002281,1895.9375235804716,787.5696411132812,1104.4189453125,561.9309632550111,944.8941650390625,733.8577990197389,862.7137451171875,520.2367483432362,736.5642700195312,856.725764857707,256.77124736363083,1201.2425449826871,176.80297617778,713.3820622838057,797.8293104839519,563.8452300141647,1582.6423835687776,394.5140686035156,1809.4325905419405,208.79708385671296,462.96214663593423,107.05224897284818,234.82864646920666,238.77539598581203,1032.9925867147463,456.21848980387495,358.6434380350679,1018.0374045311249,62.75320126619367,251.7075056548032,648.8891360585383,251.9870015914302,274.42742853073025,157.95540087358532,110.47176850607464,655.4426634403139,499.3610030079383,118.98395931051594,310.94602176966004,175.00465777966377,1611.218183260322,422.1971998051856,886.6997510988708,655.7229273931144,121.63627877548453,555.8655388798428,170.6241290946087,210.27431122646152,1379.46367946813,80.253173828125
331,670,1415,93,19419.09375,11200.3671875,1605.25048828125,6177.893391414218,6131.374572563325,2603.690185546875,830.7034912109375,587.4410398338332,551.6475830078125,704.1958975346085,1036.7923583984375,497.79668047948263,780.3519897460938,3653.031832560732,276.2542215626393,607.2988035936849,269.4530807712755,1839.2630142453504,1588.8343311377255,839.1161920509445,2924.98244206926,714.609619140625,4210.7044413803915,132.40951174700743,905.4370464169313,271.3173074240752,347.9896266891705,244.73841603622944,1809.072340951651,1174.996923239263,1259.2016089967688,2600.0118774399775,184.81303410923118,1287.819655164692,2175.391821448778,425.12464773074555,929.6898014917978,498.06643718533496,183.06393174012905,922.2958792794749,846.6686125506445,221.96559618747276,843.041213409888,716.9750058776307,607.8186152154789,910.7867069058564,1643.7751824367836,1715.628810785229,318.09149045640015,1023.8091763201659,207.0873117293654,233.03868167560927,481.56523245392845,317.02069091796875
332,285,1426,35,12349.931640625,8407.30859375,975.2716064453125,3839.8967134964887,3488.8180877652635,505.8197937011719,1354.5389404296875,168.28071152778875,1189.64794921875,625.6246994517721,1110.7945556640625,192.65453285738914,1065.4158935546875,1487.8324640325702,189.5827000195999,611.9667453203036,270.15007827287207,499.95701461514284,847.1071862601477,618.0409015993072,1455.8134762598613,728.267822265625,2194.3208354473013,70.48300789154506,412.8685403857077,342.69603184567785,290.4232552751975,238.67879682879595,890.2598717572916,603.8696220481352,1013.00996778147,1341.7984356989741,322.77972171582843,776.0623720494971,1128.74698492948,355.067208407238,468.1737697353983,379.66223393341215,203.08946901506644,497.9214942207016,419.9609331493425,212.22344095173887,331.4971317438021,410.73538998341394,437.5793321521799,458.68390925730506,837.3200285212688,892.1462446580915,201.18122886910723,530.4132997380908,192.32026771412976,172.14369340962332,332.0675388357442,215.77635192871094
333,255,1450,170,12175.248046875,7996.1005859375,419.1059875488281,5973.4345656648065,4224.090615819395,2651.60546875,376.9794921875,1034.34679697377,44.52671813964844,1125.8706298057348,996.5497436523438,820.3447939280976,194.93142700195312,1443.7272918788335,212.14218336025385,858.0130483297314,259.68859066942235,2592.1526149134042,706.5110131083205,406.11693146588243,1580.6167575821087,343.6611633300781,1629.0597043697073,198.82939722588176,950.1341481298116,544.9484012817007,149.2366350936584,279.5842927071289,667.4783629174494,489.8332440351787,647.9711456482368,1046.648919704714,471.0568557151581,751.0815057447352,1926.7002240886716,102.06387989272748,463.9973715252058,496.4131877111489,218.68692478541425,556.1942989478117,332.75413588398646,238.7066439838275,640.6326155398914,433.4467965187288,880.1677513357655,367.3185937645737,648.5938020435423,809.4086683791245,460.23395008974745,428.45047289018635,415.193959221535,372.1953852825229,528.5193754696904,218.57638549804688
334,474,1471,104,16855.998046875,9629.8134765625,1940.4149169921875,6193.8639935433675,5552.591240534156,3200.227783203125,527.1447143554688,314.4046679425911,135.17169189453125,1127.7640897151236,1090.98291015625,288.31196610755137,371.396484375,2201.3680865418555,74.53840216595192,1036.2483158838695,41.29351020743497,716.5770599568363,1308.7339866792192,521.4175387602623,2376.0951058380747,453.23150634765625,3433.672318590494,64.11069045973632,666.9420482207609,271.70576123086215,146.8786243001111,485.9903679052244,1474.2352189426592,966.9555769599506,910.8551427876737,2140.2087896034477,108.96370591394084,1145.0638098868753,1875.0580443988101,145.84940154931218,884.5463259061725,409.7690312115281,211.96028699699698,787.8465738608672,727.7490503333635,232.66445470303333,699.0207224264831,657.4401689907248,789.6852688040112,747.5190901214177,1359.5750917086266,1488.0355911757163,268.74273952639567,829.4589248166425,256.9022998059728,378.2379947223395,583.6754091870306,191.21377563476562
335,375,1485,140,13548.30859375,7901.57568359375,1525.5849609375,5289.721388954981,4483.733719478395,2787.38818359375,57.68374252319336,622.9921108195776,40.13649368286133,1447.8389368750306,502.88330078125,272.6730379213407,337.89434814453125,1552.9260194163694,204.13184575996104,1147.3086904606569,148.74220104807995,889.9892310472649,909.9792252939169,694.3706285778544,1632.951631890879,525.3212890625,2349.2461433221756,128.50313074167804,760.8881228689761,574.9999005560816,420.13129845255435,483.1213458424241,992.765679466751,706.2829576809715,1153.8222636375529,1545.4372707659656,419.0396449957681,989.0023208944281,1587.753484887619,327.47390017703606,827.668611485529,295.2783432041756,112.56830873683587,555.7762950194808,460.544271113239,313.50051606013386,560.8130186954555,796.5456304801589,900.3704733576335,537.5754726693962,1052.498050655808,1307.1103023753512,361.55635107694513,598.0145487461444,203.56064903737052,272.7539723216346,623.5826053974928,376.552001953125
336,5,1509,164,3975.51806640625,2485.11962890625,52.23323059082031,2066.311308915945,1533.0153208988972,332.26336669921875,111.90127563476562,1080.0762554255894,159.10903930664062,2898.263672321265,233.10153198242188,481.05943238366666,341.45526123046875,484.97825831565854,370.0973041333802,2464.0235341125053,479.8253420452811,1128.4611090855374,785.2251450369802,743.7131263933404,1605.334331481589,278.8890686035156,1234.7926388484818,173.83129527187884,796.418664510617,468.15091819211847,202.03924097659646,323.9984906415071,882.0366489308361,408.12432716717535,630.5025781699982,666.2596600068313,252.96658761149044,527.2739636167868,1347.4706300079367,148.83354331413474,217.63053311132015,355.0910409113789,288.9346050645064,904.145257945397,347.6729733432143,356.68248255006085,293.9364453685868,186.84873764771552,2332.0948750432876,330.9670883949949,600.316764716582,603.0072791648605,369.4655778945474,337.5264243091577,196.2403671374805,294.7888000890097,1475.7301722945401,141.206787109375
337,200,1562,170,11346.2958984375,7976.71630859375,614.3056640625,4193.476695661539,3090.6616379618713,1750.250732421875,714.1116943359375,721.5978463729875,124.05653381347656,1113.838523010639,1346.359375,587.3864454709261,36.74803924560547,2230.587420627243,134.61699428880632,1026.593254527625,388.2882511439417,2661.8926719820693,691.068608446803,875.6509323808259,1884.6469021765442,125.32673645019531,1805.4925492601546,138.85422188049503,1108.1235999211901,29.795444297202458,338.27268614210936,515.9168424919344,932.6921698861139,455.542149244083,631.4077529303404,1036.6168030070266,430.63634690274085,679.2164289835646,1816.0272487632553,195.5009858495154,563.2987706295463,446.80856107826355,156.00200812324985,872.4229715161853,494.88254824914713,355.4704903445756,561.9833987108192,503.44858817743545,971.9952370174061,333.1575500156471,653.5272287690948,804.5272010591952,252.18916050206556,437.39776236486546,225.11708802089674,605.0455038729395,543.5556231464303,142.72511291503906
338,495,1569,51,19434.87890625,10483.65625,3604.427490234375,9135.289286653766,7562.104502200865,4605.515625,285.99359130859375,593.8078309613471,172.31765747070312,1072.0736127143437,711.80908203125,175.1610320924609,173.20712280273438,3851.2083587410057,55.480171671800655,756.9305778856269,85.71300781516767,2152.42635721714,1516.6574962181962,368.9174054177954,3241.5172966311743,567.860595703125,3871.528152687357,83.89130872675881,836.5263995142761,344.79569997692676,129.90402680216545,487.7218948991581,1698.408743668373,1011.3145645851291,1509.803826708216,2327.9780710924742,79.16751016052035,1432.4975455387519,2519.3268165180853,47.11534310498395,846.8098730855756,900.8160283643082,116.27014565399094,1052.3064959346752,944.0167980407672,216.54901251889214,655.8562854350507,889.9885260901347,847.2418234862816,769.6257176354402,1460.8537371992675,1801.1129124425095,189.88043878371468,1091.1133036828567,214.42723435854674,140.31816026200121,443.5567716089566,399.125732421875
339,593,1546,153,18225.171875,9668.041015625,2807.78759765625,6366.985535375752,6092.623061509949,3381.592041015625,461.4365234375,379.2974192070134,71.4190444946289,1059.3767950021431,1004.7800903320312,360.55039846214123,290.36279296875,2436.5732972750056,103.37299182723388,1337.3342733367442,192.4072110205924,818.9105743056008,1913.2155184208048,662.1990687698011,3205.4396171296835,381.3077392578125,4339.20975778176,38.86108475984023,695.5824353547937,235.77744715739715,186.97831144172702,597.8754280473458,2033.5306308922306,1405.2632072127674,998.1496621184637,2754.041095239008,285.244941109906,1235.6859824933326,2330.105671477112,82.39482057554464,1018.9270261900604,189.3922852917799,230.55119448203516,1145.118957717376,1050.442269607631,203.60663124277093,876.5383434934756,769.8754664799413,919.7767672361323,1128.5432936055226,1790.5695184903593,1849.4358995533037,229.5790616581742,998.5642691364874,190.1665974667845,377.27112499544035,755.410958537374,215.2717742919922
340,88,1565,90,8856.0869140625,6322.06005859375,1349.1063232421875,2763.331985825317,2486.9433528919694,284.21710205078125,970.8110961914062,595.0207908481683,968.58984375,988.9899273742016,671.67138671875,586.1785680280473,947.924560546875,1087.3691148769205,384.67000643325144,973.1292141877268,321.98013055941004,658.6094983104367,817.4623179141835,791.7303288529888,1370.775180432166,734.922607421875,1718.686214848466,324.6219364915614,449.35788191152096,275.26250789147747,361.6597230030337,318.60839570579003,877.6017596878901,513.7111055103283,678.2009890998256,1032.9536081556003,114.59241706925916,639.8268142186605,830.5967958061806,353.90607943561446,323.95110418429124,296.7600162590141,141.30043110507665,572.6549430119392,420.7887543211625,169.04451877850943,420.6628169282437,277.8071386362246,1033.3179054130546,444.5125072325512,766.6486696404043,690.4561938212154,259.4006980548286,499.70859914114186,151.91472385080215,84.2437311190039,808.3911016663579,411.64239501953125
341,62,1570,174,6599.3232421875,5076.5478515625,1240.27978515625,2652.0427384494933,1867.1970720665042,34.58196258544922,472.52203369140625,288.27966804109803,450.2951965332031,958.0647556643894,383.1984558105469,361.4317763574702,524.4027099609375,314.7287142035423,141.10797754030537,945.0424910335491,152.80240279657764,1203.89657027141,398.12417041763155,795.8166358799317,861.4148828717235,520.0810546875,932.8500642143854,185.69769729602578,646.8618529698708,413.0590811942416,292.1762262439216,318.36921479427224,386.8129397041234,217.53754506116732,749.0383762291735,515.6473128951602,292.41939334978406,621.2003475978262,952.0421209828697,262.2912786048672,304.6437445645003,270.70809889801654,203.86428814406,624.6116293864205,383.6821948356038,131.82303262429735,206.68649227501788,358.21046460085006,1046.2970228529964,170.82660188821103,323.3549984382098,602.4380753934496,190.343909103899,275.04540537284294,208.24638076962495,176.59002184152362,590.1255936798334,370.5472412109375
342,350,1575,140,13085.103515625,7780.37060546875,1111.7056884765625,4662.424000604916,4068.784402317773,2395.43505859375,291.9844055175781,406.1515162240048,134.1539764404297,1591.8405349144869,693.7330322265625,617.1553879173301,372.85186767578125,1413.608145669222,217.69286002691877,1422.5125522824524,110.83060735376498,771.2167767732245,992.694739656568,480.0174093334352,1892.101903893635,425.15423583984375,2471.015057583744,131.13274483214565,656.1104935545695,804.1019363767335,344.999963806341,585.6961118788012,1140.6047110632471,753.9482134340741,762.7740922327021,1580.5325584834109,433.18396522067445,923.3103977169837,1598.871699991598,202.1562061304358,751.0559288495292,252.11879378583293,169.5243254955195,634.0973809346523,574.2801223135726,264.81230229172627,535.8929309793228,653.5621190872915,1210.1836379786425,582.6872039302522,1056.0787080344523,1243.5680182242684,368.5535617076,619.9461807635487,294.17234354055773,317.86429878274004,823.1480493274364,207.19761657714844
343,665,1597,58,22458.95703125,11938.4365234375,4257.6728515625,8850.228310667717,8013.350364557246,5349.900390625,26.51601791381836,960.9258213311336,503.08001708984375,733.0636635013982,921.52978515625,606.6163935659782,131.49313354492188,4413.907828043858,122.17762447745227,850.3657885336677,187.04421015047822,2107.5959651346047,1910.7910561054405,351.5564130497391,3574.994820825827,578.1951293945312,4807.868520664478,83.64764401224846,1055.7306422219533,395.91517611017326,181.64364555886058,344.1058956197117,2053.7152743745655,1298.763174455304,1769.2233926418487,2907.6205800493235,97.95263807551122,1626.5799097684085,2780.4513718310195,113.46852599090981,949.6055364181206,764.107135279189,180.60322295596075,1164.0188729502072,1059.3464827334683,186.1393667320579,946.9774903373294,927.6873268044268,1316.1944158585482,980.9602047658409,1842.7300389948837,2128.432072125528,202.6338494157728,1233.4729254896179,195.40013276536763,379.2862912871867,979.5522561791511,417.08673095703125
344,674,1611,172,22360.5859375,11444.0986328125,4241.09423828125,7220.183493209967,7261.504831764255,4765.3447265625,69.6539306640625,724.5294452799974,71.9090805053711,1916.002776497827,639.188720703125,528.9189869053399,582.4072265625,3134.610688963409,251.3708955106221,1893.9622910358976,132.24553542385615,1789.3951696305505,2267.5072413649373,1233.4402789934416,4189.751269214112,702.2822875976562,5343.993191546875,131.45763772251186,1163.72540557429,731.2157517247164,422.24753427269286,689.3516518644107,2583.9546118127437,1698.219213932223,1839.6569499289415,3412.5278949207977,318.1672863917737,2034.4514867775704,3178.71601653867,273.6496156483193,1330.2148201670454,523.045815897289,129.12415150809815,1236.612844135843,1169.9403844419376,335.21547362481414,924.6426116612613,1146.6780353713675,905.6526257277632,1425.3939545521582,2267.3170380311326,2440.774572404343,414.5804658242334,1297.661785756625,184.56901329159558,265.98328398933006,779.8969010079759,334.85943603515625
345,518,1630,170,17040.56640625,9411.548828125,1901.924072265625,5801.389002148482,5598.717932416641,2300.632568359375,630.8421630859375,482.5952520950637,681.0875854492188,901.8688161427672,584.0909423828125,205.9478012785027,997.9959716796875,2198.0475847976873,92.0010283720728,1106.2893665940248,197.46801007868794,982.0170703506,1675.339024262135,1110.2183331666095,2965.686723840016,858.55322265625,3929.045128372376,74.94606686597974,823.6790968718972,162.50605494450198,375.15698635390663,601.3545282224798,1839.8727054359026,1196.8189053501928,1474.2977723543613,2453.4973534754113,215.52027364527513,1371.7305474153577,2228.4880289484936,296.29035801488436,811.3088305649268,437.91111301737703,153.3180138939092,1014.3528984564739,918.4072115578347,212.00730633878047,680.7285024086106,726.5864193388592,1241.537678218813,951.642189878721,1575.142944780505,1694.342864269139,201.02221637131413,947.8894986467326,176.05994041281832,125.9113168406611,879.2916052245163,335.44317626953125
346,125,1662,106,9003.015625,6311.3134765625,961.4468994140625,3143.611011313742,2588.8132209009295,296.4860534667969,1075.69384765625,504.0062460115597,845.6580200195312,673.8382442535687,967.5577392578125,341.9048664565009,677.5055541992188,410.60501923941655,122.64249350519977,739.5223366306153,219.27302053817266,604.703532502013,623.2695018264415,812.6714133624408,1237.049270701931,429.51800537109375,1583.6597017917686,22.06772878641998,309.01087190150054,133.27754047350766,603.9220158139384,679.0960886317946,755.5743769776998,421.0668511243055,677.517723434289,948.5235057695468,243.5204081817337,555.7479591556526,816.577747932024,416.1722735320306,461.15473693658674,203.1215604733509,74.3881798390499,528.5379159736101,380.83653866768503,94.83154206489259,285.3567239179921,453.82124439416975,742.6626928366237,333.163209904784,663.7924771194389,731.6942482974611,259.74892943301955,401.95087271374,206.5934003019673,274.4573650778731,497.4694323080971,121.05384826660156
347,330,1646,206,10791.626953125,6491.263671875,630.302490234375,3672.429835392826,3372.248508717129,1610.072265625,512.0767822265625,479.4629522227892,155.9569091796875,1179.4938522024866,878.7615966796875,97.9259711743908,225.45315551757812,1529.7245398059556,78.02278150624318,1007.9405137327786,168.61757510039087,748.3746040955721,756.5930975491506,554.0785716750075,1444.6365698324207,267.6849060058594,2160.1200889799316,66.84938370418965,408.50106652107917,241.74526742114048,253.10860253164003,424.2674461886238,918.8217475100561,583.6360312744914,687.0513594606387,1340.7535144200588,296.5988320538,769.5768429128781,1033.8342508566075,115.48203859423265,493.8185595482106,288.36950399083315,105.1144371245245,414.2508599167737,405.5011453641646,151.66367755131614,361.19932589701216,465.03478159141935,746.9821085563866,455.72770773852454,897.3993976310547,930.8053420673314,185.46575036541114,534.4177398527753,128.7493749908891,304.209674729161,589.7751271840815,167.0886688232422
348,435,1687,149,16899.0078125,9099.322265625,2608.083984375,7144.7257804637,6192.817869617946,3280.625244140625,270.1365966796875,1094.9751781964608,111.93331146240234,1484.1823713599333,866.3088989257812,1174.0145191666402,192.54347229003906,2348.2930827269015,93.55486772124671,1683.3802326879124,105.95998555737226,1279.5849905283462,1689.4657161202117,407.7563009579012,2774.676522291744,381.940185546875,3770.03298856984,91.22456612922095,602.8834141444744,444.28034546964926,102.59829266579634,385.37091781976756,1727.6851857904642,1155.441790501858,839.1545047816468,2367.3365301090334,373.48983056400516,1096.5802887299492,2046.724948934762,139.02562561170458,610.4336744338509,426.93826977039953,232.6525188911955,890.4404036733424,848.5581915629064,289.6943522215954,766.2136208117367,471.90699641029954,1879.2076265360727,937.9812718932693,1638.8463782856063,1671.7578765115766,492.6073909907236,980.2572097942053,283.16612483224105,296.33655886681396,1523.2344151070477,275.76116943359375
349,647,1703,166,23905.9609375,13054.70703125,3864.44580078125,10004.088291175989,8566.334615676285,5324.857421875,90.32896423339844,273.21450686660665,202.1769256591797,1257.1612937170785,920.01416015625,802.2588278502831,378.11669921875,3176.32041381836,331.3491023833941,1090.6760052004577,131.40672046872933,944.4842359067279,1927.6498489770077,610.3649450579975,3096.691923573034,710.7793579101562,4725.269135822612,253.60538622724457,777.5491245796976,737.4468422009915,262.13150463320807,605.5194606731307,1985.8313858904974,1443.7019397969605,1578.9662291953007,3043.4936608209027,323.5253702698478,1580.5280201885275,2697.302689694121,192.74910464339968,1285.434758916543,358.1675495464185,96.95049353356437,886.507430228344,1140.8108167685061,302.3900152295259,1295.24183670133,1125.034681684903,1135.8886982624458,1151.0206589325505,1988.7890734291088,2072.9397030986793,281.974435562858,1118.6323410460009,219.2553678310447,210.90045105256593,728.040230944124,472.95404052734375
350,573,1711,97,20372.60546875,11429.17578125,2554.4501953125,6803.69905316369,6485.40542980195,3814.158935546875,465.1416931152344,815.6777932064165,144.63136291503906,2074.2907849352273,1067.569091796875,393.4596128258299,572.41455078125,3096.1865579482605,188.40842649762905,1644.6725504997698,256.79128112886406,1480.9492576629245,1706.3249687195776,871.6030388071376,3191.2252801841655,671.50146484375,4302.923066123544,137.12804042740564,1106.709568320809,665.2586976097108,306.4506401147609,684.3932419179226,1924.5793569466473,1251.5455816056262,1424.200549684961,2689.5997555712706,461.4927944219652,1578.9668386235712,2633.7547647220226,165.01532994894228,1066.0741064453437,504.7160512860361,187.59027973451055,1021.6930561866334,955.3148259055669,265.11553463392164,870.224469344103,909.5805595689296,1093.0661778764618,956.8564588467011,1715.59013036664,1945.9801280901145,372.4676276450079,1057.8323637935573,378.88027663375516,330.2103650076131,700.5402603223552,281.62445068359375
351,320,1755,180,12653.83203125,7293.00244140625,1339.4053955078125,5093.878054260202,4372.562767000372,2201.9521484375,105.73147583007812,889.5773282788751,48.93339920043945,2081.542446582696,389.1773376464844,512.658430184228,424.48779296875,1523.9681373347698,251.6936713114453,1830.9247881312097,76.13866053064744,628.8581892870886,920.75323455584,525.0082161430113,1487.2538354652013,585.0185546875,2311.824749709739,179.66630115641635,607.1843232894779,723.4509225932557,228.12034234039146,348.3926640371916,945.2564984829544,688.5574359550625,1008.6388645115294,1516.5901450786148,373.17315742510993,946.4971282420712,1440.6442134850286,149.25519847578954,671.3053268982103,286.5308474333304,133.25409093527963,574.24275537674,473.6542975856812,247.09305167595386,521.6901441963437,637.6308967501657,1382.1776414211743,505.15811981977123,1055.039491195887,1206.9911775062144,486.8567893616089,649.9023256389086,173.37505874747183,130.9911961361627,1038.200047276338,397.37115478515625
352,497,1761,229,17249.408203125,9796.314453125,2330.84375,7339.989456270144,6104.451178814378,3695.339599609375,216.81773376464844,1041.6533449683782,114.31844329833984,1101.2933644651873,795.4300537109375,896.9615084105444,210.95492553710938,2161.5019334471094,88.06837703781136,1301.900339048103,133.84957060115036,821.6800446546309,1394.1996964625505,520.2645284695266,2231.0257821597215,428.7903747558594,3347.2330877946047,53.04895792933489,745.255010955343,262.40937510280634,149.72080563102594,411.9713084602928,1350.9151430918232,974.3904497836152,1013.6012112370967,2085.2589848527377,295.428548314292,994.1528920653408,1914.697863513493,120.77655403550727,799.433341950345,319.7863717766496,170.8693036340593,900.3140340138813,643.9406608957657,126.6109356710547,784.980800708022,636.279201063562,1417.781077426262,728.8270257001395,1328.4897108281784,1462.6146241288486,376.86942685775387,806.6989754046459,229.00829234331087,182.49143457618192,1040.8303057080996,265.71563720703125
353,133,1804,126,8029.30908203125,5798.017578125,1283.542236328125,2740.78501614412,2254.5272658275803,47.40148162841797,869.1038818359375,275.938426288497,727.83447265625,527.7711714590699,800.251708984375,307.5207035991611,593.7811279296875,931.2061388136568,286.80310882277627,398.88388322676667,444.1604668849127,1056.9604043856032,650.0935194349095,1167.8046869546763,908.2393417965765,399.10809326171875,1402.4519024603655,126.6214393578026,556.29146242634,404.44941144192205,348.06731981867375,434.3115082978883,653.0804997748631,510.79066919585074,1045.812181267808,932.5754900445781,508.66794932762537,712.1259084553318,817.7383307368603,254.72556221702283,419.2770273645755,514.2117505133047,324.7245204425368,300.02943539818546,302.91087643812546,475.8625160232288,343.9311175465563,329.43687622908936,415.4380395277625,452.39511592789984,621.6461723370597,529.5913945319425,293.10736363476866,320.6105120745748,257.8237090296888,522.2639223271901,310.85160199387315,170.00863647460938
354,401,1781,184,15237.115234375,8344.208984375,2293.93017578125,5401.049358587973,5102.2786458735345,3200.47509765625,39.56866455078125,389.5798701932853,217.95555114746094,730.7863268248869,841.1671752929688,283.41272405143746,312.6802978515625,2205.645550803656,302.3027052479229,552.3733062378884,314.40762884854485,865.5100345811765,1256.704749541952,506.11103070274675,2337.119081814884,519.7593994140625,3353.450329812732,196.29768149470718,937.1840127808648,368.1154957503582,231.60847351943633,363.89995832721775,1479.1051041490587,858.5367235193264,917.0638594297109,2051.5740501648766,340.43798228971224,1195.107277836249,1742.254250479733,187.7726996708075,828.5157124618576,320.2670854124513,136.44567601050025,791.4927561334855,750.9288183800505,310.2789298791286,678.9232873245369,691.8653543636849,842.8228471773954,697.1907484464501,1465.349572080064,1481.854886458521,256.65523617532534,940.9397579006155,145.88878616483044,209.9323827157296,515.2057022459339,281.61065673828125
355,625,1838,90,23243.22265625,12471.328125,4332.4970703125,9825.523498909215,8487.792439473926,5563.3759765625,51.03862380981445,347.78039828263866,427.80010986328125,1082.235801470241,817.7575073242188,424.5759902239781,137.46603393554688,4553.980116171735,137.8321783791271,1176.8890434327413,216.3660276108693,2516.0339009444087,1831.673857041133,374.94373170509124,3578.1672076981386,607.085205078125,4813.6661017616125,42.06797907857692,882.7761186394574,326.418143584941,210.94682855769963,372.9805330411499,1971.5280603883919,1250.7319793882727,1852.5664306210947,2900.147202617973,116.19024204846961,1702.3879951769463,2864.228871495993,167.24541527627906,1076.8353273286868,893.0450356336696,157.1991097150996,1316.6695496474829,867.490408583857,211.46794043612226,741.3952872214309,1054.168555935132,1016.5967937060586,929.0158056405483,1775.1928268692616,1988.86905936171,289.60813144861504,1206.1057158220053,216.28642454018143,468.4987588298179,774.6496893062438,425.6043701171875
356,602,1811,197,21412.18359375,11647.6630859375,3344.950439453125,7594.558162792241,7062.43464037386,4643.208984375,103.18470001220703,456.8976090996581,366.6131591796875,1040.5190406101378,1129.427490234375,406.39340822482256,164.13717651367188,3492.9179117410017,131.6341137876121,1082.3412177020482,216.36754422980448,2054.93338193532,1831.1076500321208,343.3070572429605,3361.7803030975797,523.7684326171875,4688.680534296029,126.64146355530428,655.012432204836,190.94387867731507,69.35740016398407,305.54255098689714,2100.0789675793426,1372.5721395576481,1371.8642867563192,2934.8745058843037,330.7474869345213,1666.176517722789,2455.8123340090656,213.0119192093688,906.4637959188656,608.8995129918117,162.73679960232047,1080.824377250926,1029.3568916611428,232.60529772336986,757.0437656066962,820.3974985650311,1199.0994596639907,1096.9307612511234,1890.4768130611965,1963.3655363718499,228.7554664922476,1158.0354385985822,208.7195607900303,365.2605355662705,931.6628936847001,384.6962890625
357,79,1910,174,9740.96484375,5768.68017578125,1416.97021484375,6044.88014669681,4389.153004003681,2482.312744140625,363.9580078125,1382.827236069672,220.89039611816406,1329.3022990613836,683.322998046875,691.4077457026458,146.91314697265625,2124.854939832402,83.52038107128874,750.4184864495818,137.2423998928855,1849.440219018195,955.9481617846491,584.1388630570208,2351.4270546098105,205.791015625,1786.7438502896414,127.98884143855246,904.70004444638,181.325569632487,109.93802867661267,363.1064600187816,1022.5920388342133,393.6612410195364,777.6589825551063,889.0267357947827,364.1715405624778,512.0909304423242,1896.402500666696,175.26164190772997,396.88616691180005,519.4275860391481,66.48097458316735,1114.5262801195986,461.77430993736374,248.74161584377364,406.3271626091383,432.5934949616085,1800.5196194921389,285.2747907640217,509.0793652245747,638.2047232240529,289.96092307156846,533.9254365177172,244.63051133352414,343.79117080456206,911.4987865715545,176.261962890625
358,265,1891,168,9690.70703125,6141.515625,29.46111297607422,3335.242357722925,2979.7593154375063,1009.9736938476562,591.3392333984375,267.29012689981386,328.82958984375,1063.7314231597468,784.4017333984375,285.36136386311466,398.5059509277344,1424.0268076023074,237.16237801907727,1017.0501653107999,167.10525722764282,958.5240191774902,695.9749673252518,735.5288150505002,1185.2501175047921,369.26312255859375,1861.8404313311307,183.87339134088015,417.42419576153134,290.7901687899027,322.1272939734671,402.57855866723133,767.9687275170473,490.86135079502696,730.4572347971174,1135.091891739641,204.52884686630668,805.7928786579366,834.9297999158742,274.64862837559144,379.73858384406753,341.6614191248983,135.76582142333234,403.4774014071219,353.77592099753014,131.59909503110876,365.6352786572583,417.79769934221883,855.818423155868,376.4524059270145,739.0040775019504,750.2150641832947,232.1318096730707,489.8737935922861,136.97708039351193,212.31264169777143,666.1151010894932,187.2776336669922
359,371,1890,197,13030.169921875,7148.16796875,1822.1387939453125,4601.579603647652,4282.762546700761,2532.35009765625,193.4129180908203,517.5917065259705,18.262935638427734,726.6125174692871,650.0543212890625,307.364915252703,216.14385986328125,1749.3881984255613,179.93223168274824,524.2571861302101,298.35198095405144,555.2405672184364,1166.6597041853165,413.409025714536,2106.8404122372667,269.25567626953125,2830.2474208520275,58.554180637136795,485.8336153537223,277.46692002003346,96.574711193404,334.28192158526366,1323.4355755989645,879.7617122110291,644.0798760466577,1814.3038126122083,329.1410138862475,977.7027868082697,1595.9079810714145,126.30080541753074,639.577968041777,259.20551317488736,163.04223631467096,680.4658001442292,654.3368845215409,240.10985039449127,571.7235103211171,504.4377812581346,403.48198243920496,700.7275510910816,1199.0862825955228,1304.8646090663794,189.62856472469645,707.3222498010824,158.41954611356454,259.3311287075293,286.57878648632527,106.93326568603516
360,629,1920,133,22521.671875,11838.580078125,3634.56005859375,8150.748755501226,7829.868326978055,4078.6640625,354.3395690917969,689.7618094826425,22.859031677246094,1528.0246671715468,1082.2197265625,583.9898522818835,542.6534423828125,3089.911801111561,157.1343819405126,1820.3304229732978,145.85232584347852,1277.1689758377213,2147.4357429419797,1261.0344322815406,3539.1679150031614,667.6892700195312,5347.02455661605,53.85138811350858,920.4743678114154,530.834887627992,229.05029139324253,724.86124260886,2256.633742184398,1524.160918291728,1583.2426713679515,3338.62982660931,354.6203394207322,1760.493444464681,2705.5134676646076,163.75871179794925,1253.574148748867,429.19361442625967,182.99799631394785,1048.1195705464868,1014.0931912252155,234.76170301461326,880.7284418528731,1021.4441554222242,1346.7382862886711,1195.2091119546142,2197.0894908042314,2315.8999770847777,335.86875612574636,1461.071138851479,155.00858027716828,464.6350446437004,1181.2742376722736,279.7746887207031
361,563,1927,178,19568.40625,10311.427734375,3587.79931640625,8487.935071716805,7346.92197391272,4217.0361328125,42.743160247802734,880.4877719142495,135.9606475830078,1599.4939414424762,418.32861328125,824.4470873780026,333.038818359375,3051.723430964171,304.7828475591697,1574.4754395363884,284.78947420438516,693.0846983192657,1693.5095464040444,421.0518726405076,2749.9606588644306,625.8887939453125,3908.1901556231815,193.17018133089212,855.6821142868491,397.1367325053663,208.14398875618218,691.3558178835251,1541.9996706824138,1232.555933854154,1405.6930709527028,2539.2996674306287,327.9426645525879,1375.0491986716738,2751.2532326696887,50.022121135684735,921.2997568259842,525.3541013386557,115.3447242377985,1005.9974349061562,836.2083322546083,163.75223872368065,955.1548729796926,831.3938202268878,1522.900785062384,961.6795155082666,1565.2099664364614,1788.4773615565516,269.14217937200715,1032.4794515024698,161.0620775926398,230.2002739318604,1193.217452245743,424.98797607421875
362,436,1948,39,14527.90625,8847.763671875,630.1090698242188,5116.6808290647305,4580.2568071768,1831.240966796875,627.2554931640625,356.2654558308044,332.5060119628906,841.8245005790229,866.1205444335938,285.7801577412835,473.7552490234375,1601.2315396266624,425.39926423778525,752.5018896463466,401.8435777688725,642.7232240717583,1102.898227289894,1333.1465442172946,1923.3943321974002,468.9371337890625,2871.542036040851,312.6292739739732,655.5953417744793,277.11425108789547,348.2920725250607,568.3699994005812,1183.2632426563775,794.411149202045,1566.985321022847,1770.163337233286,302.03929696437723,1315.3307978267203,1508.5939678161376,244.22289178231014,592.7490049075174,723.0348531672355,349.3449568922934,607.1633276924207,543.6392109341444,566.0735324071125,541.6062511392023,485.8452193102077,626.5840092554741,616.5186130067545,1113.6982485044675,1229.4684726270896,539.5632702614861,703.1617825555602,453.0618525883229,594.99149161265,464.9257012406788,194.52288818359375
363,568,1956,53,18999.279296875,10647.7265625,2358.129638671875,7046.374561945982,6433.491324766311,3587.8798828125,570.5857543945312,403.2711479753842,49.83646011352539,1031.483843301611,1380.33203125,280.3049439230352,200.77081298828125,2637.8283409526202,177.3358439763315,1300.7955411135995,267.79802285186224,637.0501215614861,1757.120214750676,407.38069867825084,2753.9185007813376,350.2859191894531,4192.509310385582,95.04529489504843,734.9864528096062,328.8757339075059,130.6388399812085,527.5164074614182,1790.4923201210984,1235.92016257345,849.7079007389274,2594.6511964429055,349.98812838431047,1259.0105384796955,2047.4914750565197,164.13631563893443,969.5295719081713,348.4038912402815,227.59452641811825,958.5899168925475,823.81270262479,248.9559948831003,699.9414407554075,744.991367129229,897.4570764744194,958.0304560635677,1672.1892095201395,1701.2179330920483,282.8891879638816,998.0979672394564,234.8609652850578,490.7044217654312,834.5951013630856,119.9913330078125
364,494,1960,111,17799.671875,10148.0341796875,2137.983154296875,6151.287066801844,5696.816629068518,3477.855712890625,505.3983459472656,394.18956285727296,46.896785736083984,1848.8298638505617,1171.36328125,558.9758332589437,301.3984375,2526.4519600921913,280.14306447219803,1672.7155993637925,272.54778469284173,787.1845557647556,1439.2721172082952,668.7172022523239,2689.4798217361104,402.6722412109375,3734.9598326947485,220.94039526256861,899.9622734990359,575.7016044954848,226.6893501206701,613.6293445083738,1588.1777322457776,1008.2104978435444,1132.840302425422,2267.082198066048,305.15095106488457,1297.8332458467646,2220.691580736141,165.44431074486943,967.4698915331119,462.4505588191883,242.31181432640452,942.5838481473204,775.6147441810854,252.23092085092705,640.5547048760515,813.6411905092012,1424.4762077941198,757.0286953186535,1444.9243107249192,1608.9010702779915,238.61907517431212,893.9730214112187,224.3292701567645,405.3482282014863,989.4361843729404,173.754150390625
365,451,2030,158,15965.6748046875,8787.8974609375,2319.41650390625,6670.206196304033,5857.230319386263,3107.89501953125,534.2867431640625,881.8141484597903,56.12023162841797,1305.50286149904,975.5033569335938,446.20468486639123,219.08871459960938,2477.1559649549845,180.67867282424714,1145.8712328297843,216.23311511855184,234.51871667012458,1386.4210394438082,338.392695434271,2113.6150079062163,317.3876647949219,3355.3658489981703,95.5997025906836,568.3623544311836,316.3039228503547,144.08644575659824,415.87082688783914,1283.9360312501863,930.9872015388615,1018.0111470729781,2058.0523747316583,407.64089908071725,1104.6391684937983,1722.7439542943314,118.42706126111676,691.4963513016033,422.42919011858083,185.7921472562325,751.1137140121264,624.5179023757745,165.65084482174453,710.4528567202351,615.2055883375633,971.9695322098767,707.6720641205951,1277.980119938119,1405.190301128887,253.58046053062904,908.6837273380348,140.0674376933374,182.72557078178764,716.7212204890236,92.22112274169922
366,1279,1399,69,32675.75390625,16331.205078125,6781.142578125,13293.742377345894,12423.734064272474,6547.17529296875,304.631103515625,1074.534455433638,94.57220458984375,2001.0234800917854,858.3161010742188,504.76532600639064,713.3177490234375,6276.639738762444,275.36276789574504,1809.6718761015356,399.8784859004382,2073.5247603960456,3240.585094176443,831.4476069335859,5520.257170713387,1076.0400390625,7929.3691204690185,316.86883592705385,1287.1416519643435,315.26356427823896,323.0429051645012,758.3302834928123,3469.5737174358173,2199.3363304726863,2726.968373516785,4813.831270812304,568.8975293092686,2358.3348915786783,3770.748751964917,239.68727557326838,1550.042941605882,850.3797112208312,141.1719091544564,2157.366700843717,1368.9879507962573,263.79619143715274,1376.1548131836946,1304.2621692639464,2066.5440538307057,1666.4451189215663,3146.0860864224896,3006.7191780052103,251.96607276107443,1951.7562459414628,187.7056647471577,428.18356654582425,1422.0028729735025,601.125244140625
367,852,1391,60,27692.677734375,14821.96484375,4684.2138671875,12323.738283420673,10580.334570568417,5653.1083984375,322.8905334472656,1600.8711165714537,252.09140014648438,1908.539634393203,875.9593505859375,1001.2263051300793,286.7337646484375,4534.7034935604115,126.79300340282768,1319.6275436284116,230.86622820685417,1371.3700258569822,2487.682077618061,588.0843840243938,3477.950391677769,831.2804565429688,5559.8342633105885,142.5074851745029,1060.7130419035975,421.8548649390247,162.39366006116106,926.4178145946846,2026.6270634683003,1722.9909746760407,2075.3953100549707,3559.0467520343336,334.9766395313599,2096.6326270774957,3291.465530942098,116.58985308144513,1146.2424344313697,1067.0855930100267,173.59128261216892,1254.3322571315377,1397.3929164247966,370.00356963818433,1423.6107997421475,1049.1979758329321,1266.7868102585019,1368.1002573213777,2072.857159475346,2365.182934153741,615.1987053220332,1304.7016408860275,405.37290953069754,450.3809589773095,862.4979506183449,614.0453491210938
368,1143,1384,81,33413.6796875,16980.6484375,6723.7470703125,11366.335758104786,11327.844492040398,7241.9189453125,244.87869262695312,1092.7933534555152,488.26776123046875,862.6511965786281,952.4354248046875,909.1932842030438,752.0797119140625,5435.098702336743,151.092524725735,826.2977077633878,175.13964944436864,2875.9001417481336,3288.014904138329,1673.678358797952,6116.879807662364,1199.447998046875,8121.649790153781,57.74155724499541,1797.465329733944,457.8457636217335,299.2357922872829,788.442750318886,3604.075741507901,2264.71262744537,2616.851608391059,4947.993582156833,450.3875890820129,2822.467326838305,4879.712368318915,298.2606155651465,1880.9896512139765,922.0532936286478,278.36820819617117,2153.8647781730033,1682.6036155718868,209.49076127314095,1379.6140925468812,1515.6814572204023,2900.99723491896,1745.722566716163,3105.7442407752715,3240.1267592667587,375.3031534156777,1964.0640866239648,329.64570393938914,468.83389448972355,1834.3321502658428,599.0689086914062
369,1107,1396,112,33469.8203125,16727.41015625,6828.318359375,11673.262885805652,11652.19615787019,6571.1220703125,42.45623779296875,1098.2592101551052,193.83880615234375,1667.932339944886,651.15673828125,704.7697318733817,776.864013671875,6041.171427958098,319.6257537656755,1221.3752041549683,169.11158115132218,3136.4092028204414,3257.9920950526225,1731.9307459472896,6029.74664537058,1094.8306884765625,8374.755535061811,237.62022589349965,1796.7206407178287,839.2913405629382,330.60104344426423,906.9637573538635,3596.870310380607,2288.7065264879357,2954.4037829380636,5060.1470220065,520.5566039893588,2998.8028598439337,4621.5553609820645,349.9543582465047,1578.9130717645612,1052.5845109758118,347.90663989747543,2240.4327062225816,1652.0627230325742,401.55423209461486,1180.2471596250791,1398.7055862049683,2941.40808373377,1722.7637664145261,3198.0424904961505,3374.9749428649384,532.170601378834,1974.8613473508608,316.8592758362661,639.5327853979336,1770.9216317531352,588.861572265625
370,1015,1417,65,28969.224609375,15398.2421875,4866.0869140625,9163.868756550517,9132.218744550068,5923.58984375,235.2671661376953,727.7208962679566,34.015647888183594,1959.516340644853,988.533935546875,620.621425150567,756.4013671875,4136.15813704507,314.67886445173446,2232.459070006175,216.8296905100831,2306.520963831136,2756.9520845188886,1622.605936955979,5371.965781834587,917.5036010742188,6647.386103530954,205.08552469876184,1466.1785945640884,633.3455269264281,387.27615492420136,767.7923082228975,3244.3259263969176,1997.755907367437,2617.83396210143,4138.591484817376,209.99147283913413,2521.299616425058,4096.272543548716,263.12942858094726,1562.6549885625589,652.6626156831959,219.50621319595004,1597.950802697142,1369.0448470113547,178.56638564609503,1186.8256243087105,1361.5003175833863,1931.1713244054163,1606.0155041506976,2767.173280634293,2978.806196066127,211.77356550560572,1579.0421979270272,299.60720873008825,397.76432402815743,1154.593099295867,396.9195556640625
371,1173,1417,100,35096.84375,17048.6953125,7865.611328125,12786.768183933418,12653.201028943291,7289.09912109375,264.7579345703125,1228.4676240047438,699.296875,1024.5983839069327,795.6002197265625,939.8153959405178,570.011962890625,6334.6519704466855,412.1207803837534,1012.3593230230598,274.02275700958614,3283.7376443524054,3385.2172114412892,1501.8380861953797,6633.948371207875,1151.3035888671875,9303.581767509957,243.92448703469108,1566.882648314175,600.5970399861956,229.67741321114192,700.6194174537551,4008.1277520784297,2395.8930743332508,2892.1404372221336,5533.062211961645,493.70772424373104,2780.7147492355875,4622.95489918422,234.58387147593177,1693.1782304042767,967.0946742348709,294.69738835448135,2738.6819737189185,1865.5945720806399,178.22377772720725,1349.068311962832,1417.2033287242102,2716.5245139466574,1984.3011839494911,3632.432902142563,3643.724511135769,325.7618119367175,2523.5481262702556,266.3166430805136,496.7395246676591,1843.0433384047806,624.8292846679688
372,944,1421,122,28869.046875,14684.9423828125,5449.87744140625,9769.98495720332,9764.555585221207,5681.990234375,253.49871826171875,442.7654677631549,76.34593200683594,1252.1573777633337,1058.714111328125,282.9032648839719,687.5977783203125,4418.558497430462,304.98562308850205,1541.5213215277604,186.33610740784627,2339.588892990191,2790.0551071554773,1570.7193867115627,5014.534936262976,891.2396240234375,6984.399294471891,300.0401622972524,1066.2864945480692,253.33089083886816,453.36542674661075,978.323784615787,3136.581417836714,2036.2005752124728,2332.361887197562,4361.525185395988,373.1366924785346,2400.2356528281002,3588.4748778557705,235.72703635999954,1623.7250980209842,573.5547962943468,188.04464195518946,1460.3724519236218,1335.716874917116,195.3852933265264,1143.4169666267853,1348.0106783255621,1629.2257445450255,1590.0239689230996,2850.7363190066926,2932.6297869660166,313.0799599795904,1681.9621338324912,381.57221742895763,356.4012980489375,1267.2137252619036,413.76519775390625
373,1350,1441,33,31089.66015625,16687.732421875,5417.91650390625,9062.968220076937,9250.934732643675,6953.513671875,30.750350952148438,1307.3182766381688,128.30645751953125,1585.8541959058523,898.9107666015625,1081.7603882123738,723.576171875,4579.294665488203,393.102999614545,2569.7977453534277,379.40719842809807,3163.3525752851374,2856.9822040931185,1733.7649613601945,6280.241287972713,911.7180786132812,6951.360573017745,496.55044986110835,2215.5324706102415,466.93057786844355,416.12819917537394,1128.4222537087714,3422.8580398172508,1980.777453246501,2580.427838031217,4226.93597697161,613.6057608229836,3003.3363844323458,5447.770126625583,298.5809027423162,1658.295135104447,922.4047643032912,486.30373391179535,1908.9590990269858,1591.4945318198486,559.4049945551571,1378.3798209093904,1544.6603916323468,1257.0051984203321,1487.3897454964363,2685.5275556588463,3383.1208344193815,325.53208400134497,1617.0162622657713,330.06767515969506,663.5401243477463,667.6946529371296,418.73968505859375
374,1325,1449,133,31761.830078125,16261.193359375,6384.5830078125,10743.361420638399,10706.989993039157,7075.13427734375,131.64047241210938,777.7397104135475,424.36993408203125,1183.403053064407,932.7608032226562,870.1054065440038,612.4885864257812,5766.567131804311,200.81072787576693,1248.73420316932,426.0373296941767,3019.0494100181604,2900.7836554317805,1103.2526175402159,5295.626825127343,1035.07275390625,7319.576455241045,203.79713605781734,1567.1417387573874,511.04243267795744,366.2963195812689,736.4240489045733,3198.23094717906,2081.915634345157,2754.2355982418644,4531.9277062661695,541.6633139037426,2800.20798161425,4204.602966232504,335.4167594254453,1523.0406640849155,976.6501843976882,161.3137607897778,1654.4721211961967,1464.5171741723275,292.16041558745985,1334.1334019051305,1421.4850729818752,1926.682465406472,1623.5662482024215,2942.6590836775695,3194.4815100527894,352.3706069879453,1868.23831750076,382.2310423199545,476.5368439766357,1076.630782328023,558.0330810546875
375,942,1462,75,29631.017578125,15482.1298828125,5394.7978515625,9554.739774255242,9561.485563672579,6366.232421875,41.115386962890625,595.608780497307,307.85009765625,967.4749719332984,983.6524047851562,676.8802570426161,604.778564453125,4243.575613331199,97.75942339519534,729.7155956875123,489.3699513746559,2296.9955109725543,2958.426431852787,1681.9043739034596,5571.280502839264,956.072509765625,6971.307024780992,255.10809295302886,1894.3879918538953,632.6977076652125,470.63024360865586,943.1743529017954,3322.2943809060885,2101.6411381610274,2543.2988298280616,4337.137470914992,481.64316374974186,2578.1658693723525,4448.105873533135,345.50691965296187,1633.4805938309646,641.0237341262226,298.49265181256663,1769.8300619141005,1416.1292250090855,278.87431207796055,1221.2070281558802,1414.5087719781695,1980.9429740325347,1608.9168875406217,2778.347502738031,2971.878790870101,331.31476697839247,1613.055649529515,362.525533783555,414.7927459194164,882.4993431426409,506.10516357421875
376,841,1494,106,29414.10546875,15579.0966796875,5211.7158203125,10504.988265633436,9942.49690118134,6358.544921875,42.27340316772461,1769.3495675997951,271.35498046875,2884.684046293407,904.2023315429688,723.6468762114405,628.0252685546875,4841.519217038032,230.20676356828955,2368.3775482189762,201.21854220710654,2279.7437057014326,2451.507215167052,955.7185536816506,4703.036636418367,1045.4609375,6542.1635067887255,206.5717627348686,1216.0979267294715,878.7170693277823,476.76344806925295,727.2981132142627,2840.889420575472,1817.0982906523782,2336.9789566552704,4051.9766175053537,586.0964151287521,2365.3600485081124,3639.018509140393,424.48770587812317,1427.7560915834983,757.7707573372331,249.63342163294317,1532.5280507687785,1329.1390797114695,337.0780262660364,1230.2891841265505,1327.9355564899795,2179.275861901889,1411.335017641209,2624.9864487727623,2922.397242187027,513.6875822414979,1611.3552046309103,260.78301619263215,270.0211305284807,1490.4677688845145,694.2786865234375
377,1102,1465,67,31272.3125,15971.1865234375,5923.7626953125,10375.157106698138,10430.45142910011,6308.99951171875,342.0335388183594,1077.482856419624,23.92937469482422,1685.9589124859317,1128.930419921875,676.3778826190913,732.9043579101562,4767.3480092880245,239.08018298673434,2122.0909457801654,210.64163716449227,2638.091571706502,3158.597874949735,1778.382447470745,5795.784364335579,852.4559326171875,7682.251963247184,144.35541909129023,1647.2602736568008,903.3733680228848,446.22766962789194,981.3039953833448,3469.261923197582,2249.8468794285627,2627.40863194957,4737.7449798841635,315.7151377833378,2712.5756574451825,4442.286072068123,243.57978794560574,1628.576982026446,790.800961954676,236.73876237363964,1973.3897427957988,1608.8945833090509,315.90403754984663,1271.5654440411804,1323.0503740120628,2425.5279238974244,1747.7847088971587,2990.392193026517,3267.2008661483205,390.3179342815058,1826.4033997596734,315.00459800379775,283.16464438405865,1805.4151693818912,326.84197998046875
378,1043,1478,140,31636.857421875,16030.6201171875,6401.93212890625,12976.278209154621,11796.123530361645,6803.94873046875,253.871826171875,1100.830535811086,359.19085693359375,1423.25872387296,999.125732421875,975.68589307544,235.83316040039062,5448.212719095208,278.49860292595486,2238.601514268618,152.05578849512193,1387.800070295935,3136.966424297763,665.9649018013848,4711.113985321958,762.6814575195312,7169.474671483289,215.9398484763074,1344.5197833178388,387.6609909958143,210.5881530562472,828.419933273386,2991.4324385064942,2277.188247817981,2429.0760008574252,4588.780457395449,374.77261343457917,2125.8982681552043,3865.061536345487,137.8602100984289,1453.4619785695909,759.615568334096,161.8232161270203,1623.2927663441826,1651.820772555478,177.23910642034184,1543.200132992084,1234.6029415800415,1598.5982202747587,1876.1541554466842,2888.5871902478466,2936.2850470262274,262.3347406057007,1675.4769688484598,177.68843389165994,333.735807770224,1042.0381766035555,529.0728759765625
379,905,1493,164,29260.337890625,15921.6083984375,4649.625,10805.916135291684,10003.668782778406,6411.52099609375,313.00250244140625,1080.7381029636058,448.27703857421875,1353.8116097210739,1674.13525390625,825.0889946389433,205.02725219726562,4925.552530110234,276.455348827741,1412.1020572766051,222.5933773605246,1646.0676754505419,2530.7615971826895,500.24342368087383,3966.013858574531,678.5119018554688,6286.5279411767615,183.78433517704772,1063.4014616982822,655.0301168031336,287.041505090768,586.2877149846961,2527.4119144103843,1812.2527383761337,1788.4406807037276,3917.0604137638315,358.54817927436306,2086.7629918886564,3053.793160971021,183.07566104082602,1329.5285657834513,840.0747768574344,143.589193824492,1346.3986209466316,1189.2618607009344,191.12393381751633,1218.2182943337918,1198.2776959340752,878.547871509795,1401.6210511779625,2448.3784369273467,2426.1682762497117,277.7372037338627,1521.7839440755934,256.67686645081744,212.55663049021925,414.56524190895993,459.8982849121094
380,1219,1516,121,36232.5,18537.150390625,7109.6962890625,13120.4640856618,12705.455418891464,7733.607421875,32.537452697753906,1657.5800629175246,565.327392578125,1358.6685789206822,1194.220458984375,1095.9381122515788,462.9373474121094,7055.118925178252,440.7174757924285,1068.9056837233481,489.47902005300114,3710.8493671666324,3463.541954317958,1051.0608832634355,5986.980555797507,984.96533203125,8624.16069924635,189.89581289084134,1659.2185297405583,571.6438725855887,229.01180080240323,724.0940819778234,3636.4017049742583,2442.555279708561,2754.829821310453,5283.117580645773,238.3752956948052,2920.660459548972,4492.204660775823,140.84859118485633,1676.7913462771,1153.6465702756022,288.9148289220352,2137.986207843592,1881.9336599185635,312.8846557929962,1459.8796549850185,1484.628219562631,1614.8794532147392,1938.2482641431577,3312.8737285272696,3507.6442262331825,323.1849212690208,2144.525515032042,283.2429575729377,517.581808695162,892.5205525614307,620.521240234375
381,1154,1497,190,32817.90234375,16818.33984375,6463.845703125,11746.901655720842,11372.53644219502,6792.775390625,56.606353759765625,721.492079742462,310.66986083984375,561.3612166290616,806.7733154296875,627.7598832195619,723.264892578125,5846.621357570832,160.07119181825587,620.815303452642,384.63725550558155,2718.266513509361,2857.3555660375146,1334.0642123078412,5525.415507041285,1214.212158203125,7663.828388610659,216.42796123482248,1431.5525723659784,451.863344836617,414.14188054522424,905.5193868288491,3288.8076799568744,2037.5721058638917,2942.6661009822487,4640.802581752553,534.1405630425688,2548.7068353290174,4160.009700390088,324.1020022568511,1714.8110524690906,842.5192266686626,178.10467858104363,1899.777772574725,1513.437295874353,197.08321075083813,1349.5550365941383,1539.4219569613867,1053.0112336092266,1556.816544832535,2937.9586388095618,3288.598149494636,315.36941477883073,1855.9973634266694,281.7524211617067,325.29932287129344,459.49592976122034,684.9541015625
382,757,1523,142,22778.955078125,12060.474609375,3750.837890625,7823.329268280423,7551.467356978474,4431.51953125,280.19189453125,393.3457631749385,133.55230712890625,1966.6843258148945,777.1485595703125,678.5750623930566,621.673583984375,3016.5495105312216,226.39237151195618,1852.602618969468,321.39177017826864,1178.7431959278795,2059.0707643743203,1184.9528833206314,3939.363975059985,671.2532348632812,5109.9909021644635,68.12528758446389,1154.9370295606034,524.6500071703421,313.0791685397219,822.7764711799952,2383.717997390287,1545.394118204845,1658.961805993873,3252.855984798699,102.25749125916376,1952.4331791432535,3243.6176145080462,144.1305217481811,1206.6416089098773,501.4035354234974,152.57760843583787,1055.601959411563,1130.2595549407124,273.39305081427455,936.1388050727375,1025.5936022390997,1420.5353443400527,1228.8081539202944,2119.253094116948,2401.949465503165,398.56327899948445,1264.8905325412275,224.01796324120974,357.0872613217727,1049.6115014752934,259.8598937988281
383,1268,1525,38,28078.87890625,15097.4033203125,4333.4765625,9355.998905427914,9115.05455337754,5203.09912109375,772.27734375,467.14436101281365,306.3214416503906,1329.0109965113832,1292.0975341796875,458.7008684396694,688.2611083984375,4059.840778551665,213.15190728911784,1563.3529915844088,183.64408150816033,1914.3820641306618,2462.786459850287,1475.9009201785136,4989.439371701655,683.8426513671875,6424.798978193244,173.95412205708138,1208.636616849571,465.1676198500009,339.7895381203317,942.0179804302757,2942.125151279124,1763.1623651162888,2172.7692190487696,3914.7991431855025,68.99169622550593,2341.937946466524,3823.501551882673,135.08468091257558,1410.9302964084202,607.9240597083964,270.37704285569305,1654.2073937935213,1443.2709938975104,319.7128720635988,1178.737114377781,1146.320920675084,1640.1885920202594,1334.1729694231033,2489.2844934620944,2822.4556049599996,280.6256745098907,1584.6387637704524,242.81037470310574,430.46805265396995,1120.96918594595,228.0897979736328
384,1142,1543,44,27533.421875,14786.224609375,4126.81787109375,9882.344545761182,9399.65665565248,4957.19482421875,824.85107421875,550.3535028342868,230.42518615722656,830.0773884802965,1510.6163330078125,299.2343353333673,627.458251953125,3988.7379638005873,70.98768282181022,1397.98818018661,123.13825656795741,1601.6247368682973,2545.3999903080453,1435.211758756007,4407.335071442884,718.7730712890625,6396.574998324778,107.02045570683019,1115.0465617241825,263.0746875138599,298.62596908113676,851.2686364950151,2747.1979331820385,1799.8108031924003,2153.5651274045413,3921.196650304138,87.71592562292429,2052.3624896515735,3231.712784834975,152.13671411726438,1442.1578918146768,522.0226534635116,171.6460276369974,1481.9105146942247,1297.3048858558411,112.36886954846943,991.4844040427213,1171.0973604123037,1128.6294232349644,1412.262073923228,2495.865485181031,2610.5007990627696,174.7056326863095,1571.4001302015686,185.19025616594763,331.3106174548912,930.0919226170332,315.1697082519531
385,899,1528,106,30544.83984375,15789.3232421875,5340.3427734375,10360.362410182734,10382.648252351297,6066.36767578125,201.80484008789062,1468.244498723307,381.56475830078125,1886.3009728448203,1538.298095703125,312.8741975455126,471.17529296875,5163.4489049380845,219.79123775295662,1312.3380568411503,231.50639198995515,3042.517037523029,3424.6343296436753,1077.1696058606633,5178.020591884031,853.7869873046875,7589.50078494953,160.7033716255514,1259.543835550011,839.2098039436145,343.723183429561,761.4736806984697,3351.072657497922,2409.2457210442144,2177.6900501777754,4761.763588087827,700.8509768741275,2414.8203014234027,3620.436941685057,256.9212599039203,1474.6399538368778,764.2458498551796,202.47642357528196,1741.2833428278675,1467.2238716759218,191.09311714495763,1095.3282457626044,1381.48027766633,1437.770442324556,1915.3513159044971,3015.1225419867274,2901.9713188933783,284.2981825882448,1710.6108946903262,211.0727285003679,420.18602988135297,1071.4972724211873,459.1464538574219
386,1035,1554,101,33088.421875,16527.298828125,7216.7314453125,14050.076570791118,12666.83100422135,7359.755859375,99.60685729980469,561.5257455327952,346.47149658203125,1547.7896512382197,690.2075805664062,973.2670508462483,367.8170471191406,6071.770616843179,152.86984461810854,1835.4027147907411,212.93181141628156,1814.303021827918,3163.5104493059353,621.5219563267725,4751.180448113985,895.34375,7743.170994924529,44.01406770279239,1369.6032091919928,398.2017843101519,282.0874176587088,945.960028417411,2945.941090094159,2218.080029224127,2675.4276806946687,4763.199671481989,80.96721992727745,2464.377553568178,3924.9260589757077,181.25201401111332,1389.724567543282,1159.8670624110505,182.66827607750966,2152.6781801374855,1510.364684060717,199.9680239635109,1256.098962824527,1276.837509827904,1636.893547501615,1765.5632840095889,2890.2357083561224,2948.605746705995,251.62543791365633,1862.3027686894457,209.8927315936985,119.88115100145336,1054.6694943683442,581.1194458007812
387,1353,1562,71,31425.330078125,15705.732421875,6077.2197265625,11519.236595329152,11371.531876370758,5820.91455078125,367.8385314941406,747.134632156009,140.0513458251953,2176.9852454174993,1182.163330078125,1084.0337944681307,612.663330078125,5408.628306055358,483.3402023005802,2330.2744979026734,643.5205842544375,2653.0753997590823,3374.0534617001604,1420.246672421274,5405.04296773977,898.7592163085938,7928.2721850586795,164.79268973139003,1594.902164011478,717.7898696791574,253.80494017250916,912.2492702693894,3419.4024506988594,2322.9819892238615,2332.7959058577117,4902.571456671357,619.9488374961409,2457.2851558345224,3993.0580991519532,212.72717522710005,1501.4279044913203,805.4285126498328,206.72672175027074,1867.3595570059488,1703.9656993756612,308.8118646945693,1363.247560398672,1222.6717007963339,2008.4908074175285,1882.2674979806725,3185.3517731983065,3253.8816343435265,281.01956863041556,1967.2223740426953,253.2674250862719,456.4585061420555,1309.8382738119933,496.16900634765625
388,744,1572,235,21349.333984375,11252.23828125,4119.22314453125,9026.502104434318,7835.760685704663,4970.7109375,130.6808624267578,272.9685344042391,283.04986572265625,1504.9034586335467,436.61993408203125,481.89011026932155,338.07958984375,3459.5053486438746,238.02566690126864,1654.7082534163046,194.25934304065575,638.9538336656191,1717.09661867983,131.30318517240366,2808.755835783743,678.0108642578125,4392.58109094969,196.4604931184965,879.984275395404,398.402157510839,181.80615457369697,410.904151890882,1727.2319868531642,1240.1361280693877,1460.1834614222207,2751.298448193473,218.07912030412768,1483.1280192674092,2513.992435766784,156.27453694957447,962.4699952480332,509.51127347999346,88.80361416939671,1094.6092631261479,812.7583018280708,254.26852682241247,1039.7150042338071,915.120407704534,1466.6112630392126,921.9796687138336,1777.965410930621,1895.1285823496507,254.35028836905485,1078.9082686943066,101.25569907364539,226.9460150941238,1059.557525985113,458.7591857910156
389,852,1602,146,28168.640625,14408.578125,5511.15234375,10298.737044875352,9845.012396744383,5842.2646484375,204.76995849609375,1020.399656505212,124.32494354248047,1600.2862159928434,853.3468627929688,959.3856166040723,600.1337890625,4455.650746078441,410.2083520914151,1853.6082669443072,151.8936115730803,1903.079663232558,2542.3612470504345,1392.261025377888,4709.322296990402,874.2657470703125,6508.18420524901,318.84195312570705,1120.476803426827,565.1047624396197,188.2453051116666,768.3630623330419,2833.4113181732228,1793.8155570218091,2334.9218142620016,4013.477902301533,487.3071777528169,2327.0410115460118,3688.879761744968,150.9979956504202,1465.0907654953103,636.7976437645056,186.96728595993878,1415.3562546067888,1288.9021733891877,260.5449936641139,1134.1766205878441,1182.3426440167577,1990.2773518573567,1362.5086164016184,2500.783755311108,2760.9824247026927,260.3852856594316,1583.4170886747058,135.66799949345375,303.1992557032269,1404.1973026637984,456.35821533203125
390,722,1620,44,22775.29296875,12432.2939453125,3558.813232421875,8486.571505078215,7752.578885575361,4863.205078125,422.97259521484375,522.804583646629,173.18820190429688,252.68766370201078,1328.8741455078125,233.9029843952764,224.380126953125,3500.1450449938443,171.15607986842588,564.4873617521858,404.54360187165344,1129.2356957860802,1950.0453277501583,572.453186865053,3479.538395719123,429.55133056640625,5061.462964820334,28.67179983451053,1047.175152352493,104.5512904550803,260.8333219108361,645.710766616182,2153.2162110047348,1379.9194457081292,1226.037914266015,3068.8099644246477,356.12632406413763,1582.7057936135645,2588.4157830342306,207.88943447701544,1037.6977319242967,515.4579486025693,158.34205400457202,1262.1956787978238,989.070767708085,266.42770332869037,902.7198124120439,803.9479707095404,1031.7823475202158,1060.021528488946,1942.4556582040232,2059.8673150717536,351.11733007623513,1229.4812302301611,343.81243256528927,421.72229095932374,629.4391164023251,165.82070922851562
391,1050,1698,51,32576.037109375,17236.06640625,6681.98486328125,13800.192911642354,11875.132053935939,8542.5234375,226.52296447753906,1490.8483021473546,734.3242797851562,1901.0151932986505,973.993896484375,1202.0618860430443,135.12513732910156,5648.911235042053,400.5783581733559,1219.5102243954047,293.6092383635464,2376.606665170261,2525.1462500137,782.0207168448711,4543.694297405297,833.5531005859375,6164.602975169375,206.9447652072802,1402.672182629398,904.4286578187252,240.92447958841868,817.7079739065199,2522.454008575785,1812.5669115148903,2604.6935642344856,3942.9387889191917,454.89945318049786,2559.8146186840227,4243.473681100681,128.87250464600032,1590.9454076203883,966.9727623993833,382.45247674058726,1769.4079838323412,1423.376246332079,473.73158971661917,1602.8894387456482,1476.2523547388507,1270.1558735536282,1374.2899897126233,2493.320335973874,3207.38614921733,608.3977514734935,1555.4146028983148,369.5431391878669,416.2211514536877,728.9585988997563,623.7346801757812
392,1318,1638,56,33149.859375,16608.46875,6945.21044921875,12893.075144856783,12067.238723720295,7140.796875,24.95846176147461,1846.1906303745589,582.4597778320312,2009.7984632139298,1047.0772705078125,1985.956499741105,385.82489013671875,5718.101124890609,258.0316142482266,2349.4651478253954,395.9440557007152,1922.1650037292636,3282.540369350866,701.5132338696864,5499.42281575315,927.3258056640625,8026.67250149995,215.99066023184938,1359.7553819083598,281.8429018421003,201.1975383222597,717.612616704144,3405.23104641317,2305.173704042045,2173.9169806551836,4921.187370512663,575.00467816445,2473.124393996252,4144.462400646742,207.49055640695124,1474.3769759303425,878.7505857536422,263.85801388050544,2177.752747296008,1683.7237372207192,247.2976792139731,1307.9124300750734,1238.57388308902,1483.818707113585,1790.3622106456792,3098.6432029362877,3232.717962760005,370.7640787005237,1974.4796048207643,248.31951248147257,493.5865126101517,1000.9449482784235,543.975830078125
393,809,1644,94,25466.5546875,13847.947265625,3806.13720703125,8756.23026034814,8333.52822025909,5165.6806640625,280.80548095703125,857.3750235016034,271.384521484375,1684.9010340987982,1337.8741455078125,325.23201394742614,335.5965576171875,3797.1709526719114,411.16928790218145,1418.7704383857754,137.10231268530916,1770.9638257049035,2211.0625865235124,865.0973280110843,3882.5053716712428,727.5713500976562,5528.4166700675905,398.115960086302,475.1985088439117,778.4266859482733,289.9436763374116,768.0598662469333,2509.2480206889936,1676.736149769373,1667.2092505146782,3527.242549871914,695.251603454169,2200.381214824366,2580.891585503966,203.95334328749178,1373.204534198714,614.1706208986078,286.3127904784397,1125.867227803887,1236.5871028007978,409.2317223884446,998.9243041690266,1183.8390686976754,975.9441846441393,1292.675717885549,2244.666898533135,2416.0144451327174,466.57387744668017,1331.2401623223693,341.52705812256244,518.3984604136646,751.5022983820459,486.6059265136719
394,936,1663,71,30782.5703125,15660.6123046875,6776.3994140625,12609.786544301878,11284.480448731629,7571.45703125,413.59051513671875,1538.0557473583947,621.2257690429688,2036.1356055941299,472.83319091796875,866.3537975535195,348.94573974609375,5416.384711995603,225.02063351450585,1700.165626589952,284.0527802507057,2713.657613200177,2436.430637551207,960.9074458572962,5053.178495467179,916.6373291015625,6557.499812537141,268.6887532710953,1667.52019550089,312.1155639655436,343.81407894963786,672.9276512685985,2880.867531775643,1801.4147593157213,2868.11293331524,4085.7071025321748,448.7863458077475,2590.8237829400505,4344.181496604851,298.5537934591736,1478.6122650932025,1103.8041859272685,167.67583392066945,2114.8709744443863,1720.8550605171213,233.73824993485277,1279.1149254000397,1475.321954978328,1625.403059508221,1504.0024511536942,2751.0109802713737,3176.86262870496,431.01672419130443,1804.0909557820692,258.28530804979107,570.3347291589363,1023.7493820622923,603.7349243164062
395,1137,1660,89,32320.173828125,16455.109375,6185.26171875,10514.585778045406,10666.378222368956,6650.16064453125,134.99127197265625,517.2149795883047,324.07781982421875,2447.1941416769755,1046.406005859375,924.0232169889864,790.0203857421875,5073.261205482831,430.36092193635835,2243.7666295092736,299.86107378475043,2875.578739329928,3227.4590567092987,1618.7193780710918,6141.016188100385,1084.546875,7991.038016131031,174.81597077252934,1850.8686286181605,826.5216387556352,378.53364178431843,766.6800795056248,3731.079125428121,2346.787237824688,2411.432436447397,4960.924289234249,412.02383612298854,2544.342257881514,4675.448229767022,376.71935425781265,1670.8416314900746,716.0585327085316,184.08355399237016,1805.1683912636595,1545.8465249822514,284.55732708306704,1213.1513088856352,1411.0214543793404,1846.1422608473094,1917.865661331686,3283.280036322234,3404.854172469316,279.21423286201866,2077.979117463331,202.8851416971282,246.73984645751744,1199.7321644415888,556.19482421875
396,752,1682,156,26024.69921875,13090.3076171875,5709.9892578125,11191.731737327562,9901.475043120245,6100.369140625,23.96453857421875,916.137398971499,364.5162658691406,537.7052776067411,522.821533203125,601.5991752208295,203.16891479492188,4202.877580495057,151.36846954979364,980.2223757821325,61.77697263474886,625.6822521745551,2391.8385421389776,703.8560582341049,3550.8041104113245,685.482421875,5500.8212973109,167.3171423542834,1087.5540612401253,235.5687677203013,206.5330554660459,752.2414234400159,2175.8028373304983,1743.3850237852555,2267.45102933617,3558.754113362373,204.38625015431683,2010.8133295125203,3367.205459846782,158.30720827519247,1337.9430751028347,753.9984449893623,108.51140615983306,1299.3492588751162,1332.2910607765625,188.873686002826,1376.6453134084236,1205.9350744997898,774.9354388257398,1377.1912940863795,2258.616576678873,2416.59033692987,239.88648626766982,1285.1870624426506,139.25584759042042,194.96918450667937,541.088189414236,532.7286376953125
397,1142,1793,89,33118.24609375,17316.548828125,6246.73193359375,10916.633319048171,10640.464245444886,7636.765625,400.5321044921875,1767.4173888637097,511.1741638183594,885.1766640951197,830.30322265625,1018.7831713104949,583.948486328125,5542.462227130477,296.1060900259631,1438.5573566539426,384.2007484397262,3616.9667605653417,3135.417110613725,1046.7871168416054,6208.745457172965,999.6376342773438,7570.611976565068,79.29999745039159,2308.9823552001385,674.379893981874,259.1550368730536,734.5614749465977,3604.6745396648503,2320.503607042795,2519.6837834895123,4747.939805653906,314.54922261792143,2480.0391390499153,5286.257320661583,205.22113499922375,1637.0332184616848,727.0561737957222,214.88310423452796,2025.6915841277614,1558.7398398505015,173.39748075714076,1517.880078180382,1484.286103222265,1895.1952613043827,1831.816570080489,3032.9590278508604,3335.936121186714,360.4586993669534,1776.744710240378,186.14706720582245,426.84298590679435,1206.895550849218,588.876953125
398,1236,1682,122,32293.01953125,16731.447265625,6017.15576171875,11505.461224854336,11130.191885491222,7027.66552734375,31.250831604003906,698.7170882337433,594.0040283203125,1768.196046097373,1352.756591796875,916.71580897628,282.03741455078125,5651.132403512473,178.3419891178933,2244.7264216299486,311.29986092756576,2770.7566085442822,3104.806701462625,765.9323756110768,5215.032392789999,783.1563110351562,7556.786474539212,121.9482274787153,1262.9859398754706,611.7501044951244,156.70806761921983,480.9423730767182,3303.30801631806,2251.4961378146163,2229.941911740535,4724.743876742204,322.5742696449572,2557.5811991756773,3790.133948488037,220.40923286563753,1397.4662717709398,930.2301974507808,146.8048267278764,1705.4019480856398,1415.5247598050314,341.1948637945795,1245.9285383293204,1193.4729897855505,959.7235866121016,1760.9999767186853,3018.939495991787,3085.3862290686875,394.9034904788797,1765.5112485189566,367.40327398345727,379.60201464069434,713.9836990136126,550.4232177734375
399,1356,1700,74,33108.61328125,16541.44921875,6649.4912109375,11733.83614540548,11667.164490487405,6414.11474609375,397.9967956542969,498.25525314711524,17.843585968017578,1540.2801000488478,1153.208740234375,609.698961834372,807.0482177734375,5543.973941722051,286.62408769461547,1423.929182044028,373.43946518354636,2912.374399990819,3303.5389365146934,1771.0620946064566,6042.048400890168,974.6634521484375,8637.679400708948,171.41839273610603,1473.014040400748,675.4593459235258,434.1150440581587,830.0803802974552,3658.399942527601,2282.353963358402,2864.5034700571114,5145.47274476995,255.7139426610942,2739.525296260023,4398.396445824309,430.00722382594284,1623.2377124249342,857.7278904147826,270.2819299035361,2460.894406989163,1589.284703177459,310.5146872656414,1255.8911559618316,1325.5562538108395,2045.4318684487691,1907.6698664474739,3369.118402627543,3393.903867265608,258.098636956689,2199.753374284535,275.213812562879,239.22407333952398,1042.9550936191943,401.8868408203125
400,1277,1687,114,33242.97265625,16805.259765625,6944.216796875,11492.760191991816,11423.33214064099,7174.14697265625,135.96414184570312,1090.9758549267567,394.2783203125,1016.2201069590507,1005.32861328125,524.5247882257539,515.419921875,6038.41966096142,329.52062002233293,702.9566685548206,624.4208247043101,3168.8386899899388,2942.2477881162117,1420.2647160568463,5612.685865551369,936.0145874023438,7880.954633628841,255.12660464224564,1562.9673112930482,716.9849607614476,340.04184974374067,938.0316807956107,3270.28969327374,2014.6124894419465,2837.8455036589935,4726.4055283415055,704.9091820419033,2899.381065293567,4505.815190318614,166.26365021001817,1757.466787681414,847.2523574135689,298.20994643282944,1905.8071725139916,1674.310734701929,376.86969217691865,1381.1938912665312,1500.4567315918457,2579.293046073317,1491.6109983710749,2902.367062557478,3401.950124085795,296.5375269714261,1906.6754020052217,300.2415574772525,414.51051963751695,1513.095075483508,469.80340576171875
401,723,1718,107,24214.88671875,13024.353515625,3522.14501953125,7936.2013323273,7907.7861358797745,4169.47802734375,825.7816162109375,612.7438904977314,517.117919921875,888.647527296744,1083.554443359375,496.4196987283491,793.3709106445312,4018.98510735072,307.2825375571723,934.3537868378965,261.6146275060492,2117.171309709514,2206.0042436490985,1203.328896318892,4137.115326444326,698.8521728515625,5519.278970567045,201.5887567958883,1158.564022568607,239.83018586611308,332.6441939662878,769.2240324205319,2480.1105682790208,1606.0942911136037,1938.8107755475035,3442.2506390191315,176.59422824300663,2023.704667602849,3253.2180820386798,199.53338725014342,1112.6947007657934,653.1676906241424,215.0765241439587,1342.527660639833,1206.61890998815,116.17215492571896,953.5486646033754,959.5896375738585,1124.3548832852791,1289.775235762751,2176.1244308374107,2359.142592114004,232.56314537464286,1332.392595743725,124.54566271570404,430.62659090041956,868.9632257397781,173.49729919433594
402,855,1736,56,26863.009765625,13988.78515625,4352.6650390625,9397.066577954025,9156.622634447735,5064.8798828125,288.16546630859375,718.3983455730727,120.86201477050781,1830.576924230112,1220.381591796875,415.26937045209127,452.0877685546875,3530.525190594349,302.1401676909126,1596.9434056226125,161.91806356268916,1630.4760834755964,2843.960051906511,1260.4792085422653,4373.919770212014,816.7754516601562,6434.935753584317,230.95389965521326,810.0940495151997,680.4546440784388,466.206857108697,878.4856466712297,2975.39983727083,2193.6517879483513,1928.4138819407979,4207.837678969688,480.9032314990202,2250.492836472283,2937.950064003514,305.3169367494644,1574.002325062101,386.2666167978254,265.30990069092815,1330.58159889944,1338.608674360341,300.4342270663088,1009.5032006074798,1231.3180223319612,1401.6705147030782,1807.3302858238387,2681.066117843054,2542.6388955596067,381.45122054525723,1461.0009127679741,181.12839202109856,521.7467342655198,1112.8258944885001,567.2593994140625
403,698,1751,52,22983.765625,12489.611328125,2859.16455078125,7814.442878552433,7707.470200517358,3431.4765625,931.4761962890625,804.657808391062,343.5486755371094,430.30721873554006,1475.8233642578125,499.7618495613258,584.965576171875,3697.2842597187873,357.153351700684,671.118248395359,317.79490820597914,1906.9639308190308,2300.8338350162585,1279.4511890483338,3952.511197107389,565.01611328125,5582.51357596904,135.5058265276641,786.7436858641772,239.76231436351566,592.2225145360964,722.076698670897,2542.9646511697833,1616.7806731520602,1744.9539245696437,3424.4042891177073,241.65570834471848,1641.7324378736703,2530.9712389845236,515.4735651551539,1097.0131981389643,492.62644248501505,345.4225868562276,1355.9693398736424,1163.3392963218241,216.55697471297165,899.2649905159456,946.2432126404385,816.1675786363239,1248.083926332355,2257.3510674984605,2169.206031363822,210.96597303717678,1394.8811383111326,194.32172161372353,217.87913357189498,751.4548829607457,176.82537841796875
404,948,1754,54,30381.421875,15956.501953125,5450.21826171875,9820.807593225933,9882.1189203513,6413.23828125,17.876384735107422,1320.5944861785965,307.77130126953125,1769.4366949464072,1044.77294921875,416.74167047102924,676.044189453125,5082.876678774478,258.23823300717,1049.7248905649985,182.0321691369253,2739.746212717963,2687.4865695908943,1606.371286693899,5409.654141864707,1026.536865234375,7065.733800916498,310.6384606104216,1373.9424593179497,1024.4661465486618,627.2205015402457,946.5763820483046,3268.560367272948,1957.3084492031123,2677.335151293571,4331.377073052323,766.3152742321945,2707.1042316690005,3855.9282322389604,350.4002953266549,1748.2690491917415,813.6859691462743,415.7058882854965,1756.9966734249967,1511.7749606608184,358.18843784722975,1148.1147887198395,1550.7505544621636,1830.057410257559,1483.0473917357358,2789.2178343764917,2953.2598191581824,392.29551385644976,1690.8038849228726,412.4183900483291,325.8247259888599,1170.7836038677933,506.2784423828125
405,1340,1802,52,32473.55078125,17121.30859375,6669.81640625,14096.617368961433,12177.382182517124,8101.298828125,85.74559020996094,1111.429904081748,616.8827514648438,2011.2053647017538,922.3707275390625,1126.7301855493658,118.86292266845703,6116.540593668787,276.5644581482465,1544.20251149255,254.81847518226922,1449.0143668105466,2599.3491421843046,420.20211870930444,4051.217273352984,939.66357421875,6268.5564890113765,106.22401134521074,1442.8118218073864,452.3853730121781,209.81515092445008,1022.6818566820873,2221.8117396400207,1718.4921611489478,2722.4971057685625,3869.7779623602914,268.3858574249833,2376.3319224457714,4020.917247363376,177.77310651377533,1596.329279400648,993.0524498979108,245.66869842299343,1524.539548697327,1588.508616145804,293.9563690033794,1724.1615364469262,1470.0791924802684,1096.5722965043287,1254.2221377121866,2271.8033621853965,2610.4324421142915,310.21310395233917,1473.7895786059232,306.15931961305375,310.17383882902897,755.0719387145851,671.5006713867188
406,936,1800,112,30472.935546875,15269.71484375,6919.716796875,13094.279597382378,11596.123914592024,7401.2744140625,170.72714233398438,917.1959648581801,557.0716552734375,613.6182337409848,585.380126953125,563.5037402851209,194.28469848632812,5227.562649623432,55.91797458476866,794.5919312224969,97.50478570736941,1180.176036914778,2830.702683539284,634.1380762937727,4388.501319446233,765.74951171875,6574.532520902755,78.09305610403955,1323.249659008785,341.30579192441695,150.4230720380637,852.7090526287458,2571.691180783542,2006.5260651902827,2547.0226363021047,4165.263888765993,180.87545905481278,2226.085881501637,4092.0348993282782,174.86356540404014,1462.8913142720153,943.0934144650558,111.37624026379545,1677.429945222328,1539.3008244371204,152.85364471736924,1617.3449768900325,1394.8910624922307,839.9227577450721,1609.7230702862455,2655.8783870874104,2934.5077344991278,163.69609283644186,1663.7035381785252,149.91866753351994,216.45198185135476,494.69495903186885,571.5838012695312
407,800,1803,189,26288.56640625,12992.83984375,5929.611328125,10812.36612246946,9851.49828136467,6027.361328125,31.794925689697266,265.12048839868294,399.4461975097656,399.7066559002692,598.3151245117188,179.25355143323284,191.94891357421875,4364.06468766056,99.07595476561085,244.45688346849437,157.41403346902732,1464.4162694736478,2741.559044752929,709.0561653661315,4187.114073611426,618.0426025390625,6211.680795948782,94.38987558692176,1046.5865127454667,218.9657892435866,81.31747750564159,600.163220068145,2570.576449297074,1906.82383582259,2076.824126152157,3884.0151258383953,164.880612018275,1939.7814747337736,3509.3290331018757,104.29814967140422,1285.0837457841992,635.9155633834326,95.98731723993608,1574.8885149481323,1321.2317176858066,143.82332992433703,1364.931426770088,1112.3761818924681,794.5991445590536,1483.1621408032272,2486.471223741664,2618.2155641558115,206.08680815980472,1526.3010895955504,146.0394090730885,196.04986750118644,485.30377872874504,424.38287353515625
408,1257,1855,153,26679.16796875,14213.1171875,4271.25,10087.073341111634,9334.775620882856,5314.201171875,270.95867919921875,620.123038969171,274.13348388671875,1162.9723330403797,1336.0848388671875,840.0154420103569,379.7725830078125,4372.252808507762,338.3196330416886,1477.1957336732032,169.30228231833573,2170.7513770377063,2646.153098922844,345.1474637674593,4560.029823868133,692.8604736328125,6325.545439782664,276.68981080596956,919.8154941264104,501.1566720029766,144.0048526040675,422.3242428532872,2841.4181316268337,1896.0838471302757,1580.0462350035589,3908.7992709266355,232.68623911014214,1907.1556295261032,3187.644919116061,154.9450345278853,1070.0063877952998,836.9919225818179,265.35217407913575,1622.8494213203037,1199.8289709538512,296.7697147855362,914.7207692032536,957.6713407309371,1336.666802401555,1514.0330149284423,2508.411330826085,2368.4658925474873,341.7856069828146,1548.3319292665622,266.9010329970837,577.0183290428314,933.4061576627773,370.929443359375
409,1002,1836,74,30434.859375,15194.154296875,5871.28125,10066.568270138447,10237.685447905658,5620.6513671875,274.4058837890625,482.58619373673105,49.26673889160156,1439.0243517926808,911.9970703125,673.4917983105787,755.2213745117188,4574.080651489008,116.07423198646353,1734.2402868514132,316.4439915136153,2618.1872130514525,3354.455166280755,1720.6253863478519,6148.828175004002,766.667236328125,7998.449323892798,202.5086315361494,1402.1871027834097,350.6453875203951,473.59566159203314,987.6254708064105,3792.9456428819385,2393.9465847785477,2287.1565596529967,4922.231751753652,192.12198391090965,2578.846629518093,4258.567804379134,222.0665758377888,1666.7222866973962,648.8329524566379,255.98194065343196,2113.916900897938,1549.636814211298,318.9332493705391,1163.899372960694,1416.1078927097076,2384.540219613158,1846.4179172963613,3173.877613198751,3194.3439162098025,346.6965026802664,1834.9340181583011,249.03794762835915,394.5176355639851,1754.4172993436573,238.730224609375
410,711,1837,130,25648.509765625,13299.4052734375,4665.0595703125,8744.426713387851,8643.516964754068,5047.1767578125,453.8900451660156,958.2375200543423,16.241994857788086,1249.2581933826493,1036.6304931640625,662.4344513047638,526.6990356445312,4187.051672226226,96.35802049556979,882.131978964898,114.94785116458685,2132.049949544369,2280.1614137116117,1242.6942018452833,4543.621715261477,673.55908203125,6047.254709338499,146.5444674107081,1169.8584892404165,531.6453156326954,272.5271844966502,800.8904302425585,2706.0438381779327,1625.284331603083,2078.3192521796095,3686.5653050175874,342.45577218353,2084.7624734979063,3487.8064846942616,83.51051038573435,1349.6810866855246,535.0794892066485,231.25893396424763,1485.6750407543036,1176.5865688459144,223.01477965898806,1062.365161922648,1087.2226042468526,840.2712275068667,1247.4407935372176,2371.40100233928,2623.611948509662,303.0603083561001,1517.35173105964,213.27278853895686,291.7082472542084,512.3718033819831,275.600341796875
411,1219,1898,67,28759.2265625,14615.5107421875,5579.56982421875,11299.139014902183,10662.459602873436,5737.6474609375,425.04742431640625,1449.6476911025068,304.6349792480469,1650.508773972411,1300.09033203125,689.747878075511,328.95355224609375,5122.2486068005755,278.24016926949895,1211.8039683499896,447.2633854103329,1816.483999285276,2745.9149727159524,1004.6666790080585,4199.161854878491,735.6963500976562,6675.491779438307,184.7820509466525,983.3108357938382,437.5753226263379,120.55512149915207,647.4244359787532,2642.262055852058,1889.386161258317,2272.7911255081585,4143.400693314855,444.5954661143348,2306.009186008891,3167.0201576229942,163.2792302165516,1273.946648705866,883.9092066724457,199.08987246920708,1486.2274944433648,1382.2106234638634,290.8296180879414,1392.1574193085094,1073.4789942046257,1624.7620269700317,1440.5309606230066,2577.3352132859213,2768.3322934896814,335.19861470043776,1745.7208245539048,315.66648642084385,223.532537846685,959.034723422971,417.090087890625
412,816,1900,50,28750.998046875,14571.4248046875,5844.3642578125,12360.727477658593,11011.548518991938,6183.74755859375,220.50717163085938,927.568570277089,243.36224365234375,1005.3410436361653,971.7999267578125,1212.7378436275956,424.21002197265625,5053.50051931528,182.5801747908881,637.1144534840163,109.22772004569235,1815.018798242888,2942.018470129147,472.0311290700564,4468.318818140286,717.1487426757812,6825.479591927556,111.84655726937419,1244.83406870089,900.9981239285147,179.75658404796417,606.5557894162603,2786.382114600976,2037.9734539365204,1634.9358769489797,4227.983697960794,358.03677008072106,1872.0774831514805,3553.8716549815676,178.3536089819571,1255.5137235791808,672.8140193135238,330.27659818868835,1838.1893612914919,1535.722011902221,511.376725256656,1425.5398153431715,1091.4622427606942,2347.9645632899806,1554.201138711717,2621.6485815680567,2762.3055684134474,636.822012739536,1677.354889717222,391.58889107616073,477.87307433462007,1204.5814049395065,292.3240661621094
413,935,1905,68,29774.58984375,15532.201171875,5826.2353515625,12633.653466233814,11030.396083742748,6835.275390625,173.52850341796875,948.9759990278609,419.3441162109375,1570.9088869936702,636.1373291015625,769.2381593377396,389.8666076660156,4759.72456825235,139.15393428551752,1369.2400630205316,240.2025618252908,1524.3045683703901,2545.585263451951,666.8517251808166,4382.526143628637,899.044677734375,6239.007836716609,104.31266980614365,1478.774319696684,610.5265772747622,147.33243208423505,831.8075283190018,2482.8970926003476,1839.1909755438498,2089.7672938410747,3946.1462254421763,445.0987924996961,2128.6264790253426,4191.323560457365,99.10357636454548,1341.9220490760956,886.2299599414869,192.90549897913652,1619.146057087784,1449.3633719881634,208.89382881396057,1593.9168104263579,1198.3820323344898,1307.714255067392,1440.4498406071525,2517.329323592408,2752.2012585363277,308.3081981014144,1540.7219196152082,277.7647472291248,152.76281212618662,764.7054786248369,651.539306640625
414,699,1904,208,23678.865234375,12422.7529296875,4241.6171875,8229.55051609852,8012.142330422768,4867.029296875,82.29052734375,718.3558858881536,222.97830200195312,1110.0631725748551,754.9613647460938,391.27697198453177,356.7434997558594,3968.869156289242,215.57137916412134,876.4832591104637,218.57241480072517,1778.1533937857325,2064.8630019281613,1232.7360831539402,4174.433836393206,576.5067138671875,5436.762778805853,106.82153850062863,1519.5029183024174,464.6411752180435,90.99043821082616,537.0460208833877,2448.403508445499,1453.8480247008556,2065.6923472197764,3315.5670611268997,141.79821420031962,1846.3269578793575,3323.85741320983,174.4570625900225,1175.79609176077,702.6203334889316,187.6064981253589,1287.6599092689942,1097.0225883559028,220.23205068063106,863.1700502820236,1001.6476786540894,880.2440779861952,1168.553272803255,2132.6366934230946,2301.908706720619,368.5301422590234,1339.3431094316081,225.13384512233947,597.2593617691746,520.3398170284968,313.90020751953125
415,808,1949,122,29813.03515625,15398.818359375,6259.9423828125,11906.41405569993,10748.32852921439,7139.4931640625,17.389667510986328,1128.7274610480233,394.610595703125,1433.743353543279,619.1790771484375,1157.2159140674942,265.864990234375,5549.081105976988,270.3880883024321,1646.6859292127795,232.02903190067371,1854.7010957567047,2469.848887134784,375.1795510202547,4638.446249581306,761.4409790039062,6272.911119019791,210.3364706318442,1455.4724019824018,862.3190619070303,212.50458616371535,724.5807776164464,2621.9523292523786,1750.3207276196144,2344.166443564873,3883.1412972478593,496.68390206566784,2213.5446152275254,4028.37186313525,176.05288982154744,1382.2611807504954,876.0240732717346,248.56709965827062,1730.6734594694751,1423.300785176569,303.67111985798357,1326.166260140666,1245.2407832155122,1860.4644031796943,1367.8682012988681,2427.108413183717,2907.6082270736338,353.3508590886327,1646.68753548709,234.79802848638906,339.71357047489994,985.2100939297949,544.0548706054688
416,1330,1938,55,28854.2890625,14553.6005859375,6607.59326171875,12134.04586259383,10808.001772597161,7122.318359375,40.882266998291016,1254.1707581863893,427.0810546875,2014.1030436729984,476.5750732421875,469.24772527263013,239.33619689941406,5668.487078985414,64.15452120343868,1549.7179317000587,83.86326117211264,2169.515195724345,2437.7471970178535,716.7791760091816,4193.670133196226,759.5492553710938,5948.567706056763,39.784766602254976,1522.6917217739158,469.5782435449772,286.67133037213455,806.9530214099665,2339.219600733869,1721.9864403553584,2789.4598281817007,3743.14164115549,335.75865330910017,2306.52519907125,4039.582817294099,146.70264893272955,1214.7453647644763,1095.2393086539635,180.67772413697722,1497.7284591677164,1328.3452413744583,187.14359852619086,1375.1815837755532,1173.309189013331,912.9649218251468,1338.5992214645873,2280.5477856644425,2712.13288310952,279.95834833313336,1450.4893021897828,243.65765828729727,364.418288297813,532.391975126055,470.0124816894531
417,750,1930,137,28177.158203125,14627.2470703125,5186.1728515625,9623.18683483984,9576.89351879376,5946.056640625,50.95842742919922,980.6021106255425,432.13330078125,1796.5986110849974,1181.9891357421875,562.3583262296662,451.9394226074219,4875.730286374382,336.10862927276094,1215.9579708871606,200.85636864213657,2554.5402248339387,2742.8754481799083,1051.639954872876,4809.487510421374,901.6884155273438,6750.461024734503,300.2790955454883,1064.555245893114,883.2238766808824,362.06449922334673,613.0025823095775,3027.1201821232016,1950.2941772111508,2296.3394052439485,4139.1409196947525,531.7484132616497,2385.719814178923,3257.033659739758,400.0695766371499,1422.4161074373567,725.8764166938619,242.62905529988458,1667.963844824053,1271.1890347025612,429.8536420459743,1095.5474133444636,1272.8264618538385,2551.975681860966,1526.9439047428536,2706.096184896677,2725.17848852466,445.8463743121403,1563.8197299904339,262.07454086649335,292.6424751574344,1729.4471692348427,530.5059814453125
418,1079,1944,62,28006.927734375,14553.9931640625,4508.91357421875,9402.785752792719,9439.48757415696,4963.50927734375,581.3460693359375,301.75698509883694,86.2149658203125,548.9678766522568,1390.8045654296875,555.9175436719198,602.7293701171875,4265.581621246429,406.7854602656404,466.39620171372763,294.27488748764245,2314.6072768910894,2625.8842238098455,1341.792206874299,4933.455981254158,771.565673828125,6807.32938777586,319.99345514667004,1067.7670937539829,520.9911830041027,384.39973107732214,792.46585194481,3225.743162411415,2080.3839632611835,2044.3611377853424,4353.147067268532,324.29897094382625,2380.5645271141175,3196.070265110469,281.1622226373745,1354.0095350374286,711.2618183657828,198.11712471454075,1500.8053733527147,1473.5577173372003,499.93718447149735,1076.5480433069572,1182.890285735597,537.6758746158685,1762.2141337298522,2938.195097674244,2949.581658163464,248.7086812323683,1754.8091970369032,210.23888318180397,426.7285540236816,432.62961084963945,389.95574951171875
419,684,1972,170,27007.03125,14816.421875,3621.24365234375,10104.024465857803,9295.075357406173,4859.845703125,541.801513671875,885.4257356209437,90.65997314453125,1364.7120180416505,1433.00048828125,552.923860156224,703.4927368164062,3678.8472999637324,238.55316263534178,1610.7944055558346,431.66855561793216,1087.737372657505,2587.8581702188612,1005.3743390214215,4016.273367976515,844.98583984375,6099.006023641625,162.9850670174994,912.8506734451112,785.8831374586775,294.013476129535,693.9177660466581,2552.9220808832642,1807.083681908046,1611.400433632727,3797.7856565560032,356.75519236486605,1926.3645051093868,3010.809227123297,213.8809479562681,1187.787598243939,579.6238015343636,198.28315774301507,1374.5686921176946,1083.771194705979,286.4838668178227,1002.2737996825897,990.6401119618132,1390.8814800385078,1358.5280203955776,2401.5321031379635,2455.775006466843,375.0736633619074,1459.4012539933792,226.8991789838026,363.6031757999422,1021.1588567399834,343.03839111328125
420,1186,1959,193,24194.44140625,12576.810546875,4597.0556640625,9097.233560541059,8450.17765567944,5240.2080078125,384.51629638671875,319.1745784167296,443.5322570800781,2075.756126130472,362.7277526855469,911.1973801819152,452.9380187988281,3705.180152674252,320.72063472088473,2211.971533769997,244.48416632002622,1781.6210482131683,2011.6797581344401,1124.231099616801,4262.834024226845,859.1800537109375,5483.43246086542,143.8132297205267,1013.1918110537057,556.5443238185024,449.2391881853186,477.75264548365334,2611.7988567656057,1521.0340500416619,2203.6025699550787,3410.0052104758424,157.20591445140866,2085.444921733952,3073.223459146694,399.24369234367623,1239.262753907523,668.4686992958602,244.4926854700369,1339.6657395618813,1190.0680641962622,339.7157453581343,812.5799954078401,1116.9258613661839,2327.6937355122077,1247.1603659699683,2338.332179314036,2571.125604195048,340.2595478041881,1427.038931526422,275.19891146746073,410.81382894392203,1495.6929190551969,572.3698120117188
421,1061,1956,109,31015.205078125,16194.865234375,5599.16259765625,10544.388173187446,10297.891401092507,6514.4697265625,260.61053466796875,428.827631559632,251.23880004882812,1519.1083271181471,1349.267333984375,796.8826831692643,504.3307189941406,4905.716147486201,238.98974961717872,1740.7392178628247,201.9840154076392,2802.5832434418166,2988.0347501521433,1458.6759172759348,5807.4850897985025,841.2523193359375,7380.516882252325,142.8092554431161,1701.3745954241108,283.38739552110366,375.69659505087157,845.5023667889466,3535.878417887826,2116.8159015621613,2491.8071819407105,4522.82925291763,213.22656664497296,2376.7910770434505,4225.290936399192,209.9849036496174,1571.2721379567402,644.4064468786943,273.5209231136768,1843.0242835013044,1473.4537334573047,316.47359278100953,1215.5599580394562,1370.109975659135,1354.9019317606185,1621.3896403605397,2960.3365071994813,3041.401659863434,282.67599100348514,1726.8411103316591,249.66077263720993,253.3457496731187,689.7761277950253,464.3367614746094
422,766,1971,71,26473.15234375,14134.6201171875,4473.2060546875,8483.16936180208,8351.993853603299,5521.1328125,259.9839782714844,605.496608220396,81.16312408447266,1851.019762667078,921.9457397460938,720.7116505174499,696.457275390625,3815.8324198996897,490.60182580915114,1715.7284661067172,730.0754869312195,2303.1772685257324,2381.116982094133,1467.874830944653,4955.26120641049,785.4168701171875,5892.056233647613,104.0595608767183,1822.186895939838,525.0334413374276,516.5641632489024,1026.6207002371323,2833.403896370788,1706.4049354567378,2183.3167993188836,3656.056767907236,511.5895338458121,2272.5896820978264,4250.057483969888,241.32822877625574,1427.3744690349658,625.1696452207441,202.8560360107205,1431.9105611623552,1320.8444806749628,81.5099696349087,1049.0907469852436,1257.44444394869,1949.4303459018051,1345.761228757344,2408.7035330112167,2878.4517177392922,365.93195878858745,1424.2580490824184,241.92994001151916,438.7557483527339,1175.6905766976736,287.56494140625
423,1273,1966,114,28671.90234375,14902.29296875,5017.0498046875,10033.006036681232,9892.950998075083,5709.9853515625,146.15667724609375,1219.6930049995826,484.9625244140625,3161.375229925214,1426.822509765625,1017.5497626146956,332.70599365234375,5032.883063762689,576.0831019099758,3949.0472732099192,271.6669213990304,2591.6602236417875,2547.495351920472,843.6134227638763,4595.771058400816,719.2184448242188,6978.471390907852,392.838435101692,1176.5382309717124,918.9901040218795,229.67494863806215,480.38996073577465,2938.160972842418,1895.011170364271,1959.6930146708976,4284.193031333792,413.32113649138324,2154.1197772892583,3143.036625771604,292.28737489465016,1389.488213478061,625.5586203564048,244.31228793697736,1560.4220535701402,1287.9096911204053,509.34212586643395,1071.3043386049135,1179.8807015578343,1508.2999468113244,1505.3171680296982,2793.015912237811,2786.3927651657173,516.6551059598555,1761.8298082490242,232.81566948504053,229.2647791744898,1210.433517858861,401.74835205078125
424,985,1993,37,27400.5625,14423.5009765625,4416.8857421875,9217.87974459006,8980.187761505626,5004.66650390625,565.8385620117188,651.2960950309752,163.2864990234375,500.68224201993746,1183.702880859375,299.49173575386266,588.364990234375,3691.5387984375175,145.3218697469598,1310.3410169125334,278.62033496947157,1610.3897131565132,2625.2379735153204,1510.4916147598858,5190.173217254856,668.4008178710938,6687.014208936635,133.4765412049102,1069.9653317651062,408.31047125684256,425.14619066570003,936.616850472342,3174.5431968025187,1954.5232878771872,1840.7004977812278,4124.465997057916,288.4679403492817,2144.163847546215,3602.884787816351,145.6275504367437,1446.1993258059213,415.97760050497567,163.71219877763124,1948.556759403992,1606.9005389442934,275.3113457398095,1057.1715451489442,1153.3934775833907,916.4800522688837,1531.0891372903807,2717.291798644169,2880.074687699104,476.167918754133,1555.7779307650026,406.89316768606534,459.14002903131427,580.3769011960079,329.80804443359375
425,1012,2001,121,32017.048828125,16114.61328125,6633.1865234375,11420.815371404911,11158.54420708545,6917.2236328125,28.951984405517578,794.4513901970561,335.5875549316406,1729.991180230299,935.1635131835938,1085.6003899161842,697.14794921875,5371.604150422939,169.7817861643318,1795.7501196827247,249.04651881226985,2559.737928294547,3153.61839875539,1349.918330460051,5662.746653836942,1080.4739990234375,7858.4950997001815,85.50604809898265,1854.4320394808376,420.4784068432963,357.85671841215066,844.7779959637494,3374.041776853151,2204.369078641993,2627.2153300825285,4782.332037806731,359.39395186313396,2503.8700468027446,4541.33502808153,271.4813177740464,1531.742933458236,863.4670517412459,208.72790537745104,2043.8792757208494,1635.082574964047,352.8253359888226,1338.0524407129924,1291.7000616378175,1868.5133064795912,1662.2785425494776,2965.1540540557485,3109.7421276332843,367.00524944222593,1951.27400775229,267.1207092280156,287.56785625496815,1006.4108241639153,544.199462890625
426,1158,2017,205,25818.35546875,13471.474609375,4650.9482421875,8751.742499328424,8643.381771096596,5113.8154296875,168.63461303710938,1290.359211263219,76.6290283203125,1480.3989547209285,708.6154174804688,1229.403974140522,595.133544921875,4360.5019450322525,316.8551245197418,2269.262391244031,195.05706587687575,2263.650466081483,2466.6593374331856,1295.930211081667,4938.12732923358,807.61669921875,6229.18389114,311.87269748490525,1599.5428868085944,258.76084931247595,381.507231581203,758.3412954073619,2848.4299761534235,1695.8038063494507,2211.667502860107,3733.6030747167883,253.52391742365438,2073.450804420789,3888.9029458455893,350.68662506787064,1216.0863784145558,683.2442170948262,240.85340139248797,1895.4798626572997,1388.9670260702771,257.10083329693725,1149.1707676574101,1066.2385125921198,1625.1797796782314,1242.649270780536,2330.9655820087073,2652.7824118165736,377.33961434380524,1507.5905655875945,215.69914733140857,455.4820726606936,1153.2274935623884,387.79217529296875
427,969,2016,99,30486.51953125,15426.900390625,6057.75146484375,11229.16180923499,10774.199249142977,6262.005859375,412.1658935546875,1385.505768769364,35.93054962158203,1280.5336461753318,1044.803955078125,1170.191228339756,662.19482421875,4908.747325390161,252.9456077758799,2111.547403377446,357.9961637822495,1942.2752910891165,3065.1528324225765,1124.2302915388605,5411.134790521943,742.8531494140625,7590.848652148275,149.528705243925,1370.9757216974442,664.3929802888334,204.29383033890747,908.2307621652672,3271.5570231475917,2147.545353403688,2163.668617579491,4612.049549197306,545.9715335916378,2448.781707498188,4152.147991117519,147.71415529826118,1556.284332798279,696.6339307279796,141.01568126030233,2235.891432524746,1581.6753657224544,214.45778183741086,1290.6851650442825,1277.6137570375076,1829.399456225538,1742.755795755426,2904.169401898594,3072.360267630981,363.1478998138008,1977.898759794706,171.082555242959,493.63825910587275,1153.517159648797,204.83143615722656
428,915,2034,126,28455.8515625,14744.669921875,5120.32470703125,10800.760154429936,10227.762052628394,5414.212890625,284.44818115234375,650.9711046157936,157.93736267089844,1169.0184466397654,863.0745239257812,1065.862301893445,536.6424560546875,4968.405001446006,419.68205889316266,1301.8784487527598,313.7703548647834,1933.4531853272542,2671.7824542624617,1406.3575741275351,4224.673758562321,923.3338623046875,6516.654921137464,246.89893942428458,1012.4921514284903,518.5272961110498,237.29757759291772,668.2586035730756,2596.751039457306,1859.4947534223168,2646.818136962877,4037.21421946616,143.3887226870248,2270.2760801946574,3296.8473894048084,303.58059520560016,1406.6594556555963,888.07501016892,169.55912679235666,1491.742060027263,1328.046836078905,232.06316050312535,1213.6241822341792,1243.977221797448,1881.6581658665802,1437.19420052136,2477.125774159782,2728.575538792957,453.23094270785214,1691.4241547244014,332.3278590889819,543.0844506874793,1247.1928696433797,568.478271484375
429,1166,2032,49,28327.384765625,15119.21484375,4765.03515625,9830.388773663612,9445.765091898298,5888.84375,416.35986328125,885.1539556313317,198.37448120117188,1218.4370135196564,1398.8270263671875,413.7398619512026,488.31329345703125,4672.110238556323,285.0451842062862,845.3165670088654,183.2507891341401,2369.0293408147872,2150.5994625120975,1263.3387877447328,4634.414194842368,851.2528076171875,6342.646272706729,365.46907760432504,998.4480386563824,804.1989549107299,354.57075856340094,777.9504474719571,2831.232621788711,1628.4895132263707,2312.8689515121578,3867.0287804367886,562.1518707810922,2513.4288541953274,3156.045418798791,307.3520567211596,1496.2087515144651,892.449680411453,302.3519971712394,1693.2387870833547,1267.9256932331498,384.0588525703465,974.6149717720529,1341.71163263518,840.0568790735914,1305.9072481838716,2589.1739328269846,2786.7339355707836,325.3968481637675,1724.4675041743028,199.0715887628421,485.4189550097116,503.6783285010216,434.7957763671875
430,1092,2036,54,29399.6015625,15908.015625,4965.74609375,9138.731495281632,9088.035463958675,6577.255859375,86.18785095214844,671.2248071514994,273.30902099609375,686.127411851179,963.072021484375,301.8337160891278,654.3187866210938,4522.028087822245,301.19890079893975,474.666849768057,407.55397982923597,2340.1601034262426,2312.3205434269694,1577.879769060471,4896.364479197574,987.4699096679688,6305.912302323804,406.25433843214853,1243.5735224504624,436.46575260166003,520.5794891378175,914.1902987952068,2907.8640531846704,1729.2220069612572,2597.1660193503913,3885.6609812478596,458.65650361280285,2754.597590343806,3692.8307167916582,258.3135107693544,1689.481021274256,737.1864651556725,342.23302904196566,1508.152804005125,1295.0283951789972,489.5993522314983,1121.8514859838606,1464.2488865525097,1955.518812094114,1317.645110703254,2532.2017929165127,2941.9995967477516,442.1066461208904,1487.6008976998266,363.4576244450082,366.51812912114787,853.8181984086142,501.52862548828125
431,1207,2034,85,28542.658203125,14954.7265625,4684.70703125,9644.794842450337,9649.514616227278,5388.0361328125,320.5237121582031,413.92072603749847,213.7419891357422,954.3839872650767,1370.7352294921875,358.6219525948875,526.5762329101562,4729.100583275891,310.52176069942874,1225.5000115935125,293.3326543742865,2422.2020942943614,2625.9729312578734,1298.2987909128904,4519.403729633043,848.2373046875,6624.602288732762,106.94778895969274,852.0793404214024,164.5217937424064,425.30217263465767,715.4375194265818,3008.1575281726314,2010.55670296814,2382.2399406937443,4229.520573502687,433.95421228306606,2279.9143351167745,2954.516124828089,281.34473067080955,1577.1048971243465,668.7313700019902,231.55305185477172,1092.6871476337208,1292.5648327433396,265.9041384745958,1030.5393250002887,1341.7348692573235,921.4744255713258,1618.1294791875184,2787.581007682163,2827.926567722634,253.74849693893592,1629.0608144693556,298.9186628541893,217.8183084273401,754.0422400973076,430.0576477050781
432,1519,1400,113,25606.873046875,13859.0927734375,4917.0068359375,8680.596426262968,8203.559032749892,6867.9580078125,495.0596923828125,745.7910643167077,793.4812622070312,2467.0944555822484,783.1041259765625,1199.3988963660822,99.72306823730469,4699.805253798148,321.3202439275104,2598.448985716733,424.3528671143874,1987.99065622818,2057.19481914903,296.92326051476005,4417.473055167683,651.1433715820312,5377.764574297181,19.964588033961853,1740.4371858249276,762.7313072279316,172.58226682473835,426.9713416710522,2459.363817261548,1445.6571311163616,1932.1702881468086,3232.8611418023042,273.5512351683157,1899.8068990974555,3751.4874242171313,173.3787816769238,1197.3516746944306,669.4468850722807,251.39220035793534,1538.9304189250304,1254.477633637036,381.8175882610092,807.9016350469072,1130.3868114950972,3484.9036072265426,1137.3856938770743,2045.9893459672514,2467.3754098965296,321.49657086487815,1387.019333385926,153.68155080071222,412.76652866380846,2249.8512936241136,458.5087890625
433,1409,1394,56,31356.2578125,16101.1630859375,6590.666015625,13240.35061264894,11734.984597237137,7565.7578125,6.833273410797119,596.6377371284119,535.3505859375,1572.78645387498,828.9957885742188,795.5501849526993,141.01902770996094,5893.230971846406,343.3268847011878,1943.065052771562,184.9309618590812,2298.8620933676557,2805.3491663019536,799.668335066149,4564.171806625641,774.020263671875,6909.962802690994,241.84275673965467,1240.9791128046945,411.28427454751323,249.51973678183074,657.7475893161444,2942.9494503541605,2016.0648431189115,2495.14993946771,4294.4584394650765,316.9270455329477,2384.972072412517,3470.4405666918747,132.83703079972165,1414.7085690705594,1061.0244942449242,227.12890087733885,1827.2929225273851,1569.8681914764668,313.0475994006642,1243.4856059305546,1356.6156482889253,2107.4920505465725,1583.5637461166264,2753.108914035139,2874.293405520196,358.8737345250675,1772.6516032574032,220.3631333915042,410.78089337468964,1291.6444459249217,598.9036865234375
434,1735,1428,150,10055.5205078125,6407.07275390625,291.03912353515625,3351.1910393379544,3155.7456870406354,580.9976196289062,1190.133544921875,643.0309587951233,840.628173828125,839.1671675092798,1162.5218505859375,266.28294481147407,598.34912109375,1152.8355002281724,106.73454904957623,1326.710429928597,86.95039143995587,643.7823077330331,1228.8289365220967,558.6438585271165,1878.141556352443,308.7688293457031,2355.119698674983,52.68880683060059,466.45290372884114,274.9099737047687,314.4449828534986,449.2451176025672,1257.9147297947509,756.580484807219,567.5097958593268,1419.6031392362272,95.46132864300108,608.7165803126645,1026.382643979896,207.76503887247267,372.86523888859045,173.62172098748152,146.572013466573,809.4109666240012,540.0860688387071,122.19862060844017,374.51645859245315,293.5021236851258,1178.1641128662513,649.8526859676986,1089.2023432621163,878.6030446500536,136.4778796126294,670.4623826960251,143.7351025229423,315.2190197597118,998.6187525424897,8.678668022155762
435,1403,1457,126,28734.80859375,14852.53125,6222.6806640625,11767.748628446841,10495.988994774145,7302.06884765625,300.9441833496094,1168.8378454031572,698.7618408203125,1722.7127112074052,598.3922119140625,530.2918798677402,130.06912231445312,5392.959061566498,160.1905490406031,1629.8366101478846,150.73887618059496,1681.3622863292817,2196.0562644664046,421.6623037535521,3814.9656523223516,781.6912231445312,5676.478434628258,103.54034157993276,898.8763233599501,274.0225840275474,329.60831635115545,707.9138113334404,2315.1656466722397,1612.8313377202817,2486.988981891676,3604.332993948281,191.5185415831452,2345.8844282535324,3268.062907094769,316.7897111953776,1446.585775752313,936.7847513603373,145.5708066216838,1100.6250202298384,1408.150652978916,80.67394532237634,1429.4319718713405,1419.3026141314078,1811.520742353271,1279.5574751819838,2319.487091838748,2644.7503723344425,304.85152357931355,1332.1300604775147,212.36412900500028,546.211387827925,1177.6053437014289,573.9357299804688
436,1417,1477,44,29942.875,15942.9248046875,5090.60986328125,9289.92700623602,9383.628665619079,6452.18212890625,101.63591003417969,604.7054965137353,314.7629089355469,2069.80347723728,1114.50830078125,258.4314188068254,677.8678588867188,4649.643503332661,116.73383937013625,1999.518232757217,222.29344266260912,3069.4009586049633,2666.161096941435,1497.9961174443658,5321.846405170583,1065.0115966796875,6822.928086708505,98.74068896330918,1425.924437775416,464.1425830550652,655.6624907283762,934.677194166269,3231.3371623500393,1974.9747139157337,2362.0415963608543,4264.621676906783,408.63511858924824,2743.172594798402,3900.859164801119,503.0224164171271,1750.4178630183915,678.0083146120917,201.36772143792427,1447.5542366973996,1423.048652119028,419.2319558395373,1080.322100969283,1536.681610517489,2384.0965682947653,1609.0997319384528,2789.496765826251,3095.996033377949,474.1535393680648,1686.3043957895325,261.51382554283657,478.24178006347825,1801.6979194650564,633.229736328125
437,1583,1471,173,12344.494140625,7600.150390625,364.310546875,4029.8371946010607,3808.544989597912,1450.1494140625,914.900146484375,427.79155477290965,596.939208984375,1402.5048290137604,1045.9676513671875,177.26697975606,553.2303466796875,2065.641288699739,117.45112086239321,1369.6021457619354,193.89725120623675,866.3984779418928,965.4919102806258,433.0045820469559,1630.9318728485237,379.3122863769531,2471.5755869542204,98.29573359005168,500.72751086758757,218.37588433487093,221.1841423526406,195.1007425504307,1012.1236446273219,687.6961085923849,781.6043948381737,1515.5807813055549,259.63496645760216,734.4196370025871,1249.5940969834296,162.7668975975388,473.0249458567563,279.84683875055526,118.90560452171395,549.620071032143,479.2698260323763,162.12424682625087,390.6481274161552,391.9009154040104,917.3390890759412,526.1825694987928,952.7303163588756,996.3212349700357,187.8782841693885,602.9692913369302,117.76650173533541,73.70520532857223,749.894926161653,53.22492218017578
438,1640,1484,87,14351.11328125,8971.375,188.2657470703125,4447.039642856381,4217.487389819584,1612.3966064453125,1058.88720703125,553.3970593928432,674.1689453125,1708.0272689959024,1289.2529296875,384.80829900208175,621.4571533203125,2157.1919535890734,190.08585245554306,1641.2575068709295,166.34215777635427,1184.3640568951835,1102.0468883601236,770.7745449605366,2026.733291271456,419.8681945800781,2859.2859505558554,176.03712714618678,530.6791891214502,334.52732385991254,457.99685838781255,536.7568732856238,1265.6558725811624,822.3381304942762,929.1398968259086,1776.7842585900394,302.38639353561507,910.4770152435852,1485.5355195383618,325.3511101816078,595.9360321457248,305.47751939701044,147.09281952373294,636.4609494095238,585.8143288748506,255.9898521477954,506.750732580489,547.2684809210086,1162.4078383270003,640.2737228020039,1141.5853902155666,1160.7460668791434,191.00004322103845,688.4046310740022,142.52519975464054,251.08848552366626,1006.3332203456587,82.81085205078125
439,1779,1543,62,9648.498046875,6496.3369140625,407.2681884765625,4709.051255392269,3382.078927502037,917.7285766601562,439.5672607421875,781.4078809623886,339.9543762207031,914.0730628129154,520.7552490234375,475.0389308511971,459.58172607421875,499.75872293331696,57.10925938253034,883.4939796662054,36.22260462399391,1898.9516179850812,591.1646298515836,810.0314336685021,1078.93067658646,511.7161865234375,1339.7072946707874,123.5277303492914,1147.211349357828,219.13271554235575,217.27737931011887,328.4015085957905,484.3490969948731,437.48382995284885,742.098593504524,911.9745128347948,200.1012346250215,608.0362633376659,1634.8955222691413,175.75802693229505,441.20139984501395,212.91558794780013,90.03321344789332,675.458420660967,354.54420212968176,82.84043518884411,288.606516477114,431.4371391325796,470.59259292151603,343.0993281542444,620.0294886632281,868.8635101036407,273.07331539164176,398.81772943137736,156.57759626499637,102.18758629903729,441.084434147632,383.5969543457031
440,1535,1582,38,27557.64453125,15736.4775390625,4568.2548828125,9640.00033308202,8495.345476151337,7760.66552734375,454.19647216796875,683.2180690034684,897.39892578125,2437.204097152583,1092.1239013671875,910.7416923016759,11.26112174987793,5042.568763650503,249.92123234898088,2286.002838233335,262.29632531842975,1886.851077006103,1935.1400019200173,617.0352711955759,4021.162790770005,681.0204467773438,5310.289379989621,251.0065850044438,1228.5377048834976,636.4122933427994,337.87182943833176,286.2757790020153,2349.6690647755154,1383.2739495539206,1874.8228682200602,3132.8438405832194,608.9811400123642,2119.142621230596,3088.1848992627424,325.6280121471945,1223.2054736327475,1040.9803551369023,215.62036505905195,1572.8541103836453,859.618336676678,395.8484783863487,824.1707773274226,1246.2597701326972,2383.5548399939103,1055.7229754672812,2030.183868783022,2172.168859215828,508.4533922157501,1237.664471385642,435.8640069181267,765.7952236050086,1324.672868985361,551.6994018554688
441,1799,1553,199,7160.35205078125,5224.88330078125,1137.910888671875,2423.2568405370157,2014.1460058736877,84.80680847167969,896.049072265625,162.11043737818713,800.158203125,474.88377665804137,683.16015625,103.74951515976433,705.7681274414062,523.0061497028514,177.71499049897912,429.81760126422773,210.9823449031201,340.2446504201538,449.8214062429499,393.0550044747304,703.8628720107091,496.8692321777344,1154.7260955001827,90.69972202635194,205.98732876021296,97.23982620829148,219.99966935473114,302.11305595103914,437.6094992611855,309.7785069621535,446.82116517343115,699.8513628901061,156.3488512628348,337.91191417986727,563.0376447044354,177.17340810179266,296.66878495352825,153.1662564103122,101.24449695490726,266.29481056505927,218.60043733554556,141.6968643769665,190.85234228797628,262.8903250444739,324.88730117599937,228.9697345101531,425.6633999181309,456.2167549113147,87.04140381869779,281.5698147588153,96.98349831167586,127.0312501851974,250.92118573903676,192.43675231933594
442,1423,1572,42,30036.69140625,15871.626953125,5329.5234375,9224.901816386377,9469.840741883221,6315.95166015625,230.56134033203125,671.9341131143287,111.29362487792969,664.2866694985512,1032.15576171875,479.6248018633037,693.6991577148438,5003.539907488094,202.88556927732705,981.95772496647,442.25908869428,2957.929334835151,2445.698871476732,1660.1244801080484,5255.566026354256,1008.4185180664062,6731.114166285735,450.23316805029657,1119.2723596611777,546.7545003977756,736.6522137378087,1174.0559619960095,3214.1509956105097,1827.4794084074736,2809.0884270487622,4136.232023948759,734.6587046207701,2906.1430234187023,3552.883188551046,368.31477252578713,1801.5810062602916,763.72680831847,180.1582308614477,1611.9049854636978,1629.9001120348705,361.5813712540874,1011.0615802662984,1652.470151044421,1658.1572563384143,1485.2620756807435,2794.1756721127144,3150.688804723174,474.31206575983845,1767.1940701335855,402.7653356006529,338.1773044992737,1012.9928859655112,472.5478515625
443,1430,1568,165,19215.19140625,10528.80078125,2752.255859375,6883.333679896638,6448.372158590533,3726.216796875,397.5050354003906,797.1695334693455,4.639945983886719,2501.877173099106,1063.99853515625,591.2269533791219,381.33782958984375,2714.8945470213716,225.39200431743149,2509.9071103496676,182.86727539493464,839.9409713974069,1536.6869111563396,730.457007614791,2818.0717017942197,526.1524047851562,4148.241210863561,113.7745218728965,660.98021510795,545.8145702678415,226.6269747005474,627.2594721287018,1773.5829330099357,1149.9240583747712,1265.188815941439,2590.1490622483007,315.07008051866916,1432.2199992560013,2097.7525067595575,79.34554180554227,1068.737502755736,364.2218630936664,155.41959989212432,781.2460383171996,825.7410293304964,219.8734052883172,683.9071787418314,887.8398781658791,1719.3284629234593,891.8619794188406,1694.1638591769367,1826.8883546658205,267.70690354077243,1031.8937729243642,216.69632536702758,307.2841174018999,1378.566479953564,259.37799072265625
444,1406,1656,120,26521.486328125,13634.734375,5040.39794921875,9738.955057685032,9267.29167063851,5552.146484375,85.6655044555664,1162.7097134370617,289.56451416015625,3574.662481446569,947.3812255859375,1445.7862149691755,434.00054931640625,4128.806964515349,359.8107191979424,3824.0466200541423,210.09671349480328,1573.3842253007526,2647.078706209545,969.4953223589906,4701.46216891311,773.448486328125,6475.505204834178,215.8654714201831,1371.048676064217,817.4806835539323,131.86321427820636,591.3016053048949,2857.837547635278,1854.697878697829,1910.8907986726292,3936.7098959518958,469.8970402623482,1933.5489010914391,3602.5522242682246,70.73257298842505,1203.7499028723253,634.8602673547756,169.35983352491505,1848.0948476067415,1161.315073576314,249.06548439187625,1030.0188469565621,995.1163911638337,3406.34721034795,1423.1706312711847,2530.671319581685,2466.410568299052,415.5369469838462,1550.9477557161617,145.71820960923628,241.85694261220172,2440.785491569516,466.08734130859375
445,1386,1658,220,16394.203125,9100.3095703125,1911.7181396484375,5868.827318406162,5540.194438922248,2536.890380859375,641.4002685546875,333.27856768767117,283.4590148925781,1680.458609015821,956.052490234375,375.98877751622615,471.4107666015625,2261.3876551979897,152.72969340982465,1945.5504574325282,144.3945754357946,838.9025468623934,1533.9135931380981,783.0464977856063,2616.85283519846,481.8581237792969,3750.7784164821496,91.74080118427551,665.058277308627,289.71235408992897,269.4946780944157,548.7133810215921,1674.199261769878,1086.29000327017,1197.9273726720005,2310.1682151093232,97.01543903122813,1153.9377239695123,1842.9589763512945,155.28591937109314,805.4683308607716,358.0826975453806,104.07020068729409,905.4768073972664,794.5322043805612,85.76298318235602,653.0293586681167,712.1395012762721,1514.3466017699284,849.2872394147788,1516.712909416571,1533.9717394923423,152.53629158045652,899.5135569944613,159.01228299947823,230.38421501060347,1312.3335262754606,201.35519409179688
446,1426,1676,49,31494.517578125,15968.8828125,6690.71875,12792.496229434117,11641.780990897576,7267.115234375,223.34603881835938,948.4572426723247,487.3978271484375,1826.5241261197882,666.8828735351562,1146.2064216285246,455.721435546875,5225.751315286532,452.58419775071206,1672.7008669989882,393.05180048344755,1806.0287860957217,3202.6491767889693,881.1042002208816,4801.2430898242765,934.8511352539062,7362.290156364572,327.13783047276877,1493.600053125547,905.6031042976747,333.66704821642765,781.227603626423,3011.8363875334944,2163.567103542193,2444.232177816377,4523.021333064645,192.32821389113934,2432.7472349831023,3868.765464356718,251.36023319246664,1577.7751593830517,877.4650777259644,383.2812704048807,2051.15295061883,1451.2063557316856,560.5900861361049,1682.605321657168,1325.6976024991973,1425.7428964296075,1697.1208530402175,2887.3088630069715,2886.3581693494875,482.7323000890533,1944.0885540742875,683.4905183436156,434.2589838466173,880.1498878523163,589.7562866210938
447,1493,1694,86,22536.98046875,12204.0283203125,3315.501953125,8257.12062012679,7869.067463276608,4135.93359375,708.585205078125,1003.999588843452,19.286510467529297,3252.935402821557,1403.06494140625,1045.779388866855,271.2110595703125,3993.3708167660366,392.72313613907477,3438.029862297541,126.56540385499405,1511.96099428875,2154.2530531950392,964.4182106888601,3501.1191580490768,499.8329772949219,5333.844916635119,329.4969898410253,926.9561411866658,881.4640963882359,511.2427015230965,655.5659775764481,2157.928849734148,1445.7262858272475,1831.9865344686725,3181.2617938487265,509.92876175023315,1714.2958386476882,2416.602600151433,382.6192736042562,1024.2388754554697,630.7220039933624,229.01318726693484,1536.7989189518191,1003.7898591296143,434.2463488574986,821.4430133554831,961.4953022677363,3545.9589224213664,1153.6302859962432,1966.1899997674764,1925.1554013259374,445.7515249360672,1282.9085725663138,216.06253502656187,126.3246355652932,2674.873168036008,247.70492553710938
448,1582,1696,26,19485.693359375,10862.3046875,2508.450927734375,5551.640828161678,5824.287107076996,3482.558349609375,170.28985595703125,1041.5915993809076,290.60504150390625,3886.4356136923248,463.28216552734375,967.8883958271774,905.3997802734375,3396.2452610804326,506.2791182215205,3421.721832630936,333.7064195045854,2293.2642218019178,1876.8882891789572,1048.2521231005135,3704.656347876159,945.1409912109375,4374.233381962673,218.0169371475838,1035.2067899467686,1137.6193158787423,451.5715347518329,584.1401685528873,2154.956403493766,1292.2120427364262,1780.8622922841005,2680.4226448058616,441.7448430060579,1649.167731909243,2880.981073116422,437.7190257019505,1142.3344315186,398.33111935486,242.00078415188543,1213.1570325326154,787.8438665904594,512.8453408634646,629.5323600434689,1000.8399488452719,2456.665256005516,983.8194319511141,1718.9154924122356,1802.4812273165805,448.1091411349637,1036.7356257355439,127.8356968914721,455.50227888466964,1889.998860974301,433.52801513671875
449,1412,1713,97,27649.87109375,14172.76171875,5353.169921875,10198.419676111698,9765.46787822112,5658.3359375,336.7280578613281,970.1745115901474,176.69601440429688,2353.757610589948,1022.40625,940.6660965253097,482.3692626953125,4939.808734855867,160.52031636244993,2935.6959401969225,274.453411813356,2077.6982749236404,2353.45951781126,873.3086818838373,4654.623463873905,756.9576416015625,6615.99819724995,151.5356221847125,1168.6811870373895,428.9888229079543,325.29588235949603,570.5046966679897,2782.33898681325,1697.8502638911361,2225.333102346301,3974.4981882555785,522.0246090381202,2046.528701352126,3424.219354836961,260.3268484999191,1274.2737963811708,772.5809091132155,212.139565495981,1753.9938855671467,1395.3931415644952,118.41161659635264,1129.7205937743445,1095.6236811049823,3356.1318046242327,1291.7835529337058,2547.9579759461185,2773.4468957536965,291.3577164663656,1658.8570893301694,204.7217064523215,196.52817271310087,2414.4976438730364,299.03515625
450,1596,1793,125,14216.80078125,7711.134765625,2446.34521484375,7505.375071157432,5895.241298923861,3058.417236328125,79.91743469238281,926.9605758014093,283.8503112792969,2372.9405847094963,339.86187744140625,702.1607539282046,193.5478515625,2062.085646055296,193.53095465878084,2010.5557086398999,121.73965769775613,2345.796892653982,1767.0011887722894,532.5990374930907,3945.1006668364553,425.21661376953125,3853.765147051709,33.83744820064183,963.7649483813602,737.7284025023779,187.33947875937514,259.02287443835763,2027.7901884778103,883.9495055044191,973.7307050187743,2012.3381632037529,330.191743250292,869.94421249168,2828.4216144466245,148.59909887441114,741.52185300989,453.10929854498283,207.82494263354852,2028.6015496925502,927.3666664259289,358.7816789787499,626.5837528962974,605.347664721899,1909.9746581787192,681.3920462456188,1317.5507453380926,1158.2743924217111,467.0782925144767,1050.3224155639136,261.97640629844443,131.1310410774782,1167.9525916540267,199.76278686523438
451,1871,1784,183,5470.9716796875,3997.6630859375,711.502197265625,2386.9726822849543,1667.2349846346212,282.59661865234375,502.60687255859375,160.78761141840056,409.6529235839844,467.64927783693696,505.09478759765625,212.00361591794677,405.8759765625,847.0308062973872,28.38423977615108,419.39533231671777,49.480053386251974,1377.6326006108077,297.7250998055848,462.12917835583517,759.6441692234649,355.4825439453125,854.5746033917503,46.61525678212036,624.6012470425813,160.48154725918923,261.3568073628524,332.28693544323704,368.70261446832416,207.01342926552567,300.1016574865966,494.49032101840714,75.20477625934792,279.05466282898885,839.4640304278382,187.8363270489211,270.9979064580994,145.91825475875373,53.35882119463956,405.74397004439356,186.9093038084472,63.903715101592255,187.8701830437325,249.58887396697125,387.7699944271014,157.72186002258044,305.06871251425866,384.9189076896201,168.44598998233712,202.96776624621964,76.5503452283525,222.22813963303352,151.71352594644011,216.43377685546875
452,1535,1818,31,23660.7421875,13544.6005859375,3295.83984375,6446.180905152254,6404.112623963824,5457.8798828125,141.10830688476562,756.1706620018573,128.5902099609375,3366.2634065413918,772.9244995117188,1354.578753299015,629.8967895507812,3103.9699395281573,563.050036527988,2882.203264481451,462.9837819219053,2066.0827416120087,1747.3475963207677,1268.9238671786745,4663.130147520035,671.0765991210938,4724.77019759426,316.4881739383722,1710.170952382376,1315.8405241958772,472.6142970765057,880.6910350365733,2443.0856441639626,1258.4584958355065,1938.4025009723662,2839.5105242557656,431.5344479908801,2285.7859254797268,4134.106884101495,158.45467310174584,1339.8488583234805,644.1607306542184,100.07740255319538,1766.0214196060244,1267.626567497937,395.507816678061,973.2478108236498,1080.36129553648,2245.9567397534656,969.6671232328518,1846.9796646255024,2529.909352657266,460.78312832553695,1110.7572578247896,250.36868724153356,348.60845684581403,1412.166903392054,277.3509521484375
453,1392,1808,199,14487.1162109375,8453.33203125,1128.8985595703125,5087.444237191087,4742.643437408742,2034.8819580078125,705.3905029296875,361.8203399377965,354.4325256347656,754.0394757088023,965.9537353515625,375.58224984137684,469.756103515625,2101.599530250662,233.96455005172962,1046.0544294809959,246.08665470957135,626.9463264573657,1191.1653285749187,507.65992769793723,1954.472157886716,452.2593994140625,3046.353121065244,89.12934738178706,467.3286716029921,165.5149992728329,154.5442709391468,377.94344038079345,1230.0784010706352,854.5950523492907,1037.8767424933471,1879.154259625768,105.8765512081563,1051.0553563371402,1467.0845504322554,111.49972402478738,586.2730105389544,408.5214856291422,87.4501435612133,655.6012739753538,602.0810694916274,123.29189126750823,531.2630557655693,550.0884888239084,717.1558470790654,650.3160646133903,1168.7064038116016,1229.1946981580197,140.57119354815438,731.3245053384977,93.90383874382037,105.05737847322848,602.4404908299983,197.3646697998047
454,1500,1830,135,15471.421875,9266.2109375,1024.8681640625,4708.068746767267,4491.335974680742,2299.2958984375,774.7847290039062,578.3154413119806,605.46435546875,1436.6139254246425,955.28564453125,544.7883011340841,744.0975341796875,1960.6586295427335,190.9673098320824,1454.3869879742283,124.97653640328743,1418.141100787018,1109.65684590503,992.7599829962853,2564.7351891153667,554.08447265625,3059.1370911816607,78.76542694053997,1051.2267445001685,641.6237602591799,444.9166987320056,647.4725982380794,1433.3925388156686,814.1613036067785,1357.8347069451906,1880.8715365261796,269.6319925141975,1225.0909840847469,2286.5436160089635,280.71692523574075,738.9595382308709,480.27839184420657,99.97719595120019,821.3399825527292,698.3317879653907,103.28051062148978,598.5762488747995,656.7062211686717,1238.8732393892647,630.6809920398076,1239.9744067332065,1488.9390346656385,207.43187878096052,780.4255566633107,220.07460120587805,141.66424854783702,767.471237770165,95.68241882324219
455,1459,1864,35,27834.2578125,15201.314453125,5164.60009765625,9893.892679666536,8792.072285840395,7270.37841796875,225.3949737548828,597.0306154464789,426.39471435546875,1096.778478200813,705.62060546875,1041.7455569012004,251.7122039794922,4636.801202665104,361.68517383543184,941.5464193708308,363.3422859829628,2701.09032071053,2364.8770135338204,713.8271157231345,5335.272356585541,653.0098876953125,5918.5691246544975,300.8384182267822,1724.7737724279766,738.002297811448,141.2364135350456,408.05682659912634,2906.3631768872224,1610.3577194115846,1919.9426463847724,3499.574514288671,474.0856156492954,2140.1127963354425,4511.142713678409,186.28849765290002,1134.7282064986166,671.7943384072271,280.28515320066333,1994.107574376815,1251.2857754437186,549.6686482874068,1122.2681482131577,942.2394573190932,1658.5700455440153,1180.8297496649025,2170.7130342931687,2484.327833657444,415.5163521219157,1301.5834281264827,559.4792169861382,453.31258074933936,983.3021646989015,456.1906433105469
456,1644,1891,69,15698.857421875,9428.232421875,720.844970703125,4848.819940285899,4730.349379583859,1694.9432373046875,624.5989990234375,947.7370933226267,736.6956787109375,2313.072619102389,494.30157470703125,783.8651894302742,1013.5529174804688,1955.5530986364329,213.6632444173939,2571.940929101174,209.54237642795732,981.6323310644815,1598.6285535674626,1804.44776877577,3124.3323705907274,881.4993896484375,3525.1143088104172,120.38910076889853,1394.7027072935548,709.611599591081,570.8981978046528,596.0720539443633,1800.7524079250306,1073.7883904299763,1904.4488442079291,2134.3813481190828,308.30244984994965,1385.0753222907945,2643.7425623458257,532.4216209568332,590.73141242974,636.5470676804857,227.2381471082794,1246.1797080676954,801.635193126327,421.18188587636587,718.6082215238033,559.8539871785114,2663.2000840284704,851.1468807041426,1424.6679389634103,1520.2237854238467,366.97188284662394,844.4573471634915,174.8163782599872,579.3279945964176,1925.6018739826943,434.1930236816406
457,1570,1934,39,25352.787109375,13625.0,4738.236328125,11095.65116202692,9440.0981907699,6057.7138671875,93.80603790283203,771.8462625920865,387.228271484375,2978.300828811217,644.9866943359375,1469.333466042759,342.5664978027344,4454.489232344182,349.99239100775327,3190.502036346867,174.1002025065378,2078.2270131030655,2371.2662233709752,390.0261017952274,3954.8831126222517,746.3811645507812,5451.48539257289,233.41979089598595,1225.578037687231,818.1228129474586,263.6953581009094,435.8186284757023,2377.314062556378,1526.0747419213842,1811.8391019301619,3253.8439801291042,418.5053026561427,1686.9136014596684,3119.733591074827,251.16526408553378,1007.4329505973743,905.7635388272178,166.22240393022392,1539.0087598474179,1107.9740930395308,451.7446939095445,1126.2956077605756,971.6140849016616,2244.2145954280595,1194.9478232412578,2247.683932459997,2332.91210753239,636.363429700202,1434.5019050064564,491.9551061753786,539.4492666503618,1461.4757250189741,437.43597412109375
458,2024,1920,104,5077.6298828125,4359.8017578125,1825.4898681640625,1363.3412809766805,1088.451395146004,543.2685546875,1131.06298828125,264.9955581730792,892.7919921875,352.61044551083904,969.3963623046875,130.44860188108916,602.08447265625,1026.60254814502,180.84878021104663,233.0221435493858,152.94773899564674,860.7785631508156,252.70167434536532,587.5288134526966,378.2172795158745,306.6305847167969,623.6425382242052,190.07849972757677,306.8973809768239,94.12713877659927,419.6265507315997,409.3441365361709,225.74237470486634,164.5777234917619,188.841958321656,369.049240105203,134.1449917786719,226.46184828653193,333.7517088787892,292.81161317507974,156.00532644066513,126.5316412799884,196.55356051021113,177.19994190899362,109.73009914090633,162.5434838027144,183.80963424196767,190.35576563237512,191.77752402476605,118.9194674696399,219.95980682573799,236.54423076343403,158.72692726561073,148.06627686924753,134.93694066671182,236.12032664683338,93.09138198918667,41.53616714477539
459,1371,1943,155,19394.01171875,10822.94921875,2688.567138671875,7521.786697722801,6682.471926543367,3825.6796875,388.94842529296875,491.64658003516035,10.70727252960205,2207.040418254377,958.1716918945312,1132.3791354322439,376.2528076171875,2851.148953034453,373.33157370653885,2294.985102204816,311.3973593749933,805.573076417449,1631.2739129972751,683.6290852173081,2916.3457880573137,540.720947265625,4143.876934794214,188.09274395520703,696.9958389977829,698.4425386433884,136.0505745881197,456.2846499789836,1700.4519724007475,1087.4679148714333,1238.2198713952994,2486.1178246584536,368.82093867913403,1327.167600253248,2279.6386504143848,142.32323133958457,915.4674780165697,320.2829936178183,170.3085681135468,1045.7735617261408,781.3675166514888,298.484583814299,797.4490142669005,716.7378339428848,2458.147508407164,815.4182797114034,1590.1708623269105,1707.322040372935,274.9820437348419,1046.511558704717,159.17513033716148,358.092278413057,1760.8258997312262,307.23052978515625
460,1931,1973,169,10577.888671875,7599.7119140625,781.4524536132812,6806.100062500528,4554.9811245374185,1029.984375,1345.9473876953125,848.398829661521,901.27294921875,396.0748255136188,926.447998046875,653.9814559290882,433.14111328125,1614.06990336893,290.6095381605498,715.321603248284,517.3197569753464,2410.9088709707585,769.6237945664088,999.3097641700824,2734.6454941824786,265.1947021484375,1375.1500588451663,177.01004795706135,790.6338274607378,430.0148374648422,276.36186895711216,394.66039799613407,1112.22362202683,321.89329758541317,417.3408965117096,690.334651114871,728.1354936217291,704.845707204893,2385.625011074605,281.24156767605405,336.0514536762721,360.25239068536973,393.02157364502034,1121.4357762384761,373.7894835051361,416.2040841212308,724.6707112865204,294.3607891187061,346.65368667261873,224.08296277698665,445.3297826166924,467.1122678522323,343.60348672570314,420.44966086039904,274.6482479813137,256.95350087793184,279.26237476963763,36.13441848754883
461,1704,1968,73,11426.5,7670.8720703125,393.322998046875,3411.6100194527157,2943.936704080655,1173.99609375,1120.067138671875,600.220490270836,1145.164794921875,2535.1200452144653,863.5840454101562,1307.7325892350716,999.5674438476562,1158.4846673977395,433.6745447455148,2374.8643953793758,713.8187488611978,1179.2350836090452,766.8121943681126,1057.1415268191613,2000.452803750842,522.02587890625,1944.2794809742013,180.92687824891811,972.7001712798419,948.9083853336206,277.69641394649585,672.8460349677767,1013.539981228723,515.1435722079545,788.3602383464332,1158.171544189927,397.7326825487588,1097.8950402721784,1946.7783057046422,271.2237741577966,629.3915176197995,530.7732924146635,425.36076294670784,952.9660096413013,630.9202944808957,385.3530107406903,649.5875050032687,574.4596280780681,1767.3954664766802,389.4366975897751,753.4214188125255,1137.654737414426,499.2228816228653,501.88999202782213,381.7407793391537,429.6792282270525,1040.1477111840777,41.52337646484375
462,1401,2032,62,31011.955078125,15565.140625,6896.9443359375,12100.80958691702,11126.122394492659,7495.0224609375,112.51961517333984,1125.9163333319134,519.1873779296875,1090.4251530963109,795.5946044921875,869.8471710491,193.23171997070312,5386.602489358989,146.13285829663076,872.6971691635802,260.0533403233934,2561.466042337325,3130.195649653615,819.16650757806,5664.318419630498,623.0721435546875,7517.05254120231,138.33637292863335,1710.2055276245774,348.55853181250234,232.85930184495498,723.6255707403593,3396.4214913310866,2181.0467904772154,2515.974860855615,4556.131933778465,256.6875952567605,2522.6165370707067,4233.597208694471,181.71535197645832,1451.19568826576,956.6239910403273,225.26933606122472,2265.0727416512887,1629.426691975313,336.0641229959828,1137.450474178628,1328.5863516278414,1346.0678081853696,1790.860357629316,2907.967077504961,2918.9153354738805,295.52719184967253,1824.853575922757,376.04436087090653,389.6967716566656,700.6497052557818,368.7381896972656
463,2651,1398,59,8980.79296875,5894.45751953125,82.17748260498047,5659.8592323842795,4348.674707211089,918.5343017578125,784.909423828125,2624.861629964613,165.9000701904297,2172.459857818814,928.1517333984375,2167.912602759394,1.6318769454956055,1745.3020073017776,494.92490583068917,1118.8122254063749,988.9638894637325,2244.5514815605957,1823.7101515751317,422.17289745659417,4590.642747067392,131.50912475585938,3117.713859440052,131.33261496071523,947.2171247724118,622.4318696228219,410.54595377692476,575.3848799384162,2418.933073290062,759.4126205480767,917.6015845228079,1436.0197298321361,776.2499662194762,786.7416725785871,2748.093081784997,119.90842939454747,356.37003092137223,504.35334947736106,386.8844733574909,2256.697720754968,810.8187981548659,614.7301481653723,450.90576736696977,256.0846721603888,954.7966309652667,605.2923765386189,1037.1930617819874,1047.0002904844173,430.50225073663245,778.1578253860599,398.396725701248,588.7064248388542,344.0247923603861,211.0528564453125
464,2347,1408,32,7956.6943359375,6543.5693359375,1793.777099609375,2460.5178412525856,1682.8118761256706,835.881103515625,704.5773315429688,457.47867870554967,24.26715087890625,283.16737561912277,1537.781494140625,806.3564585766927,18.971885681152344,1313.549094423714,305.1851808548706,256.4820982176667,160.72055722406478,1852.6470367452337,332.5938135475654,319.97248432805395,709.205846471904,189.21107482910156,854.9901302470228,358.8992876699439,879.9076332847079,949.4833178203744,421.4434382291854,230.24291807072274,355.14086303359466,220.47688813286442,802.1600891183028,506.25243551530355,660.3345071489612,719.9292957257942,833.3663671441375,437.6863756531074,381.79202049333435,564.5937554664788,294.001152263257,264.6933693016481,159.91556608020147,209.81063636767507,558.1069180351955,317.82907286781943,893.0220296443462,165.2497805601231,301.40706177993167,324.14639195196827,709.0561203797891,213.31476063060134,555.4259267164754,712.3352164278027,268.6721016352646,240.83006286621094
465,2145,1469,73,5279.41162109375,4648.16748046875,2152.156982421875,1877.2711015659906,1235.7113429266626,898.0861206054688,767.7886352539062,236.97528751691323,692.7545166015625,151.3805897547222,532.428466796875,222.06781181373782,597.0943603515625,1636.590454317351,55.25250513763254,282.41351051189804,192.1769047466099,1607.10238418506,231.4160531355078,1382.1270365418677,401.87292523254064,486.2210998535156,604.1360031906437,132.92547020250532,600.8659648225871,234.24713971293747,467.7122696378428,414.0859253579332,224.57324590582368,160.32297183552976,772.3525710729585,363.757554628896,263.11777458597186,482.9146209865058,489.6055735663536,374.9170038767953,207.4414637294792,202.8144277078257,62.535638124717984,178.8001505872562,118.62321253840952,86.71408320328112,245.43412315248392,374.7114674926111,165.35929592683925,119.7693003947997,217.61384219701162,231.7316958028972,156.1399726511663,141.54355689948437,166.47533850325735,149.30801538722102,85.29637741911075,349.6341552734375
466,2481,1549,72,4386.1689453125,4051.913330078125,2102.740478515625,1410.8101501277129,955.4059650922198,902.6705932617188,1060.08837890625,288.0907293982085,934.2224731445312,147.4213590996484,778.8613891601562,293.3581562890113,678.5304565429688,776.8685596775446,202.6312480923834,82.81993191776515,157.838343171333,907.9093651409626,176.40436539928785,732.4346575493242,238.93192237926965,395.208984375,447.53885401498627,233.81468465260986,197.591337909409,234.95874923473588,341.73649827265575,336.9261857161481,149.68828163497167,120.98192361041657,427.42773364405997,270.61302216757065,166.8907025690212,213.63057208844202,235.30749232746885,264.01337905064474,161.00381892006047,143.31662779051243,184.69968679914788,116.58305063640233,93.86788677996108,123.12967127887248,136.796527459877,182.88374036471993,241.1078265692967,97.10480290062557,164.10333023936963,164.95810784556195,192.89253220868582,111.19952824523368,142.40290641459265,154.74651769670348,97.59602996429545,151.02886962890625
467,2660,1584,76,3739.77685546875,3648.865234375,2052.21337890625,1111.0310982747142,679.597250356574,885.9976806640625,809.5475463867188,364.08065336496435,762.3973388671875,249.3877123394537,576.0352783203125,270.718684143083,658.1453247070312,1061.8148494544157,211.8434597932138,50.174278377738744,201.48926718212698,1116.8065517875855,148.9681951230621,676.7300373070548,287.9052850521059,515.6392211914062,321.4631274513693,200.42809234043517,559.5022764538644,273.3299770361472,350.5930784944887,342.19154831573906,118.38194566217462,79.2336133024253,318.4678824878908,176.366052990855,261.331088574725,323.9970850185364,451.55665212111074,302.15673625159184,108.48881395941284,154.20786033001036,158.88704459926677,177.6399415012171,77.68355540984281,229.72892396931124,236.68723865680468,101.78720529906904,337.87816450227683,59.87663907063349,105.29845928057115,142.49233419766458,102.47811710101799,84.11765493220219,139.38571138426155,225.7831474773318,162.32333823405125,326.76934814453125
468,2351,1639,136,4018.8994140625,3573.165771484375,1689.3955078125,1019.6701536935624,827.0301818517295,648.5317993164062,1047.263916015625,128.06949836336585,874.3111572265625,101.11324571843006,814.2049560546875,146.1002005903263,564.946533203125,492.97823811315095,107.88344725348199,120.52510818816005,98.26324743003764,341.57471364767935,185.67720063757056,297.20025418193876,249.21278752286065,214.33151245117188,455.9549165734692,106.058887300915,117.12070286828745,61.71105971443265,293.58160940763213,257.99909597830464,168.3373033289215,125.93256847496237,103.4118160537909,276.2872111710906,53.456930452732124,249.57029938167923,177.33484497716262,263.88538933762055,121.3632496474387,187.48129489546963,54.458788782874315,116.10781544465186,81.60490419605611,61.992374357894704,114.27298889755036,107.30552978677761,102.16744236005738,100.63704429723896,176.74239022362528,167.24670624808527,133.64749740967096,117.16031950769732,121.63277439322422,144.33394548192027,69.13035599217436,80.84123229980469
469,2222,1691,115,4087.8544921875,3736.785888671875,1872.061767578125,1071.53144831926,814.3421847004859,736.7593383789062,1169.448974609375,191.1953078908458,998.252685546875,148.37377873079873,894.0003662109375,150.10989502112113,650.714599609375,351.863843728243,94.67085286584707,76.41082983605067,121.13416165536982,397.2795213147854,169.7181562830037,298.20428376699914,219.48343493534855,252.22813415527344,429.42473499975233,23.91254748189346,102.27247661512281,70.03527473501151,206.91688186974687,238.61020836889264,149.47160177856108,114.15127289296463,168.72640045035578,256.45106030997823,89.796948190655,241.6037924071884,159.75081444413985,132.20481297683892,109.16243032086318,158.93326796600823,57.889927107292486,112.55570938290617,83.44375010773255,38.448711420330156,103.83216791128108,92.86471117882327,39.74033559801074,87.61200899167346,157.31620246794748,157.83913954859142,95.34841127839412,104.85407013906868,104.20497558767715,137.32333606503144,33.0253680051229,83.47293090820312
470,2352,1715,186,3761.978271484375,3345.870361328125,1641.109375,931.9143338503795,778.5020979424512,821.777099609375,616.9461669921875,236.96221192992093,645.0327758789062,97.74231606072202,316.4979248046875,206.27423925815228,577.3182373046875,728.624561890559,159.51178207429484,83.23415651201675,114.15837475292435,479.2348922980261,172.26963999082477,514.1857476365016,246.76822213804257,433.73773193359375,436.2871487104309,155.8978454935758,177.82916401961975,83.88076971203144,203.91312831451182,132.49784041542645,152.88635184290533,115.67186993150253,334.42600438739265,259.68111073895665,38.528438205180954,198.86928262706476,222.1182720549678,205.75908413760055,115.68378476707908,157.00971291413407,80.47775243756928,115.186736523993,85.06558434912567,60.69041817702292,107.79321275861412,105.99472083720819,107.07657758050061,92.79804113514659,158.48939238510062,172.4570008622802,120.43936436669028,106.16368305451883,103.34512475431505,167.8095694643969,72.37371138894798,246.80499267578125
471,2482,1753,26,4686.634765625,4448.74755859375,2653.12158203125,1545.7419793167899,1023.9541117813096,1739.3585205078125,575.4676513671875,858.6222297613313,929.1710205078125,514.1118006985006,96.62942504882812,708.4725852383676,1080.15625,1153.577215727306,548.7295794736704,138.68689332001028,429.5349801778107,1124.790073595945,191.91689237343138,1348.8269494306078,275.3448272377377,1023.1333618164062,475.5464707869783,505.7021640552707,359.0708329569148,331.5200576009051,491.4896492181193,306.85715260296,160.24318182533986,128.43495685245765,1133.186897641819,287.62101269839087,224.13417795923726,571.4764205372237,338.08608339573107,694.4974881323926,385.45842684268496,526.2157655394806,622.5388134374774,111.32133936645405,93.04972123892894,553.7146456802888,131.38940683006567,248.98746148724732,114.5917803488754,97.09530601048307,172.66326062366636,198.11590850397835,141.56596347996432,116.51854165533152,215.100755632278,591.1140631866582,52.49938570359026,811.9722290039062
472,2678,1803,107,3172.935302734375,3370.89208984375,2292.801513671875,905.7164632714317,554.8070947783805,1284.0362548828125,971.0857543945312,158.82437844203008,1013.8239135742188,313.1038131659129,503.1142883300781,39.2123767491883,810.8819580078125,468.2859172001625,149.6603943219035,254.14930115378888,173.23174371231852,636.8239305459433,82.94905502516866,420.674080987113,173.17651326565556,496.0719299316406,188.94188159953703,90.16003247340555,122.85391601306203,69.6595272149424,264.1623219229146,205.89412968451418,69.52492985714922,40.32582732034399,263.1947106190648,104.13588353803645,147.32705201267734,133.8156177535427,185.0456310319112,243.36165823607374,142.18951603453255,133.26802136422856,110.06393674063256,74.39931579072206,43.7260199805254,112.33530884542384,90.72138109311038,127.68488312350685,186.91549061597632,22.25367274101704,58.76873863538091,47.241422321530095,83.42104502828663,51.68250472709454,85.33703779156416,54.57864547566903,149.24875606450743,171.25372314453125
473,2494,1927,52,4331.99755859375,3988.548095703125,1954.946533203125,1557.8198876739011,987.7636901599091,621.0631103515625,1050.9697265625,130.63981699367966,779.1915893554688,156.01556035859974,955.1484985351562,116.07765450936901,466.7833251953125,746.4942502224484,134.10084141453197,144.35417247716117,136.66350589901083,1062.1995928295594,169.8576958822944,659.7275881438497,221.1609291305795,214.82725524902344,412.7629204466332,137.06323412047536,260.83704856691185,165.54271509106616,507.9516245131391,608.1901559915038,126.68873103704,109.40948259179633,256.70887869496113,248.50683707287527,148.41870171382666,229.55004203436613,293.02848903937326,303.6828792179791,252.41098149568268,129.27534583598316,136.222179607701,110.69771703432399,78.39273563698545,120.50562501102608,138.97063963214208,286.3741730688307,139.4320329759142,82.49556568342733,148.6323161657858,139.48498870977232,248.0995606644858,109.99482134396297,232.02472150293,391.4334320769626,52.97472339864848,61.7043342590332
474,2284,1939,138,3818.50146484375,3466.49462890625,1660.6026611328125,1109.5208239086433,799.0603315729004,563.40771484375,991.5199584960938,226.6347310904729,813.738525390625,261.2988321981115,800.1201171875,69.43057637165232,508.57720947265625,279.6304763988013,174.1093290853284,151.17630678889236,236.7063109842932,472.6851857227043,153.12822071583932,262.99693633850455,201.4551729006989,189.85305786132812,381.08401431623844,79.6009413783819,133.6044457524147,111.75472521225129,213.35253575768297,259.88144557107006,124.23788032845836,101.08217354063063,138.26713583029206,228.14606171412527,218.3489377783254,210.74073250519933,195.52969049595657,156.14808078962793,129.44284774690817,126.85627146084333,123.38768704732057,103.8886321794174,68.66166301238661,141.98641903893812,109.4921312619285,131.8093704697246,112.29024406670028,78.60897767253383,137.47311365026715,140.8908841751443,215.17292704215262,92.10078790125023,223.88439838361091,162.06594758011153,54.827815650411175,63.207420349121094
475,2226,2015,42,7499.97265625,4313.765625,1303.5367431640625,6185.8778643382875,4178.585061533762,1940.5894775390625,303.2598876953125,515.1068909767536,4.359208583831787,837.8504973080837,329.83465576171875,504.3967216110165,18.407546997070312,840.0677655884588,107.85040031851183,887.9284848277007,172.51823689293246,2340.1566730026398,807.940440437054,229.23856309547483,3211.750449884788,86.086669921875,1729.4140553347722,136.65372392504548,578.6553520298739,238.43187361313147,84.16351341783837,255.44523473467137,1443.084267518798,304.38651470128747,585.8625670328097,778.5295531713226,438.33087640035126,494.0138054376047,2491.550288776793,94.33154116223058,247.5933063708431,332.282777441653,126.95792933944695,1332.6028020011854,296.2350890075356,134.29112374304634,498.21997666158904,249.7484119044601,865.3238967675749,243.51639751646823,578.6177943868088,603.7665847610527,184.00027488970704,406.14885415935345,205.0306602124959,132.44270265091154,360.6002387500506,38.296939849853516
476,2646,2019,90,6669.1162109375,5357.0751953125,1171.04736328125,5149.2334047749455,2904.5791163916215,652.0960083007812,564.4989013671875,596.3056468730324,425.4176025390625,496.39876756120356,523.7042236328125,612.7409738708515,301.90447998046875,1040.309183973351,160.45696017736657,231.44257210872163,210.73012117337785,3454.899739013095,641.7345634236011,698.5102453451187,2375.72666305961,248.14149475097656,1254.504589227068,196.33859513678973,1103.7051939141002,519.6307764599269,206.3546702940499,356.55603620369794,890.8713082026828,180.96914167564793,564.2922575725229,446.53091108117496,329.5713681683225,400.93268609746883,2496.216342914117,111.80549570885992,239.0456435034142,278.39810881200054,252.34888180404764,1492.7325727821492,555.7427209927308,298.05886414793815,592.156760448719,191.5536674354357,444.4213484074056,140.4957148846065,369.5032534235899,743.4670577503682,280.26415509786574,434.893118746162,223.82371132711862,407.8204310182437,173.0541209110266,140.28924560546875
477,233,2067,144,12537.19921875,8628.4052734375,551.4698486328125,5769.571484664428,4185.193874885844,1631.772705078125,733.3321533203125,600.4513280490338,346.2689208984375,719.7785100613905,1061.267578125,474.48327312777104,343.2886962890625,1717.1172790555067,165.69012560021602,707.2571450602428,325.53333838012963,2286.026413410353,975.8877641601568,1010.7180466497255,1606.8451854917782,389.5931396484375,2154.592639612171,132.30191918810618,1070.7543750577306,573.4746983993443,189.6229628008561,259.6294481697074,762.2396534656801,562.8776297024377,659.1831513539375,1216.036686790362,521.4074147206327,806.673256368911,1700.9537191023398,193.42897386854483,286.8314985037164,398.29440182448644,161.91294508687903,1076.0085617996049,615.9811529872247,228.9320495587455,724.0324505605099,218.450513403347,1061.0260761448267,401.2980629080233,619.8581799829336,677.3949509114003,292.0651668250946,453.6586503702977,268.42429114656204,376.69944074799497,567.9143112251367,255.3332977294922
478,531,2051,100,19433.65234375,10802.849609375,2448.16162109375,7168.736907370085,6633.12664215239,3368.90283203125,546.8352661132812,185.07698041896998,87.48309326171875,921.9498584737298,1096.0867919921875,407.82099597314783,409.84552001953125,2696.2596633077887,114.45256963587833,870.0511283192699,136.55464949275455,852.9004147662883,1666.9886520144928,930.3896060354929,2961.2551120423586,530.587158203125,4295.6764609685215,70.84525006884007,919.3156058045527,532.0291266594323,311.17130573945263,736.2160339903111,1840.9137947380834,1156.5928266953224,1346.9395580244695,2624.5164154559775,279.17343309384637,1446.1746385238876,2215.5510778699245,109.5648626854221,980.2177152226433,449.33663637395017,110.2042260554598,1000.1713489502986,848.4193504809525,177.4630000645285,693.4513632379615,807.5628437455354,684.8439794590736,903.853631415261,1716.343986651595,1787.5376640963223,200.1707243503887,1152.317938187756,266.7214978634502,386.03682197997136,503.2034402878596,216.7408447265625
479,142,2129,79,11987.939453125,7315.86474609375,658.0361328125,5302.04850560001,4412.785118359843,1755.0538330078125,769.7568359375,1140.7549884263678,93.11132049560547,781.6809271835755,1195.7720947265625,745.0921655888649,170.80224609375,1495.299288744979,502.3039437896448,277.32740203829053,562.3324387406398,783.16405361363,1034.6163347169195,509.2476682241802,1604.0154676705918,338.60662841796875,2256.7761938447,224.61740630817383,740.3790908700319,356.1647493122463,159.22081011664542,469.5970944464037,912.3021216216681,589.0796556745013,806.3090856075149,1329.2530235859508,388.2569293069394,856.2333713031283,1212.0515645139214,126.38717951472131,666.1174215211233,394.00469863234355,175.20521269357735,684.2912446015285,465.0261685014575,302.5733974014652,473.06395856131996,546.3708989983301,415.5466605068117,407.3175757741317,723.0692634419529,887.7843358379827,334.31068563078765,551.0221000000738,280.57991252984317,561.2637913042735,328.7082189632371,138.61029052734375
480,301,2087,86,12374.501953125,7924.20361328125,25.61829376220703,4646.511408298001,3900.3733316706935,1335.5548095703125,803.2048950195312,266.8577581512673,502.66107177734375,207.62411316718672,985.885986328125,273.780943948151,566.3628540039062,1385.843818553849,224.30888307358225,165.6657208828652,192.0673832417521,1161.234818518335,883.1601832555692,794.0494392514611,1508.4753503238421,554.1795654296875,2293.9035330627835,174.01937791931485,682.3508581852954,226.2232259455172,376.48149474596454,725.660334737233,915.8970371051266,628.3655993973655,669.4041237985535,1407.9684228566782,159.94121591576734,834.3672902962796,1275.206813640955,151.59464873422962,621.4704261653635,272.7739128604391,171.3789158361862,530.9592084693262,470.57355570047054,178.42933913084866,493.4216850834688,570.8794479811589,301.80654928546625,474.1028985908831,868.874921342612,946.7367406653439,151.40276124827437,557.1133652473175,193.8483313615658,502.51037412531184,143.05929176020362,327.0023498535156
481,592,2079,149,20628.212890625,11087.12890625,3225.26806640625,7239.893471098247,6883.523404329669,3996.22705078125,226.3179168701172,61.445010438280086,8.39255428314209,601.530731932483,834.3157348632812,354.36431463546927,572.6016845703125,2756.30566535641,211.45204935164637,677.7989486260625,265.8719664492947,1140.604305642614,1693.7980323569311,1065.0200248715516,3417.355292606146,724.0077514648438,4552.1355600234865,69.55447735449492,1160.826393163806,284.6888616940033,295.9550630151114,668.4677347619245,2102.0543004190413,1269.6100992038862,1505.0302509314015,2845.9351240452716,117.83120456071141,1625.3263715800908,2728.571464318259,153.09324335092543,1084.3135867698616,424.5752498371092,141.5331708090904,1010.8242803195935,978.63658409987,149.33889417209323,823.8629643810312,901.4662027985406,967.1851106914836,990.0267634145788,1916.26657697112,2110.7302070913847,208.25930556594173,1222.8608463034802,117.68100687567694,277.5225228747355,749.2933657125767,367.61053466796875
482,312,2088,217,10492.3896484375,6149.65380859375,871.4682006835938,4175.805786559271,3630.0889374270773,1648.2525634765625,496.558349609375,374.5032625683326,197.36851501464844,1213.3947888109294,786.1512451171875,355.5641514739106,317.25927734375,1245.2685221715471,117.2435149734282,1243.4975805601982,121.63188180807313,404.44887050965787,921.8477410162868,410.24066639794984,1389.7693763220623,351.3232421875,2211.4788638042423,18.669811447525724,440.3858872316934,242.8143706007717,171.9579155678494,478.0527999498623,895.4723746021342,615.4205856888226,545.5514127334549,1343.838574996168,105.77855132290475,731.4765566174013,1014.9968533255123,98.32974989368824,553.4399092379,200.19148981062116,104.84320458388682,574.2908443790698,419.07973158609525,142.52581779983942,367.5869465891354,444.4647701186791,1143.918993525086,491.629488916645,846.6992191241397,847.0226031784929,167.0354113679009,522.7979958397863,137.82867279902257,351.7274120493339,893.5208166402398,139.444091796875
483,533,2130,65,17569.55859375,10077.080078125,1953.8040771484375,6758.785681780433,5991.903119203693,3302.1845703125,610.3717041015625,389.7827477709554,34.33757019042969,1123.2459373396985,1396.0616455078125,405.72120548110985,192.55245971679688,2302.916438047115,167.84020396528425,1206.050582549246,202.63829410409826,587.21868946243,1382.1522997409575,563.4847331009626,2216.2924393172534,351.7598571777344,3598.292542622983,146.45564642231443,651.9391500767523,264.03792285131993,188.7838440558557,534.7402598344761,1385.561244043214,962.0908254550719,944.1831122440644,2209.5480127091723,315.9278004242945,1229.7693655366554,1815.5624939464803,179.56681173550967,818.4687312630755,403.2898739485458,167.57283232496926,738.5177635975878,767.0940120766344,194.4915513541549,641.2905496318608,666.9550232106295,840.1574927090304,727.2032991014314,1390.468776034344,1502.8349191446805,191.0206106333638,958.1848383073565,205.2999773760512,429.7091262833507,616.9300439004688,153.62570190429688
484,62,2166,138,8041.9873046875,5666.74169921875,975.6400146484375,2950.791005933059,2594.242208472892,10.623455047607422,1120.61328125,864.2753405606979,900.0406494140625,818.0138301521291,948.6787109375,473.142205157733,750.299560546875,1123.6675004816298,192.98987378382637,1227.5883281847794,263.8400066186484,628.0766996789864,868.9310283570009,636.1620849609537,1308.383208847773,443.68804931640625,1704.3768682306027,103.26891844433214,808.8404029446112,236.63413378693872,271.35090899591887,417.9391932514089,779.9753994186741,376.5744020704152,563.8679223300575,883.8998723573981,212.79589981088714,554.0683722102913,930.8912049037549,167.56145311535255,285.0990232601495,321.8719927976314,110.47354032866292,827.5238806960351,528.7471899035445,165.90907145010033,413.17101634350297,234.84939432128965,1420.5445281134464,350.9075091566878,693.4311336702588,725.6494424461581,268.3899461867995,651.291488854603,230.43491092372832,229.93845576538158,1146.2969724864308,80.3883285522461
485,585,2175,115,19999.31640625,10952.4248046875,2867.1181640625,7680.9625238587805,7019.07841075847,3797.29150390625,658.5033569335938,701.7914273939994,42.632606506347656,708.2754192168447,1347.3681640625,448.2976741358666,309.7352600097656,2924.9267976923807,236.99945679185302,921.0595268779401,261.3889544262597,623.9519497050885,1669.5515799374148,706.5555660938388,2806.6059014631473,431.1229248046875,4375.084304178985,154.56456012533675,700.3072319516334,229.4742145425535,173.13016620729556,715.6508966993101,1747.5922146047246,1156.3608062180056,1239.2541650670448,2666.989831594953,283.35450109035474,1513.4303824322262,2126.572232413879,74.87494053660508,966.7207076831972,501.9201126707485,174.49528895399794,968.5866467237609,865.7790347645042,207.3779180011871,747.9103323773285,818.679403524825,757.6251505113798,868.2581107062655,1670.70306697926,1788.6006420531633,265.76065606283635,1083.747449707032,126.91075734463634,441.52651406410826,547.0594496802898,169.624755859375
486,29,2185,204,4649.3251953125,3772.569091796875,1474.734619140625,1715.0040030942857,1263.9991563123067,700.5905151367188,610.59375,635.3431583113176,648.5082397460938,1443.165305823777,279.047119140625,242.81777278064473,614.664306640625,558.3548944776237,188.21152882526388,1256.7749144778602,151.08495553644246,796.2206335624843,253.02844442785204,642.2006967662963,478.23773110343524,513.4141235351562,603.5347920078177,212.95566391092393,274.45810122389076,77.3693558112038,244.35686420032837,227.81396952336917,333.0610776757378,200.95720326580044,518.545681289888,404.21212350686363,94.23850909420716,461.52622766500076,348.0496992695441,255.20376721982615,250.4921093724272,332.0482041957708,217.511752995789,234.05029048091825,177.5818798334307,315.349144848524,243.47747150840254,186.75889715668316,1070.1027121638695,193.01967202932408,321.1681213628263,300.21003524902414,320.1536837247692,203.15826353541578,309.7815239573565,215.72010450217084,825.660421498381,342.5186462402344
487,522,2190,185,16446.458984375,9047.37890625,2388.522216796875,5799.564942415184,5470.181236990194,3212.29931640625,303.176025390625,701.2091134058466,5.294366359710693,1000.000013902156,753.1414794921875,600.2120085881899,383.9379577636719,2666.717264563889,327.4847814579714,922.9186871820466,328.876780960185,1220.269462646114,1352.2097087999969,787.6870561152464,2460.1275408224797,576.8084106445312,3402.1975298209036,182.11714572390898,973.4153758365627,595.4614335290165,122.55319236402084,443.6020959805773,1461.968590934134,972.8927674122341,1336.1436679895828,2126.1125092926814,410.6266647452358,1224.6963338802495,2070.452019820222,101.67326941943854,822.603533127377,404.95686949327006,151.5093832536639,734.2489371766746,711.8580680189585,138.76967016071103,749.5575966216439,672.7955526561192,748.6772288443112,729.1230401453937,1338.3412532073362,1620.7363389720863,215.23797035087873,804.1367897968431,166.31265287965394,205.27330857407372,442.194275236875,315.4254150390625
488,249,2240,109,11574.36328125,7179.58203125,624.5728149414062,4417.79438559592,3668.1203620950946,2030.9542236328125,453.6151428222656,243.81490714601736,24.180091857910156,96.59677496433866,902.915771484375,128.96386069472837,60.56715393066406,1266.580815066038,152.59192210946085,225.00585946512743,86.18262425100049,830.6203326198894,797.1173271309377,443.0605014254893,1460.039220532173,132.66326904296875,2060.2688135980316,163.0529033250385,474.67797246192686,383.62832654808795,232.5985343650629,512.619424445085,853.6029731328898,566.6038725910511,465.784277552195,1271.7384182097182,276.1376210683205,897.3470804466446,1285.9626061299875,108.78503870060551,525.0932908048618,306.5272212696968,175.89234282224,488.5473536888696,472.2532660728586,164.43963777883616,422.37523478616095,447.4186060804462,411.9102755462636,420.6587600293527,793.3516465600818,948.5248521040351,178.80679076062196,509.37393070075575,174.0385180486048,473.8030973661045,190.8508737908066,41.74327850341797
489,20,2286,160,5031.65087890625,4070.2763671875,1610.784912109375,1927.5069100704347,1400.9802667177762,726.806396484375,652.0198974609375,976.2571185981785,666.6959838867188,1853.679430785765,374.51470947265625,459.5305841011478,603.7926025390625,799.1417634834728,168.73221261791176,1539.5129125967924,114.16126885248998,1015.9642915034618,286.0212961575462,1031.2534691552746,435.6849511322318,472.7284851074219,656.6578173896878,275.2147545529514,447.4403920209812,239.15015452398728,295.9065552874217,301.7193076286051,312.4046403764796,258.82024102768236,811.5391324629304,473.4362396736249,112.81312910860221,642.8663972693929,487.6931445438238,250.42522159970366,211.105983313375,433.7620303645085,190.97354602099213,235.07541660498202,202.64898508046016,139.0458234942664,218.45564144719475,174.23252247232975,1362.5123974949063,246.0949866842213,361.489051415534,401.00122487992076,100.71859120442303,212.53801556055873,174.3650769369781,339.23671203634046,1008.8223278287095,288.455322265625
490,94,2285,221,7472.71826171875,4805.234375,21.658811569213867,3008.9977954788606,2433.2651852465556,933.7835693359375,453.7689208984375,613.9071490939284,237.94192504882812,762.6944032973298,679.6603393554688,273.02343584191505,308.63885498046875,806.458092219243,157.05627808848627,950.7081408687434,126.53393245014374,838.8052604862692,702.2440269765683,554.6623821754118,1306.905060761812,293.1620788574219,1496.0992057041115,86.30839178973712,639.0865805878167,387.9911184410803,234.52784932967478,263.4988939616748,809.3671326312425,382.3236898278862,452.1673754831927,867.6188234333041,205.00460601131996,596.6662084571577,743.6080147569221,224.70835362546302,250.67894690984403,248.0477798341392,72.93535872865475,582.1539368460714,376.68472549566525,105.98143843995231,232.57123999385342,246.9504383837687,1391.5957858374454,326.5853460850492,671.364559552192,674.2208027484961,235.55949231656226,445.73752256016877,158.32503039933746,195.7955464067736,836.807252815501,131.32200622558594
491,564,2293,35,17254.9375,9978.998046875,1499.1116943359375,5729.031023281857,5464.047783931449,2689.6689453125,630.3988647460938,523.9890892749634,227.7917022705078,889.7279871093713,1141.9385986328125,331.311957547585,430.1055908203125,2233.5084698239925,404.4235126550492,1000.6852536736191,532.7384783921385,951.460055827132,1436.8663942496687,1226.8021191985686,2570.8683419789,466.4748229980469,3650.661776215179,124.90957799781991,777.852974509699,357.2447839923949,425.7077821478074,569.3797334783781,1607.4856341037848,1083.3266188908703,1552.4344776135626,2307.3249265014206,411.4878254179354,1180.0868414397833,1948.3576188060304,287.7191023984199,758.7601414759124,494.94972348161394,213.0525563435328,729.6428796999746,748.3571499475572,237.3105494121954,740.2322402828589,679.9322780438943,719.4626295517493,863.9308710166192,1475.0141595338125,1495.3974524923958,398.23248991643766,889.7315649775486,198.5209454608579,92.35670281561059,642.050840215688,217.73361206054688
492,561,2286,189,17591.171875,9394.341796875,2669.502685546875,5821.53443626266,5780.328441538883,3245.33544921875,392.2480773925781,665.317467517659,124.6994857788086,621.9884169348335,859.969482421875,386.3846646255726,413.4566955566406,2428.469734407908,297.12476672381945,423.8514396800138,363.1208028022133,1323.9012948430895,1864.3112979661244,1030.7893927457835,3273.725625737327,454.54229736328125,4141.915113632889,125.99411927445232,967.9094292426613,412.712564048901,270.52329493587774,618.4385954334317,2040.7164828868283,1320.6447979645725,1384.6573858129066,2620.766314513644,310.621463861012,1416.8435394577587,2452.6236754173324,96.38521240285105,908.6919065404518,370.2268029032586,162.70931069530147,924.819249481566,866.6646235669483,218.20236378021406,680.2913545722089,718.7884853212973,788.9210529462732,1046.3012441130113,1682.948106597719,1773.9606047981567,184.92453550844013,943.6294295942384,167.39615203296023,227.21494222573176,436.2757090089028,176.88470458984375
493,633,2323,122,21416.28515625,11333.74609375,4188.349609375,9933.14941403126,8331.861624577354,5031.2509765625,209.92373657226562,232.51239392986267,276.77886962890625,555.650412812426,645.38037109375,137.1689905081468,107.81260681152344,4064.780512437463,27.127821764451866,483.6027279809138,161.3660587001529,1829.2851416727935,1702.7173408531114,449.4748158494009,3135.8172335672543,550.42724609375,4242.851526333834,19.537557097689334,772.3633611280103,151.99807034498718,94.44645747878748,597.9636225150309,1677.8837872362394,1173.324337290948,1720.04093821082,2620.4740828020213,217.3189412926912,1527.1165657192519,2701.357540451531,93.43235269019641,886.4418357991557,772.6984886264087,101.69922278356441,1012.7284526868665,839.2710514848598,91.33903166008233,810.7659916352492,894.1508453379288,535.5473950252846,876.2543213386133,1616.6892399525495,1957.081332314725,121.24108973468802,1218.327121591747,112.01607193772594,108.49806956508534,353.9261636924087,408.4268798828125
494,497,2346,82,16583.271484375,9608.2939453125,1790.9744873046875,6134.6960390459435,5474.218387508465,3213.6943359375,355.0927429199219,135.32512505882997,188.87075805664062,592.2904985296668,1092.644775390625,223.214726242187,60.83309555053711,2430.698682389157,158.5198813847962,614.2975986866907,237.6821488358204,549.5731846228517,1304.8411617804038,170.61329079624917,2176.8201348569214,291.90618896484375,3331.0319907345106,52.27074164709991,632.565475963809,137.33799798967448,184.01912975109008,433.6664703710972,1336.7972198161365,933.7402785911563,722.4222801205905,2054.768582888676,174.2499190617673,1045.3340722280816,1786.8913643457065,273.66697373334273,814.0994332202141,345.2566062977519,147.29944115882236,715.997629085472,664.2181167542981,171.30883106102075,692.9841838918644,586.7418162526534,484.59781220635443,721.435655449542,1278.2577371546627,1403.3710911638284,229.0204634203346,803.3344793552179,203.52795802450086,453.0314462096153,399.26576410590786,154.39157104492188
495,107,2358,197,8728.654296875,5332.54248046875,337.14886474609375,3623.320302392525,2999.1536140117123,1187.801513671875,306.8387451171875,486.90315641275305,210.43701171875,973.3016642722462,515.5587158203125,323.59121907574803,334.66058349609375,549.7916888087683,128.494051639454,866.6682823177915,152.16036653704225,700.3127678949974,856.7745326921746,522.230039635001,1522.9679958178044,301.99334716796875,1802.252675632037,101.10368142347609,632.4820788795619,335.7149317112766,163.66260260986405,427.4762519490428,1001.7026266077725,606.7074042776688,361.53414000464704,1152.148136018241,185.69208619013057,560.5033635386225,1164.7479431578968,71.57441882259337,518.739596215853,231.02013454724946,162.48543936009978,577.6063166231913,343.19409070422756,189.60878292959464,309.68830618098383,385.69181292243934,917.9923233360294,542.5938283424717,855.489288493642,830.495398522993,201.03543383394938,467.01531296146186,111.20516137709421,369.78873678257935,567.868194258555,110.52183532714844
496,537,2364,229,18093.66796875,10524.5634765625,2339.78955078125,6983.806340650705,5930.048743347679,4206.966796875,205.66421508789062,858.6119182273334,208.87899780273438,1355.2707090607612,979.50927734375,600.8355646247813,112.47908782958984,2819.754842513921,233.4010332484281,1278.4050327492052,136.00251689758238,1552.5679525555859,1311.5237149726868,283.75526173522366,2658.1346684496643,351.46533203125,3442.3293453853867,183.6876802955292,716.0836016607475,508.0260971941474,146.44929016388272,386.2650575005497,1464.9771218447293,903.4890794090202,1056.6053863373654,2067.432133835772,239.4810448012846,1448.634364772379,2249.688224250671,87.6001140200365,682.3110405514417,581.6719336046675,143.0924677758539,914.5413182322723,715.4794972211238,212.95192713880868,659.102644487843,621.5859999716787,867.4036557364028,661.6628776858884,1271.9413039245896,1498.989819487832,257.4248967480681,806.1481040060356,195.933995650201,292.6612337043902,541.5886895083476,228.24224853515625
497,319,2353,211,10810.90625,6189.017578125,1067.345703125,4317.029657655948,3762.7655896649835,1792.915771484375,374.1404724121094,299.0051813779955,119.91294860839844,869.544253034348,721.1922607421875,290.4758521731555,271.3970031738281,1162.5435490308048,126.1290358505746,1008.4460380924928,94.05378761971501,363.2802197232554,1024.698185499383,345.74735021146057,1597.8074992705708,325.7066955566406,2369.5948960855085,41.596197478137,432.0834636039161,248.5091804405637,151.5515084340302,392.216203252213,1024.896233080458,723.7635665684847,544.4219013593618,1484.2983689665464,102.30639789432972,676.1152490200402,1171.4090544516964,77.13480171815601,550.4084582639833,200.45948245072475,149.4502144646044,559.7858591420844,489.431320958681,150.57598599006826,466.7300592117485,420.9096125647425,1040.8444931432539,583.3066765947593,960.3215211323067,947.7358651945761,182.55339356157398,605.5090059959846,119.65860141459751,293.09325694259644,803.1299895177508,158.14662170410156
498,368,2382,40,14569.69921875,9518.169921875,190.512939453125,4096.6046591865115,3947.837103276656,1689.6939697265625,997.90966796875,289.0781364608919,726.7547607421875,871.1052941449631,1203.6519775390625,323.47510950253235,777.4314575195312,2598.2094333024343,386.25042201653093,731.1642205668339,232.08488328284056,1264.705799184133,977.8524028501479,717.563787379714,2118.002833823175,632.59521484375,2627.2644244632,602.1326244353553,915.8597751100467,620.3549134750084,477.4975109816047,667.0599493137179,1182.0960179007434,708.6413640573807,581.4006037142185,1598.4909782228167,566.5649854246872,1087.368923818997,1820.7203003208201,353.40401956401854,577.0543479474512,574.543003514071,329.5013170389633,780.2480801840579,606.2584659332433,406.90270347690324,600.7116442881126,564.551446765404,800.7289375287581,543.547808919291,990.6062720275762,1253.2658929704,445.9954651743008,623.02018928438,434.3437401870487,702.8427470287885,458.1645165594569,253.00439453125
499,220,2402,111,11650.923828125,7238.8369140625,379.958984375,4494.935794399793,3853.9858084995926,1629.6240234375,727.795166015625,760.8168559956929,209.4947509765625,975.2873944201791,1173.19189453125,294.3023712718484,217.73199462890625,1222.5091862520285,230.78313926642278,830.0603639505089,413.2208985071425,440.41498394581623,923.7603080108752,458.78212790520695,1357.0222731919125,238.95993041992188,2249.036188066548,161.20053491918884,401.4296373026013,296.20772044298894,211.9953005570773,475.21776638972716,852.6284818498212,619.2191002254929,585.9922238576321,1371.3423071206207,484.3477633622193,705.4983909552651,1092.6923303933024,166.6886166173174,494.44434337199283,285.9580045911071,147.969952430676,485.00078449794876,468.79686366168664,231.18293158157206,427.12903424278534,419.7266588443166,695.0699969545108,471.5086594729219,820.8557178326305,888.5797273888576,202.9243459628224,545.0600672853235,195.69548218398202,425.87918598000306,528.5415134331571,84.6407470703125
500,623,2401,56,19058.3359375,10525.0849609375,2417.65625,6956.694176494053,6480.637739948474,3438.2890625,315.59521484375,488.3086641580909,54.95176696777344,942.5174308724687,1082.1866455078125,49.89868971717275,375.0440673828125,2702.2311686494195,137.53516495449443,875.0533397948396,158.74917457608666,998.9246399465197,1798.7824254345728,667.3195229264497,2703.624109614771,536.9681396484375,4205.8230203985495,34.36267146402991,767.7483301002251,102.4859370251319,214.54657554510288,450.38176030967196,1806.5360288805641,1323.7905023024737,1096.4395374738303,2695.3973479665324,155.29945330579812,1267.6714223006486,2060.0563015514012,120.42462492801718,980.4724696963697,367.85733477489,165.2617142203846,806.3101326691093,830.8097487477551,202.87517873205303,812.2163969220486,773.3802547518334,623.9259277665441,1050.8941415248332,1743.7580776555544,1708.0151814472656,200.12491142135158,1037.0128630727856,163.69503678148112,232.13007994496343,728.6369982275995,265.93634033203125
501,156,2440,63,13422.9921875,8820.7060546875,509.22601318359375,7349.207180064359,4979.417912419374,3019.86767578125,365.0943603515625,530.6523864396888,123.94723510742188,482.0598730377944,1143.1798095703125,515.6832516504602,15.32601547241211,1533.0899923039317,45.02532577515911,685.3465581341574,310.50708942687373,3628.128310863877,787.9648704504785,342.85196301041634,1908.8898016045287,273.94561767578125,1954.57260452799,234.22103045369326,851.5665921264391,118.01052569132625,141.01254981433766,435.61655745478066,857.6888195259519,496.51141321114983,604.6551701165289,1168.3168580919692,251.3136076588368,730.4302345338501,1890.302577879932,147.41384335061943,347.61485661121094,364.35716320815516,260.5930318073984,915.7594228662132,727.68303274037,228.18630984628885,820.8883934173141,360.55255300074475,1167.0174985513356,385.8749080986755,691.7497739009391,1123.8497871914449,468.19372014696717,572.1345121895256,241.54721198262948,400.27943118189586,662.004577499092,266.50286865234375
502,49,2436,140,6375.4287109375,5112.720703125,1685.1793212890625,2260.1773312529217,1739.8439258737003,377.7843933105469,1279.746337890625,188.98484552171462,1048.4056396484375,1006.6182953948893,1013.9927368164062,292.75159041758894,731.625732421875,440.03398617297955,140.051780669022,1012.5593506318113,158.81353204234156,566.3278330451276,353.7660972724682,301.80921772872205,468.37700297449356,370.49322509765625,845.556713447759,44.726909597616874,202.09865599778345,251.34622688299376,230.43365061287096,339.9456035264787,264.30669294491025,200.4045992607315,371.6712007750493,490.28794800615117,157.4190511156982,320.89406736458494,394.6611624889429,153.45808918513424,202.15278313935633,219.11466108831863,110.41718483694244,236.0556746943408,162.0453540647719,162.8803060255715,152.86114952460485,160.6030374687458,749.5812171044503,121.73855956603587,281.4277151311841,272.4061364902066,170.57207328309252,207.02049438035175,110.29841288261912,213.29415258268585,666.9545492020923,0.3027520179748535
503,543,2436,140,18990.32421875,10207.16796875,2784.19677734375,6848.44078118959,6502.671632500522,3325.528564453125,546.7171630859375,478.98656764111325,223.96070861816406,1098.9472877298633,1008.8267822265625,192.74548030104154,545.4640502929688,2526.6943483948485,125.90545799027811,1123.3605234809318,192.13495657543186,971.699346050158,1820.4157443415231,950.089485416114,3065.116495538821,530.426025390625,4371.709699187848,114.29301266177275,804.7552706201956,351.86421763356054,310.65872896814443,717.4575416576653,1894.1882724017767,1245.8245201835239,1190.9697096536856,2705.949332813026,278.2049111711297,1424.4794243783574,2333.99654651029,191.64480758073316,1008.1949039580509,316.26871648547154,86.8084409807457,868.63386873092,803.5775069817826,179.96458058767732,733.1464450532087,791.8272302485951,1316.3090885059337,980.3253165627126,1724.1947832039948,1864.1303485878555,236.44883675929586,1107.0476458456062,196.1457034606025,486.1040887630174,1061.889843194244,180.0755615234375
504,603,2455,107,20530.3046875,11208.771484375,2973.95751953125,7082.065476787539,6722.831990331855,3821.1953125,460.4192199707031,284.7961611464677,179.95887756347656,1015.6108000062617,948.910400390625,589.0702168311121,622.4857788085938,2869.01732755527,121.47107979065959,916.8563244792914,372.8528110964605,1556.5051837541296,1837.11439552014,1267.0045158610092,3482.4253104203494,694.5499267578125,4579.892622332108,121.53102977075255,1251.914958286392,434.88183639943315,337.8076111242317,864.85395507855,2007.0314713348805,1262.1927146304008,1560.4440899641183,2792.9514832863856,320.239580371858,1691.938626059762,2941.950620134397,210.5463054258098,1065.4293631429834,580.0381565875063,263.72521851624344,1240.9702404557656,1071.0203075138058,156.4963529696988,890.0354354786417,923.8751589909056,1426.2395243309663,963.1314243755855,1751.172959761747,2047.0028124375572,226.18342611294779,1141.1377286942484,187.03373827274768,460.41839436331617,769.8698039194238,274.97296142578125
505,239,2463,157,11750.8330078125,7078.0244140625,699.1472778320312,5001.601773281311,4173.534134790653,1659.8636474609375,552.0228271484375,387.6172938282381,224.81317138671875,763.1560626653683,823.7926025390625,513.4244055343277,347.78253173828125,1275.7292478386046,291.81630135060095,1022.7693529034153,261.01769134693427,592.3981375506871,986.3543038893332,636.6374115315432,1514.0368063263354,398.056640625,2381.479382924312,168.24926679592653,538.971849250188,432.9288702155915,291.9151255690264,491.68660653370864,926.0848887695108,632.9077536524239,741.7244124826959,1425.7463704849313,231.4608717275575,724.3599400357336,1164.6655137469193,221.70019624147992,611.2642406446637,258.32257801834083,187.53528782050094,679.1270231008496,435.8149985480541,197.25470547819518,409.38563071408885,507.08515918106457,1003.9412158269353,506.3976874012249,884.8937872568605,931.2976963318406,206.50745553640084,593.463941827263,95.62096350429752,312.50074437426565,593.0330146139636,200.02850341796875
506,576,2474,230,18677.4453125,10977.8115234375,2400.26171875,7369.785427128741,6090.787800083994,4573.173828125,25.53728485107422,1170.5085937955002,235.00071716308594,2035.0844610728125,842.188232421875,954.210398063888,234.9180908203125,2414.5801078280315,430.62809202986955,1588.8397540699102,224.7387575496124,1204.1769452647495,1200.460951527329,489.8661798394627,2359.092409778104,552.709716796875,3249.5317779311295,296.98681707410555,915.5383803987185,1086.1759610894758,167.68566098224633,432.8002598550442,1336.0959040142075,890.1861986033799,1100.0950866564408,2014.0773094865226,571.3188703605039,1391.7690228741021,2214.505098787828,154.08684492515448,1028.5675377948899,540.8614920286387,227.84352042120253,742.2758558229684,716.5507209798081,396.39288630863416,834.1537866600598,862.8287733839367,1242.2254587092034,678.5842291008544,1310.1042962870163,1619.0393565345428,390.4895469014038,795.4800980169935,263.70163662044644,226.101447571371,780.7172841855519,376.2566223144531
507,415,2516,157,16385.85546875,9758.23828125,1595.257080078125,6786.298753430304,5622.531297320504,3392.775390625,495.52911376953125,859.0170965980884,118.06160736083984,997.2354791290985,1216.8887939453125,886.1151668720104,11.776899337768555,2542.0792377056505,241.63178530460806,942.922079336362,146.76818826490046,1398.5916007045018,1178.7017875473741,342.70474112610486,1977.1703724450192,207.92398071289062,2940.4662957274772,211.68526600189642,534.3383463513854,533.3142697970026,174.8898417135611,391.21731205749984,1141.5999483481678,842.4811113736935,673.82082277623,1844.9982617165822,417.9729722365544,944.1720454649939,1775.7760854693606,94.43941148814675,643.7540594496332,384.887209104951,130.08786046426957,597.1780746845285,547.5474880895048,160.51740544738428,581.6088448097787,544.5762882119269,1053.4718615817585,636.7651472571252,1133.2925198562234,1331.4611022666884,344.302708061381,749.007557341961,196.25366629631554,429.56787584545793,744.9206628303299,106.3238525390625
508,215,2534,128,12157.4111328125,7014.99658203125,1116.115966796875,5423.352273220476,4492.6192670061555,1960.2662353515625,334.4718017578125,197.0627198845364,202.3270263671875,1027.9841214797918,623.2195434570312,406.525583811026,412.67132568359375,1162.584828576367,90.91986788230619,1226.6865559422401,129.38777919755648,853.3293245025578,1062.5375018691936,352.8272250022007,1622.4077380966532,446.5103454589844,2414.403019521392,44.10048893584732,706.3144924118096,387.4611387538658,159.4923185534768,416.26150647763285,1018.9973892308224,794.473998240453,409.35784359835526,1605.0781853433923,187.77832124732052,717.462417560008,1597.8324646347526,134.37684622667385,626.024783912403,141.19594437791804,98.72087012289632,512.4895500085637,445.06136497465496,83.43681584397463,565.4979439349919,501.6262578439631,1279.0250298483004,670.8615205929705,1094.6467796859959,1169.8985245216713,158.9588793473345,700.1807182582949,182.19782941994808,416.727182073153,957.912822631312,248.57691955566406
509,551,2533,99,19920.41015625,11037.595703125,2322.462646484375,6447.100647484116,6307.421288754263,3024.88232421875,460.2110900878906,353.4696860059305,502.29071044921875,1301.6641640273467,618.177734375,312.84184232547597,961.99365234375,2645.477154735209,201.70572920554645,1638.9264268587344,209.38622373877763,1722.8624723247385,2214.1952744597597,1667.0702368340237,3902.3610912362165,972.5638427734375,4710.903863879861,134.47525925880515,1224.6677896389995,110.42529613020449,550.118188926083,643.2787886434368,2387.3266024777326,1492.9834144279675,2014.6429576223313,2898.592671711517,118.0026927506926,1628.7595137365242,2860.0567186513786,457.14671162377186,933.3850428804052,504.36406439068685,131.83948229436172,1458.8913540377941,993.7595398320545,128.4109072810673,759.4781022747413,793.7297902469872,1942.037155102573,1218.1887619650106,1967.0653331481417,1896.9904142102876,153.7461298364875,1141.891097103454,176.56806427760029,307.2474235517662,1336.8699598095986,526.6859130859375
510,611,2549,57,17935.87109375,10216.853515625,2002.126220703125,6923.985453053975,6212.353862854358,3117.856689453125,650.6683349609375,654.2254164828909,128.43536376953125,1357.773059291276,1133.956298828125,180.12929784865733,343.0199890136719,2742.993247227967,111.18746332480544,1146.472865824011,239.1363560940352,667.2629357364178,1422.186670473716,545.8483222618594,2218.014973075454,500.4146728515625,3569.890524217522,147.7139612528635,663.6916861007327,518.7403328185512,240.9528308908737,404.0797580348429,1358.3389896285153,1008.1463643721811,1327.0898395404472,2235.5617942957933,663.1895408798902,1208.6267038469036,1868.7817281376558,216.5412105892259,767.1182455967489,501.0506370279027,132.27105805639638,752.1435641949403,762.6382490293031,159.80150941926476,766.9203004656249,659.4906384112111,632.9070903053024,777.6007877867959,1381.8790228367166,1550.9076032557641,344.5591985890358,877.970184876826,221.75532805024594,146.39270324721093,457.1243957828357,265.8997802734375
511,354,2542,34,11935.916015625,6705.56396484375,1075.9349365234375,3741.524980041707,3789.8866706098415,1268.88232421875,397.5683898925781,390.3508964201726,565.2162475585938,295.70668837195666,188.05052185058594,195.24094919637756,853.6043701171875,1867.3336874985207,102.82976359358139,614.8964624208801,98.82356984111772,1035.086488602515,1260.0505255272192,828.3008860782843,2335.8132248010475,787.9783935546875,2831.260579850693,62.68974071816852,602.709205339922,89.22165478276824,135.29921198905814,203.33502797427235,1433.018987297329,863.617579102044,1026.880374420375,1745.0400202452613,106.89924305005248,930.7061560413615,1708.9616664593425,104.74735630424816,662.2402675499112,281.9067283713572,192.34770989329508,877.6978657743886,656.4493939562512,228.10810062186,497.44551754886163,530.319135769149,845.2699877813612,655.9899681521522,1170.387896920956,1259.797763849775,216.76290155039942,675.2965416577082,169.7238928341436,191.78895738264708,661.46790515186,462.58978271484375
512,565,2554,154,18118.859375,10000.4052734375,2381.43798828125,6711.743469745238,6217.7169535174025,3182.580322265625,502.0693359375,525.555830051664,119.881103515625,1124.6978849721677,1011.9180908203125,140.0207257286794,467.2371826171875,2582.0919247917295,66.92116110620816,943.056626484276,69.43961550537779,772.7645327802337,1536.792953934743,789.9106225236494,2543.4996910990876,596.6775512695312,3914.8941321979605,82.86915070329212,654.4784947850701,294.10738164600053,229.51102167098563,696.8316760042431,1589.741882607161,1087.4718706765032,1182.3017105120814,2429.6265879789485,210.25277125642057,1316.578836936968,1959.6578287884304,73.82752040180561,1043.2878635549714,353.5596694926407,198.43541597382028,757.6525976108929,800.9532589861385,171.11663225639208,586.4156990521806,857.0340214261362,540.8495297986531,829.7416945351459,1511.8412839245905,1648.432721555521,178.46140636211163,965.4214978242712,127.33804839512841,419.60275023263415,445.37032334259567,305.21685791015625
513,475,2597,113,18584.55078125,10896.2783203125,1859.0531005859375,6556.803902420191,5829.916067930957,3536.86279296875,254.80331420898438,702.7682255797,56.969032287597656,2382.1933270412887,740.4501342773438,1278.039415454793,387.35235595703125,2333.7283816764752,249.38860681577208,2240.957049763379,249.3573252587936,973.455431080734,1644.2947897086208,693.3548770104319,3027.19293150959,541.506103515625,3741.9963066423643,241.42866015033272,1103.6122059525303,1149.0333915165654,146.9299592906049,542.587731752866,1759.8202295769015,1160.2244281553656,1318.389711484072,2331.1647147022745,589.2193377935042,1407.0256425466132,2574.2222423617686,112.10293237757386,996.4056074587944,557.8205250542644,353.72996251068,1131.571786856369,895.7514248994029,581.6719051602189,778.9953393989931,891.3862892842428,1912.916505534682,938.3473845902532,1527.4665466584036,1793.8272434784237,729.816391030691,918.0301068570602,450.31079676434894,474.011809618901,1312.0206954994335,330.59149169921875
514,284,2618,139,13421.10546875,7067.29443359375,2805.8408203125,7520.052893140174,5761.0501853045835,3274.0966796875,117.64350891113281,835.686776076882,106.4778823852539,1189.7966488320958,129.72625732421875,636.6872415446446,93.15853881835938,1852.1631846714383,44.89985390852672,940.5441750343944,160.7646350372665,1810.851111891527,1368.946336123384,501.0210033403531,3195.6287026468717,413.0647888183594,2774.5961473894604,122.75708823941045,1145.0817858975615,360.1459924285654,159.28205426097443,469.4821269268526,1258.4138741262082,793.8136633543038,1413.3531295280673,1595.423424142585,166.50836126515546,1069.41414767974,3439.9553693228545,171.83473016290824,633.9946583184006,605.2995343457569,175.83969143152106,2076.7079722671288,850.6179906369487,153.11663846401737,707.1541753197783,633.9221632630724,1166.8202736191006,602.6754198798131,914.2049393694052,1231.269728483557,244.42145740197603,645.7747813337592,167.7294628682546,173.9030013032807,635.6477222389683,296.03717041015625
515,267,2600,44,13516.521484375,8393.1796875,985.0226440429688,4800.992770860953,3893.4631206241984,2681.44091796875,226.9547576904297,705.7929896315326,310.4757080078125,1504.4686440498665,388.9804382324219,1067.570032708363,562.105712890625,1441.9866956072942,440.53620326338,1349.3698982800759,263.1348496662224,1366.6639405947005,927.028761507336,662.8445657748193,2390.766329588022,537.653564453125,2501.851904828277,401.4211727100738,1065.311862004463,755.1727119696313,263.7680356355139,340.3873622465905,1224.508349380724,624.1505607760281,808.2328627570946,1428.345594206424,377.0188030810031,1088.767108130124,2166.651400475544,221.6138404789378,799.2537857672763,510.0750369661551,240.29297297135724,1303.375754849903,601.3438040452593,303.36868007132136,605.93753085957,488.4298382394862,1327.221172541981,418.0519607588276,895.4727397612485,1208.9241593392867,302.1709205048403,562.4779525525062,266.5606926840571,389.6441842805191,676.7399350239743,299.016357421875
516,123,2617,61,8994.1044921875,6354.8046875,1086.310791015625,2886.843145661424,2504.5949065126892,164.33505249023438,899.0694580078125,261.4102780211539,674.79296875,633.5265529978859,837.84521484375,169.81793935224468,586.1409912109375,1725.1579863204136,249.04654876950082,598.1748264094277,274.9594401834572,1247.2592069602335,566.8226646129596,1054.2919809351251,1056.0762731687826,456.22900390625,1527.5319320610004,120.57254770272576,716.7784995518348,131.17222193677287,231.76649538681238,451.96457302899904,625.7751657938669,410.3607744756208,747.6121363388457,932.1562470193052,190.35513621963614,499.61141042591555,886.7331220919948,112.84692077540404,535.7658746619009,354.6889855480029,241.63600543308752,384.7050803262285,356.4226259981478,372.73816114222876,488.0795517029897,365.7470713463532,579.4476131834533,316.46369682956106,583.6098575770876,678.4302711772423,347.1765138935104,371.51813717763713,281.39012214432006,508.4678825536994,440.29091641541396,250.79147338867188
517,52,2601,189,6302.271484375,4268.61865234375,189.1395263671875,2797.202193544015,2094.1641686670037,847.7385864257812,451.88629150390625,409.3287356366852,236.0888214111328,1524.0382131656806,617.8121337890625,410.4971541277942,187.67938232421875,594.940674499197,119.92784781705443,1471.2382618843053,110.12043947023514,1007.6752336704504,568.8421200919618,275.4340620591884,928.4597370808779,145.60748291015625,1093.0339593654992,53.89144511256632,385.3842579960871,451.5928294394956,173.1236326534713,333.5943919204028,527.6453088651244,331.8135266757811,200.88473734885682,646.5461342904505,228.17798988722438,439.98403130672006,847.5264574057584,129.01587479506946,283.68442293687195,210.6872795578404,109.45203665767738,515.7765671931377,268.26510189475437,176.6911293450788,358.36951063882765,245.37284985323083,1127.4800807375332,256.36234354945185,454.27404852303613,449.92746914553305,273.802733716666,274.29249622500913,181.6042835887221,312.74285788224955,912.9928162190333,42.21434020996094
518,578,2601,191,17949.203125,9528.431640625,2794.242431640625,6279.5164834280085,6072.099124410177,3148.4228515625,451.54669189453125,370.7524316349948,157.0827178955078,960.1817060107716,781.9078979492188,392.54441581150735,486.27362060546875,2594.6050571837745,151.54167530967743,902.5793342649675,223.00942914855062,1150.442788367796,1736.676417197655,943.9525995611883,3240.4330816171764,548.3307495117188,4219.810132189505,101.81930882656027,916.1155824715681,363.6435694360962,262.6496444222087,678.700161753045,1983.6789727763226,1221.55774871843,1338.7239714733587,2598.4288855392338,159.15470023686828,1511.3046298563731,2342.962182720743,178.24046960454672,965.1620710016213,425.4973250278891,151.9765785333831,1122.8991453118304,922.1678689431374,186.7190737377178,709.3962160215301,803.222065761744,816.8997946374963,947.1290818607051,1672.254400653795,1803.8920496767553,261.221991420079,1060.6430097556142,241.96442834180792,353.9521996531401,523.5256548993449,206.6929168701172
519,177,2635,173,9867.5048828125,6431.61865234375,299.4938659667969,3181.9075229845944,2803.3462681627693,675.076416015625,616.9757690429688,307.4586600189041,704.396484375,475.5546190248681,419.9085388183594,466.5582525458232,792.8701782226562,669.6709340953806,178.5572549031425,537.6639184172847,140.3600489840108,795.368832813381,812.9162974273077,978.2056617528642,1639.9306682826684,612.80078125,1865.3321515683208,156.15072835057236,721.2925627340492,379.3342061283806,488.39325977622366,542.0492519084219,982.300917953991,569.2272425119385,1012.3923712906518,1153.175999998581,192.27963063699443,823.9610128551292,1325.0261583846157,371.2040205776193,466.05303241395427,327.6342676689966,186.91829127706222,633.4737379165226,476.4301019796453,172.33555949759955,420.83029544118534,421.1640742411693,485.22658520536015,471.5146953663708,790.5910759806751,878.096527399209,208.2786945825026,464.0246764026864,163.32538355743887,197.31810091866873,247.07607781168903,242.26792907714844
520,361,2644,191,13199.361328125,7441.91748046875,1227.8218994140625,4770.450899300434,4488.711158763862,1814.701416015625,475.98077392578125,267.5978700689779,247.9221954345703,1207.9018518018077,791.7298583984375,426.48019136554126,464.9931640625,1634.7537173403023,124.3338669122578,1158.5200878956311,157.83680834380112,440.016429542094,1502.5537930605203,1215.6436318990218,2260.102154102332,482.8371276855469,3243.8315636099974,16.474060762701573,744.4894244162961,375.9603659966722,316.0698212244654,526.0845778019876,1481.9877145354942,1021.9963215242925,985.8949452578161,2011.2480376647152,87.15937903506546,963.8682623832041,1538.0946540774335,237.31188916678232,687.9591123005832,309.79484862667925,122.39810438177085,843.0103706277828,638.6259177407795,172.57094014107372,401.6079690239212,565.724972717023,1311.687311572625,817.6450392481391,1316.511709098176,1226.7595472284765,203.52903846745207,843.6227672951771,138.44741573024294,317.1643287716545,915.3682822780365,248.74559020996094
521,661,2666,96,19684.078125,11139.638671875,3154.711669921875,10650.615504820746,8179.311382364878,4699.67138671875,242.06137084960938,730.6468278221879,322.065185546875,2986.746242144313,767.1249389648438,1103.01568251603,23.254684448242188,3233.056450371888,419.1791474309235,3192.190134612555,417.78178142516396,1954.7979788850114,2118.1651476425213,736.5347406851726,2379.476656734295,517.6250610351562,3781.2929220985507,140.26906939581764,1625.7774888771298,807.1160554140757,355.24610924071095,368.41318431043857,1213.183591369132,1084.9353732122024,1490.9368014390893,2172.058785987602,322.90817363219077,1060.1220980413327,2548.217542946376,195.87334309766192,578.0670073020818,898.9901512073951,154.38100842455296,1767.645015984626,791.8691676948964,609.1897728680096,887.746950809162,574.079761301423,2168.8945123955928,768.5109132122465,1312.4159919700035,1182.1766622402001,817.9282892667501,920.723738878029,348.070837017993,331.1826171743197,2003.2718212243967,384.25537109375
522,508,2646,207,16609.921875,8678.3798828125,2835.69091796875,5821.600366504819,5671.109037064598,3009.05322265625,326.2839660644531,698.2441202645155,181.84988403320312,1324.4970650551404,551.6771850585938,817.7985215308032,546.7728271484375,2536.174869244711,204.3760628731565,1605.6332953000176,350.1427213865729,1226.20548361783,1658.1963425241922,1013.3071748575064,3112.5953174769506,588.1912841796875,4109.421351434814,145.44495083440455,931.6686104245936,467.91758364936226,262.2865812028369,618.7703056613794,1858.6157258368041,1122.4012182464655,1381.8170004096796,2459.058549927378,507.79210710858507,1394.7051086241577,2391.2299848236107,212.6430734045721,848.6271767727925,435.68091069232753,132.1976332529632,1229.643711757907,841.2728799095935,106.28605776607753,726.2030831685803,693.7659654251379,1701.5070212515354,885.8915172519696,1619.8664113520192,1781.4170830333203,242.14820046049164,1042.0233232158962,120.8864876078575,312.9775342161772,1203.1448803915057,250.26333618164062
523,473,2668,39,11916.4501953125,8104.00830078125,469.5975341796875,4832.78323595886,3801.5615695912056,1331.3673095703125,932.7191162109375,292.85955663622457,435.65728759765625,1631.0282086680334,1177.9083251953125,719.2466119879933,380.3310241699219,2053.274300355821,268.78072350182026,1741.3921300101129,304.80293885207107,1846.9309384663902,915.0662081834297,841.2351941741664,1538.5867920143276,426.185302734375,2065.166211158389,100.56828452723475,853.9943277844928,480.0974875586738,275.4902740907552,691.889595295281,800.2373641094972,489.54745159177327,707.6247951816404,1151.8675085153789,77.80574232534352,662.7747064881978,1309.1140499074459,137.8994849953089,432.7207660363688,507.36625052131865,104.18588872806961,876.2398239225408,595.6845550330136,392.37793221281896,579.0987254764142,395.62737243727787,1155.1912885393501,316.30975378554956,708.3788765285843,895.7364221992473,456.74684438496706,512.0038211191434,297.1050812368262,708.8923357538034,1094.535104731461,307.41693115234375
524,305,2699,42,8850.203125,5925.66357421875,85.07789611816406,3451.4080114642275,2646.870467150075,1220.9127197265625,331.7108154296875,1720.0075686565674,221.4754638671875,4185.299762301716,411.8209228515625,225.6278895807674,350.24481201171875,586.1062239496696,105.55009990526686,3395.0873382081536,92.90390417381924,1020.3041373456789,427.2069901816893,764.8328472350387,1050.0898684187378,456.21966552734375,1241.1607447960605,174.80992008178623,706.9230129766703,540.9341562664328,244.98479972226949,466.66239498125094,553.8956635331627,251.14309490253828,810.7875649329784,743.7911826577457,340.1972546549508,1038.9891579736204,964.5741930911878,64.54654590070396,433.0319220972066,487.2226384712855,254.13007951653512,786.0598846076041,528.349429526733,174.76140241445083,502.10395677370747,501.5854143277363,2780.3212114804473,233.95311546267592,619.9947754670446,993.8207361076433,302.3949845397382,458.82189972670244,440.98586227900915,233.00132934393824,1879.6235110845812,334.02569580078125
525,498,2702,177,9845.775390625,5975.80419921875,439.36083984375,4325.542735511141,3566.369966523738,1126.3355712890625,534.4946899414062,1695.03975191642,191.21620178222656,4494.10326193093,643.756591796875,284.73894650362325,249.28302001953125,1031.8273311465916,119.11736643530207,3986.7095596626823,231.0358589592595,910.2303013733653,575.2963288039566,821.0200772542322,1098.3686775373462,323.130126953125,1619.8139574397462,236.2587433105394,700.3255646706541,177.72303146366633,179.81552438614352,381.38049609645304,719.3437411365709,396.28683660469875,950.231395892817,1062.6439118443827,275.89206276949477,1019.6860563491215,1001.9564340054397,93.99851932268747,399.8585277265172,508.42949835220304,215.45352076170315,467.89311968485885,609.8656309311635,243.72630150326987,402.547768509305,433.89274353926,3858.06926065512,398.54674321986016,892.4819219649997,1150.7545428877245,121.82082991157857,726.6163404422527,386.15364225639667,175.3218474739393,2767.516287157615,194.83106994628906
526,100,2704,175,6193.125,3960.24365234375,246.68490600585938,2316.2003715969217,1804.402357037494,1063.4271240234375,64.60287475585938,1374.2596143498054,148.66415405273438,3447.371893397829,86.56980895996094,389.35661613497535,260.0054931640625,267.2053735655408,73.9654407754975,2802.0614537910787,142.87078042635582,840.1207452385798,462.63797822566715,696.5586143262469,1116.5408678445647,248.11984252929688,933.7611058972847,171.62598826564246,820.5928192900509,585.5173866698005,205.515782451672,382.27846705967346,519.2082872583701,294.5307823224204,643.3111758360278,601.8505052472412,199.7783690858442,884.1432945890787,1341.7076122285982,139.2131822416436,293.1307900415749,503.05444492329053,278.318846924418,696.0209211137425,530.6865289664555,302.76665572011717,492.000492947223,258.46806365323164,2210.2131183625725,292.9837060317737,524.154895987261,925.2169739448365,375.6233277854586,423.53228004481633,350.5983229358435,299.5535792438489,1486.3208126318466,152.015380859375
527,1333,2056,54,31397.794921875,16271.6796875,6423.8857421875,12251.082046677437,11342.347554177271,7572.52294921875,173.9436492919922,1490.796645089991,928.0784301757812,1475.417416068325,1319.971923828125,685.53130074557,95.22953796386719,6238.4732447037795,399.5165733117328,974.9358440952151,166.6801512206421,2904.776234497836,2723.9169425444034,671.9411018478526,4680.086468547054,845.8533325195312,6813.404619293002,192.11664358696137,1429.2753740426965,393.614843081597,199.57616696944876,541.067577420778,2847.4202210204066,1817.4857157774375,2495.4392935602236,4179.590134142951,481.5210116700958,2507.0681861798116,3449.4309628728424,240.72720330265065,1416.0510745696035,1145.7665764842945,210.18207638457494,1411.0735262720818,1415.0969360172123,394.01325164083585,1235.9721044718738,1396.6657024343162,2472.5914669295257,1447.0491861820683,2775.8960100554627,2959.1077226624748,436.7332730455831,1858.5043232117455,223.14559391920238,401.4843599557657,1315.8865242008815,605.650634765625
528,822,2052,64,27169.05078125,14468.796875,4742.0205078125,9107.046888117167,8873.514102873167,5883.01318359375,199.32742309570312,471.9549008997279,209.51553344726562,1386.8287844411648,584.4722900390625,527.0069775110911,697.3748168945312,4650.975524362593,319.3359913544613,1263.120200407199,140.41493288742996,2493.1982272074697,2361.3057590673898,1524.3355236770701,4298.6630696091515,1000.7081298828125,5772.502256595036,341.09044451924086,1341.6740758591682,637.9128374476156,531.3668011515861,792.2986000589372,2623.1378599822865,1762.8046608567206,2555.1618144423064,3686.7398159039913,505.7017136088769,2347.0894766583106,3438.583749284398,348.6339766781824,1503.6777272867605,741.0351991020641,255.07472218881136,1370.8330578191108,1343.7276818852708,261.7845849289583,1084.2061899033888,1314.5701406296787,1294.417720669966,1412.3540272500395,2381.0978492307963,2796.3055069322586,425.11797313213947,1384.5907366649815,312.25249854597564,365.20127424101486,568.340602851454,532.93994140625
529,715,2060,60,22771.78125,12454.0419921875,3252.359375,8144.412200110248,7613.228247081565,4354.943359375,350.2822265625,659.6774858491409,97.27325439453125,2184.649410677523,1203.1146240234375,687.9110759553738,499.7655029296875,2968.4002648432042,320.36361782028126,2276.126593210406,190.35380506784063,1003.7248825397082,2092.0790607203357,1114.7451495661994,3516.6944582011556,791.3800048828125,5101.582362753621,218.74025000977952,831.0255030596679,777.1150890959342,489.1476557457253,931.5441760408736,2202.8179001834437,1473.0716010717726,1480.1815748837107,3158.6739564196255,378.99917665983884,1825.3946725310811,2601.210145085137,408.4931002373146,1450.6295892281682,390.18698899901614,241.19926954691428,1230.0498060214964,1102.3795506051856,388.53254956889566,950.4651597597783,1180.66946394102,1253.6182511959432,1138.0773943239003,2033.7981862907384,2143.1469240269757,407.1877488211962,1280.8816473735637,317.53704446288236,611.019949929209,1020.0912132566174,443.98944091796875
530,724,2043,157,26772.720703125,13832.748046875,5086.96484375,9660.05100196582,9306.300129277093,5597.3271484375,144.35150146484375,1047.1308180387548,285.1719055175781,2475.298189909435,976.365966796875,1143.193892819351,455.7587890625,4597.236550115344,378.65109461740803,2789.5390107360513,325.1709199011857,2271.6070243966233,2504.616978137955,1252.9338439516625,4706.742931738496,757.7931518554688,6486.711657928428,215.08459355834592,1579.0058431552186,554.5487997914466,316.6959427532021,699.1940662921023,2810.416145471293,1727.7776273761372,2213.255199359374,3877.2702272115143,342.97511893299895,2173.251338857511,3565.568355576043,193.91171915264334,1194.3779431742173,786.4456125801322,134.5867554994786,1828.629770070053,1243.29944097737,261.5124199074669,1032.1312110594863,1044.1592608739074,1661.9440399185899,1324.380140138238,2469.4229552663073,2551.183070919861,230.93953432634314,1588.2285916575347,157.82451128596048,289.7345238317618,1014.0253105301075,345.93341064453125
531,1162,2050,159,29244.4609375,14666.2783203125,6193.7490234375,11041.58585148884,10505.404828546481,6291.8388671875,4.567008972167969,1303.3522417663694,321.3967590332031,2673.972720248388,742.0475463867188,176.5574135266273,545.4012451171875,5011.261387294464,75.08026894773694,2278.506525044016,35.19961880449584,2071.457253197606,2742.6761701420155,1258.906669039111,5006.008702345081,882.8359375,6993.448869214897,160.4645224720386,1513.8352925839108,694.2810550922403,267.551712270422,700.1090173475515,2972.7139081433847,1889.623911993856,2466.0971466803867,4249.97230523308,489.1482145100865,2285.8116501633085,3970.45735653569,196.23169634793177,1364.8481707792278,758.7584920182476,228.54514397317126,1751.7242883373574,1358.0665339471889,326.8471940471015,1284.8076095193792,1178.6721047034623,1397.7471802721327,1422.6103313946294,2715.391480540127,2847.0611572069865,415.8481852138119,1758.6235725192914,283.1899032200533,255.09832751297907,1004.9412766303204,460.71990966796875
532,738,2103,102,25809.677734375,13908.0380859375,4548.36669921875,10031.300583512244,9006.995578158057,6072.82275390625,90.58566284179688,524.4012898627083,537.41845703125,993.5124330037853,1029.3052978515625,513.8205451961852,173.56851196289062,4701.929382854725,162.74024152911042,945.0972762808137,233.44094358249708,2497.4145335588973,2169.938160187687,464.0197000649634,3866.9617610206906,660.4725952148438,5384.771540069487,66.81533795539058,1146.6300170963293,229.74670157515575,180.96581785583993,406.453534096804,2281.524541646434,1552.6677339409912,2016.8011931122903,3353.297655672916,374.2796834092276,1914.181597900885,3212.564754879247,183.33450446718922,1065.1941228406968,910.2484714308255,145.20563980927204,1369.1980821984089,1113.1450022892075,206.20533723376377,1024.0465729218943,1104.4054682781675,1105.4027633772325,1192.9110978786816,2105.8105553311425,2306.9256881253805,283.5062049366744,1261.8841641726335,262.1378696914711,592.2797079087176,789.716403101822,466.74896240234375
533,1047,2131,154,34803.2265625,18405.30078125,6627.18310546875,12496.761053633909,11811.532575837917,8032.2470703125,162.05760192871094,1259.2085776357414,645.49951171875,331.95555765452315,981.475341796875,1033.9957057361307,461.67279052734375,6342.543034208248,384.87311433522416,1057.6997217783232,366.5428206843714,2396.6591467543667,2979.9487331148102,859.8173633662458,5402.267571752347,1132.034912109375,7535.949917354212,188.10359892551858,1785.5632021620181,356.14309352797034,346.6497156863789,981.6071273360171,3120.6585576329276,2035.1557382840506,2765.703100022363,4558.867348758697,62.59461733522811,2719.3421288012205,4496.433855821067,198.0179377109549,1768.8274482224488,960.0263694663006,276.3191839199715,1942.7656631507596,1470.1032427402342,361.4633757005652,1422.031761909732,1588.8280584833788,2549.6337775070547,1516.4367162962665,2821.2222423646745,3283.464612161539,343.558234423017,1840.419030974578,232.26880692625892,322.342656885992,1312.9572957686892,723.696533203125
534,908,2078,59,28649.478515625,14387.5673828125,5220.5380859375,9634.360884123727,9887.3919208703,5179.32470703125,425.34942626953125,739.607087987729,110.1729736328125,702.2200238162055,1427.628173828125,672.7490789025051,544.8233642578125,4739.69216896311,668.0608881708293,720.0502134885107,485.9659424880882,2967.036928835255,3523.6578679443055,1604.3925536313316,5219.591984324507,772.6558227539062,7677.234711372191,402.428357558903,1028.4219718522752,476.97603260970794,525.6750003558342,847.5843060806031,3411.8040788460116,2422.0753965065996,2293.938720261213,4770.950511894272,297.0467049961231,2308.2260861111736,3295.1243139867047,386.47017172475176,1604.8785828099712,602.7398868158494,211.22890164912934,1868.7828416632435,1555.5517645727155,395.33981963829933,1059.2882556913937,1302.7335210228573,1791.7954122021422,1992.2076075639852,3187.7063452417347,2857.929491597144,383.4019692270608,1808.246266449473,287.32084523682323,281.781827046695,1056.8704124766477,404.701416015625
535,1023,2114,45,28442.12890625,14708.98046875,5372.54638671875,9811.238344327829,9513.395844435729,5713.84521484375,251.92950439453125,842.5595328710887,208.6572265625,1239.8803523912395,578.8674926757812,787.5140119777664,925.6075439453125,4452.852104730766,468.41284848898283,1417.5595363496302,390.98358000764523,2135.5151319364204,2673.918058611439,1423.7713489904938,5207.333799486625,973.962646484375,6524.9318299094675,249.25608415360213,1387.9804988304468,256.4490872996038,318.92462142127897,972.3659511144086,2977.3988538284225,1829.9709512728284,2323.5278231709976,3996.754248105282,476.59003328922955,2536.078681150947,4279.196020126391,199.1188717502409,1533.3241537828892,777.8351743925284,383.3954413221528,1708.1545404265548,1330.070755666349,450.70713292985965,1258.3910559598207,1289.9045676802123,2182.5346864599533,1403.9273348048448,2617.914028763125,3051.2363238750577,461.58486733609686,1598.2847374200642,426.2027221794206,493.47780778035843,1465.7470202062161,366.3597717285156
536,1166,2126,115,32460.654296875,16667.30859375,6393.03125,12280.131881793479,11636.218383080604,6962.0146484375,34.59528732299805,1375.1309215183296,434.8541259765625,1791.8114519150274,1003.5368041992188,929.8858143947817,473.8194274902344,5991.534938556601,292.97850960939724,1196.224116138862,368.7608854947172,2656.341314417952,2812.816053420816,921.2280419357744,4913.519392872564,907.8128662109375,7457.8520270343315,229.48464375650315,1382.9479588828835,460.88460854059366,304.7755180470849,812.8457937798424,3027.8760843180708,1995.1188623646538,2780.413030107291,4563.041340561626,389.6679929922982,2504.7976569816437,3810.846746592757,180.29234977961593,1407.348612960111,1096.443513042668,274.8731674718871,1747.8851238009283,1361.716978050653,306.2457693856993,1388.0018509094489,1328.3081712678347,1727.4123480781532,1535.2592040300954,2930.205364763304,3104.0987844641486,408.5352716932331,1947.9732714413176,299.12157168526966,556.9308483617402,917.798914390702,513.0303955078125
537,1289,2139,101,30190.849609375,14962.4375,7086.99267578125,12403.994421997195,11327.639050184905,7400.0810546875,413.353515625,1065.7556662399058,821.8035888671875,1187.9766669125625,508.0497741699219,865.5232274646038,169.93429565429688,5776.374244266608,114.09363575164969,1907.8468262481258,202.5808475127751,1836.617079478342,2718.634806247458,766.1700608629716,4315.305319040779,891.95556640625,6771.6393818333445,158.65407342372683,1332.2741841074862,351.52210846253325,141.43403735559457,741.7926411020491,2640.6944679276685,1904.4151498603967,2574.7022594264417,4189.269996378195,343.66015397785156,2482.7680149723083,3500.6618368231225,171.48301009848512,1456.907971574696,1113.3189522098623,131.59665888099636,1854.2234135137344,1298.098555686308,211.62067873970517,1247.3468916221896,1371.365017640258,1200.6895234302747,1469.9162738977857,2602.9335353890588,2776.5011638076444,404.7818288324247,1705.202685808817,214.17725569362457,465.2087974134814,702.5229097848758,626.0208740234375
538,916,2156,44,27549.51171875,14604.943359375,4714.9189453125,10809.686611590123,9864.565697613447,5583.20703125,250.5831298828125,569.1538595062252,285.5906982421875,1303.3602453875822,1205.755615234375,1218.9464069321523,514.1978759765625,4421.097489721432,489.2788434252409,1370.685582922473,379.5641318110967,1551.9732848935791,2457.51974944759,918.6617820609505,4545.235972657119,907.770263671875,6465.503801257022,328.23182829697606,1059.2143570525009,566.1461520287036,173.2299773675252,552.1682967244881,2820.436915768871,1722.3554689946177,2086.7552241734916,3893.426664365629,193.01339253992373,1851.75041112895,3169.3714603051208,207.77305861321682,1304.0273368100438,828.0874761603603,381.06680099040534,1711.4238479802514,1465.529091831121,349.02372153359016,1127.0731679545545,1127.9263481756645,2306.7088891506737,1387.9434103602955,2556.450423927642,2678.151436232039,473.3134628485865,1658.9368047267103,314.61333408647056,430.81525211819877,1188.6367645561027,467.3851318359375
539,1252,2129,228,18300.517578125,9794.087890625,3104.48876953125,7905.223158702427,6899.141610403311,3786.65185546875,154.26675415039062,1119.9187584999463,169.2462921142578,1671.3434678902117,601.2515869140625,935.9963880152554,229.67987060546875,3187.4045946521205,242.4279460716243,2359.5725987415713,104.54371441809049,1124.9401479699231,1653.579582556892,281.50953738189367,2755.013736855155,548.5409545898438,3825.6917014435858,182.3635948647279,657.6643265631279,501.55391422640247,124.58293662904991,424.8972909435384,1646.9339386578138,1164.4562640518102,1315.3383676173187,2408.2694018670686,227.4944328643905,1237.0880841412907,2175.471517739638,68.35840134621671,826.0704057474285,523.1846421936317,80.32563238520187,988.1301645757728,806.0853662365382,124.01388441080728,756.6183545438722,833.4202870414379,2004.1659647803283,910.0484106741659,1556.9654911264934,1713.4285091733318,221.60076800404576,996.0819633268918,142.9557354590027,249.76701703767054,1542.4518968893972,411.27886962890625
540,1216,2158,75,31206.474609375,16120.015625,6336.45751953125,12616.542212894472,11342.527982852973,7568.31787109375,128.4739227294922,936.9765420187848,683.1123657226562,1067.8902147511662,1068.950927734375,211.1991016084319,57.255470275878906,5773.180746950963,157.585692730693,724.4335693730096,319.2620980627228,2389.263375117348,2695.3529755492254,273.1684769867894,4421.959975787687,772.3106689453125,6607.12366905377,327.73915744222194,907.2648626054611,538.4634536092941,99.65107363895987,662.1161189415562,2733.124963138275,2052.6364726107518,2367.8721764714833,4257.900680004511,669.3930848616455,2425.769018559717,3510.7931040448216,152.58738286225588,1448.2491293180146,1172.007596804005,199.00390090831755,1353.6897655941539,1348.81216469915,228.57253863322669,1212.9704577859097,1301.143776732192,633.6558476134501,1635.827384737904,2672.969360853296,2793.019071833567,409.4441430777549,1489.6679374379105,246.84963176064994,520.2662926450781,279.1268655648603,685.2777099609375
541,831,2160,79,26169.326171875,13483.7978515625,4409.9287109375,9097.958400072263,9000.873935237265,4687.1005859375,460.153564453125,393.2715490685189,137.8806915283203,827.4834475318884,1416.5111083984375,641.197841858397,435.1705627441406,3838.0569950147974,327.4131757132421,662.6598260990778,350.9158614053311,1866.216611577779,2734.5296090047987,1314.642152374796,4677.691976720709,710.5677490234375,6668.197364591062,179.87732090953625,972.459116070398,372.26131825429496,332.7986727016059,815.5597063786029,3078.869793188078,1963.2732644277457,1783.4650958931484,4126.0745352969725,285.69127674387096,1967.7260534969882,2940.572739437664,130.0085016802122,1346.7990456450011,510.28330032195646,164.4894102262493,1613.1078058483697,1340.2360998779932,196.10060864826104,1016.0346331444395,1067.2590383222375,1811.2107601273296,1647.6772305738139,2845.0593057498904,2599.9799044952133,261.7579138775234,1740.4394581044307,223.55474584848744,400.4911865351043,1471.6324356715372,439.66912841796875
542,1329,2170,48,31026.8671875,16031.3037109375,5891.14892578125,10575.112840079271,10457.805741030837,6501.93212890625,139.27545166015625,1362.8489965216145,186.3341522216797,865.3639895334235,1033.1868896484375,915.9930343043967,742.9860229492188,5336.268566784285,336.5260076945875,1210.661412577983,399.22526107117017,3232.561610476645,2902.7950312532216,1688.1018853408693,5201.520592930017,1045.529296875,7275.6739299352175,341.94144068288716,1422.2087639292715,382.469458470073,590.4128663088069,876.6853472171334,3113.7664427184122,2025.2891369407096,3055.683788998389,4438.966751899727,531.0890682412033,2698.107836764315,4117.734411750918,496.6445663743538,1677.1873310036722,909.1308989925917,243.7986060259737,2005.717801953388,1594.241829290607,427.25490027669844,1255.558743750268,1461.500319256556,2289.764585802738,1574.311894390776,2796.6417051182907,3042.503067652956,396.47374527998005,1770.2221142274018,421.19178521113474,382.9757002551777,1511.249520696618,468.55908203125
543,864,2170,127,24877.0546875,13300.33203125,4007.7841796875,8843.07119134205,8416.385810976426,4925.7451171875,380.30023193359375,253.50945580941558,23.785785675048828,611.6844226262178,1155.5076904296875,106.15938320592468,493.9153137207031,3662.3650108400993,109.42346532709234,524.6088815320485,67.4104385820103,1341.5600402438495,2053.796785910129,1063.4259986869997,3837.3462030564187,662.7322998046875,5508.997070655701,70.76788307788668,1003.8506008109248,211.07423737129088,299.4794107267134,750.7110307065408,2370.2537716301904,1527.8279774636098,1823.0445895797739,3440.0237200411284,118.1083693876261,1877.5432371911998,2983.799539062993,152.39592427410128,1321.3829588494423,528.8816964419608,109.7298864190414,1103.3283592813098,1072.6204505007104,154.98849767416405,976.5491403247257,1110.764805773987,502.07272844014864,1197.2294637100224,2226.701664206718,2322.1167407430353,277.24571681368644,1356.5747028482597,235.19152642221363,254.97192319785222,335.20720326838426,307.4068603515625
544,1106,2199,43,28207.228515625,14751.193359375,4813.333984375,9497.760114815299,9374.613920853528,5317.80126953125,625.0069580078125,1210.9514121674015,134.669921875,1884.992470558393,1325.680908203125,873.389483790004,655.7804565429688,4352.277598786821,370.0456908182464,2743.237897642614,345.7064327120624,2418.316295660814,2651.4632558344088,1578.2118526363263,5066.837649396723,732.9527587890625,6876.73075569407,232.4853722340316,1189.5068108410233,813.1639919918067,323.701349310942,883.8881548151637,3048.7376124181565,1861.7819438109113,2252.9277827246706,4160.456842264003,389.988147373438,2530.6948299753412,3674.6028574108777,172.07462596655083,1460.606933706698,718.3036869602629,211.91601128983038,1827.2991854589031,1408.8559222135118,388.5259123158523,1143.604613783005,1277.3318124269908,950.6846178711444,1410.5510578820574,2693.448226346144,2888.9406955194927,411.8174449946074,1636.3637268818534,310.129920833704,640.9548156883079,466.22231021786894,294.0584716796875
545,758,2237,48,26820.6796875,14214.1279296875,4205.48974609375,11029.999159885354,9868.548989596804,4909.4521484375,569.0595092773438,1086.7851057581995,147.1438446044922,871.5515838718144,1486.6162109375,1437.5918949667316,391.892578125,3719.4479686722966,206.61480678010943,993.0749936627044,224.280743156307,1815.6143971136983,2775.235446281529,1184.07809453334,4293.905138607709,681.6429443359375,6533.818290631077,317.2118393061924,1311.3789911037652,648.9089361328018,343.3589422405155,900.0401080687585,2704.552644139258,1929.4168029996622,1851.4297330299084,4009.0347820860716,585.9427923364673,1896.606952941332,2937.5034655032287,272.6652282110744,1257.4974629152746,876.7747909989596,440.3290401021803,1631.7660576443614,1319.2800099140381,403.34421380624053,1174.3095242998302,1186.4550923348972,1648.620791120159,1587.9545656308976,2505.561885124399,2632.037367881719,527.637501581739,1672.5250210804568,494.12732248681067,600.9911912764877,1096.5449011335104,300.2081298828125
546,749,2213,134,22399.970703125,12099.25390625,3240.32861328125,7928.1133655349895,7569.321581317066,4071.6953125,549.7916259765625,344.3070937804047,50.993865966796875,772.1261671464083,1252.743408203125,331.29159731066056,474.36688232421875,3123.8855664348307,244.2458179807769,772.9052420532014,172.9778295449358,1133.5610870952644,1903.2471214337295,1099.4052884665964,3452.6853936784105,633.5347900390625,5040.872031901032,104.78910374087963,797.3446916310828,267.97244230237055,230.9634145902615,702.8941564990527,2179.3632545494925,1419.9452880864826,1678.7930004446955,3152.9579209660214,156.040672531093,1782.3774719269209,2578.305713133637,83.69759229537416,1032.5134481530388,581.9117441907435,173.74726418963627,1031.3787431258613,996.8327346616903,215.26725145342186,852.4516344428372,910.4086335183704,761.988339914269,1110.6537903387837,2032.268479919575,2020.3454462334064,153.50558780884555,1264.6080580360483,139.02106713050063,294.2674522986731,602.0801645142086,300.0679931640625
547,989,2254,67,27884.6484375,16138.7412109375,2888.7470703125,8577.618933207157,8355.097219268766,5467.2861328125,778.3175048828125,713.9026845128002,46.109527587890625,1792.155409385471,2093.388671875,726.5150311025882,237.078125,4245.014538452559,486.0896507543536,1300.5614682687142,28.797134497189933,2160.2176117718277,2384.4449792889395,640.8318515904015,4534.0145777787675,387.9471740722656,5875.655108003029,467.89407141244016,1282.7337328258254,1164.0776655513512,240.59062872216353,576.832191718453,2753.1678513755855,1782.3486792886881,1589.4507004750344,3691.059873438766,715.0151692111805,2088.326478521172,3494.413434758728,140.08281976266903,1189.3322940274268,806.4434616926424,353.7732969954805,1457.50462738785,1248.4553667149046,460.1484398255172,1049.6300206251124,1064.2979310387261,1394.1169760629186,1404.232068095459,2371.10781603319,2519.9853057022115,222.88199646026655,1353.0796240938223,183.6937942513046,350.6302669982083,940.7832637766139,169.04627990722656
548,1291,2283,60,28034.99609375,14583.2744140625,5141.7236328125,10238.698298960506,9786.88445072245,5671.53515625,258.7703857421875,1771.022020757516,272.1436767578125,2075.481401394088,985.745361328125,1075.4973979324445,392.060546875,4751.391172990851,543.3530510830118,1387.62353205151,610.958645513036,2168.042692749894,2658.05198327378,1172.2817501777195,4814.182255221579,773.5928955078125,6376.618736506083,264.8150109095651,1107.4686980324675,342.2775269137505,176.06527155243336,699.6375491316131,2871.0970007798924,1851.5823483534828,2449.467501295943,3947.708995006372,427.10725056340925,2244.7397061491083,3701.259927028813,159.037932336946,1327.748113920031,759.2702493045608,330.054930652203,1453.160942136331,1422.50809877481,341.5799737249786,1247.001302489578,1150.6777946812272,2298.8086729533698,1433.325775787878,2419.303046540092,2740.250655038745,220.01790175205164,1594.2500497180463,355.3597013000024,532.5834878716247,1425.3871617039206,431.5697021484375
549,681,2261,66,22078.88671875,12121.169921875,3155.61083984375,8265.07434607737,7643.992835736898,4350.966796875,441.6744079589844,331.55000307178045,99.5966796875,1683.2396701969005,1332.7236328125,1010.6743479674068,328.36407470703125,3280.8681116335224,602.1689590568972,1709.2037251286686,621.0795721639156,1121.7774060316274,1910.4184256390758,1153.0154038505382,3504.3835323304233,510.2528076171875,4890.203034018404,223.52525834838144,1234.9175595137085,823.268351182945,319.27911320106426,785.7750336345453,2187.1654750268162,1370.8723486025679,1520.3973739484506,3013.632544165779,262.9624571092322,1565.0249771027804,2530.0825423370393,155.9212212088523,1286.3038604572953,495.6202652534842,213.0636194202226,1168.1618452386754,1012.4534936699915,372.72991172195054,803.6737293580677,1030.7656506678702,2047.4748146248235,1072.563874607267,1883.7409896059569,2132.549717680665,370.4580855681848,1138.1681491763497,257.78362671274925,452.94560354862,1261.198990660737,215.1239013671875
550,1153,2266,100,30152.19921875,15442.1015625,5718.2421875,10376.755963813555,10309.393135052802,6169.2099609375,390.548583984375,657.3007505469645,113.7108154296875,1257.9326134839869,1134.4368896484375,165.9582546679279,436.10540771484375,5196.669387917184,161.6994813004886,1012.468749861242,405.09635352690003,2644.49613521409,2670.515444666075,1288.3251402638232,4948.586190488744,704.9931030273438,6722.958166299613,254.14083264142712,1381.316821360916,440.5365096605334,337.355574366951,1010.1978137297577,3073.2112144005014,2040.6891115331684,2518.8712850868087,4329.555128580295,592.8668529151407,2575.8781131625983,3841.4088337785047,276.47641183390226,1728.457187098422,754.5257587623768,227.98573731062248,1428.0467956811506,1638.3629311752827,309.2993458125661,1328.327067755098,1481.1728349815485,1020.4994208450453,1608.632885791801,2813.3234859312256,3164.3288303970357,465.45126321819754,1623.7499079249571,332.39066820754806,337.9833586099056,786.7996214226237,346.3204345703125
551,829,2287,188,25128.4453125,12747.7275390625,5345.3037109375,10625.019202208145,9480.615143560799,5644.677734375,284.69110107421875,1019.8447932157532,153.0463104248047,389.39413181423754,603.2000732421875,961.4435685026473,224.18727111816406,4604.31123239939,273.31589568759256,1001.367167907839,233.79716317874863,1537.7191940519667,2216.2205002710625,485.3995137623701,3745.391349941813,548.113525390625,5362.359217432153,302.3126567262354,1265.9868233242855,472.61675275046065,124.18817714940386,774.5571986746004,2111.898386123356,1566.329970512839,2033.9292564712052,3375.904629803131,345.2209060765066,1921.8327151963367,3543.4419580375084,197.1214800020853,1169.878672280527,859.690436777857,129.50427014360625,1453.508572250784,1316.5139719782098,304.8233859984504,1225.2806292767498,1048.788292658941,1648.7061655533867,1182.5180370676983,2078.262113894419,2470.9994202666876,357.84116494802976,1366.2392060689497,203.39185807369574,407.265261721476,1107.0040612571675,316.387939453125
552,1162,2276,70,30266.666015625,15194.7412109375,6224.8623046875,10671.578697158482,10417.769770502267,6380.13232421875,51.732295989990234,1515.0319761230444,205.94403076171875,1338.4507583753582,818.697021484375,1019.5493893866543,675.0059204101562,5146.900786387068,266.83828367691297,1128.7601356511766,212.10605051658314,3256.8820378096993,2951.891335777471,1606.772660028671,5313.116629417405,985.9769287109375,7019.496895130883,286.31888301784073,1794.7445128822724,827.077295102999,242.6653655230559,654.927146866505,3168.8138589621285,2103.9533930216207,2534.053826633537,4436.011616757643,789.299119379922,2316.7002193311955,4522.721007388091,179.5545705996239,1548.5962815417645,615.1410437019819,376.7724920985976,2182.131064445139,1680.3917374501555,440.2340398241251,1700.124390363196,1186.7207399197055,1203.4350512842343,1597.0950591045312,2935.8587197185143,3358.349626135895,602.960477960969,1812.4000259438496,416.9216550931938,318.3070276552123,843.5732474857488,557.8851318359375
553,862,2287,98,24954.9140625,13428.060546875,3755.276611328125,8859.880799153674,8531.924655323952,4624.7275390625,474.58563232421875,922.6005736949257,14.543895721435547,962.7333570498927,1274.803466796875,362.1052220528891,542.9463500976562,4039.783105513807,281.56878499020013,531.5384977930897,181.48827160187665,1780.393653878135,2283.1640661338597,927.2705320487868,3965.859617619673,768.8497314453125,5805.535318171555,237.40363084514777,889.2904342623843,499.9606203862732,314.78122866162676,718.910906313113,2488.9710148556687,1606.4162310805254,1820.7891552280516,3544.4297258245715,333.81595189373735,1971.1739609534945,2755.8722317656984,195.13608386563394,1258.736457970145,579.1344226638997,277.31812956596644,1443.710040134555,1125.8312893072875,240.61691674392478,865.346336598992,1066.5488730777165,1356.2646057895597,1253.7971148612019,2263.042332002949,2283.68027604439,191.5620304424657,1400.680047293035,131.58944654957628,292.34673736247083,904.6015786021909,373.13372802734375
554,702,2290,190,21232.044921875,11312.64453125,3758.91162109375,7679.707006071877,7155.3498985822525,4641.0888671875,95.99823760986328,921.6360512794142,17.92168426513672,2184.829790830685,529.3619384765625,905.5006585538624,504.0196838378906,3420.8837262082475,373.5650351525865,1771.1608990221052,360.32831579915864,1471.7085192126594,1789.521488168971,814.2285779444817,3364.4556829188673,745.763916015625,4344.958135123719,159.67259609738383,1147.3184287907686,801.8276775045869,278.109513239647,572.2218500561837,2006.4221951981797,1344.6857356882965,1827.2938286977646,2793.2476164061104,399.19905124935445,1726.994924856789,2888.4209631069284,256.4475606743619,1120.6103830190373,570.8550972305361,69.26382562395663,1284.439900155826,1089.1130876503125,229.70286597963243,1043.2839827996845,923.7267874882504,1338.4878433811634,1059.9000659947906,1786.5575380071778,2212.0394677064937,459.8896926525406,1060.8971576259905,175.92598122445065,214.10981379429245,843.9468572878774,436.7914733886719
555,811,2312,68,23760.53125,12695.5166015625,3619.7509765625,8886.881451497504,8343.346630870261,4261.49560546875,619.06591796875,148.62917990747823,157.47544860839844,1872.8845995558852,1212.51953125,889.920101096978,645.3419189453125,3549.3522304339767,210.37878008968354,1803.5615452240395,262.7133802213137,1737.0271745889424,2544.9022963196103,1206.7986486911473,4287.093554796675,798.4619750976562,5793.049552119529,94.17811429226192,1146.4582977707923,711.5047304207242,301.0326877011821,780.252092913895,2652.406919031606,1707.2284500946575,1709.908724088372,3511.318846849199,256.6775407076656,1877.226388320412,2933.2652948851523,193.88026136482804,1144.2142426290757,631.3280316441658,234.7721181662504,1645.5672158756606,1080.603613911064,217.2755586809079,851.7454900692742,997.4646209778973,2814.9521634231983,1361.0565251400744,2254.4638504936433,2244.2763300511388,178.08496250720356,1407.797007496118,234.71690330991515,387.81816102792635,1803.4920933845772,366.9082946777344
556,1117,2369,74,33214.86328125,18015.919921875,5512.837890625,13261.306034525203,11805.579477822375,7432.9384765625,27.586158752441406,1586.0157271681799,733.33935546875,2538.283005473546,1380.614990234375,630.2659170492591,93.77175903320312,5444.818966714904,205.53867407161377,2020.2933660735557,445.63547015645304,2340.640112131222,2977.091483582171,1051.1846156142165,4256.386895196305,850.8448486328125,6574.448544091965,169.9232838627771,1346.4502442355126,203.9806341886076,304.03413661596284,782.2484533507625,2568.359932653319,2081.6938054078723,2763.775537701517,4245.2378629972145,391.9818340253157,2589.608888241916,4024.4623702768845,371.66169239209654,1813.6852887255168,1167.3877193482501,323.88797107151834,1615.1642749063376,1765.947131579625,329.5908937519804,1458.8892036068507,1792.445204366512,1788.6372420246369,1743.3539115864387,2759.6132773784534,3131.5403832974816,520.2302011000996,1718.7448525615198,307.3273726297006,579.2003792022969,1099.7571274988786,734.4290771484375
557,1233,2350,133,28340.6484375,14388.3984375,5607.70654296875,10733.006844226627,10283.017839300559,5980.0302734375,64.3233413696289,885.7666879320909,438.6535949707031,1555.2352556601156,1022.053466796875,421.5122109046429,364.7497863769531,4899.168204524748,211.8812421006308,2047.4885957131278,187.31880080110773,2015.4849005633707,2739.114906866799,1237.6068058366532,4389.810297013943,861.56884765625,6552.708558290827,329.6658468297251,788.4637629506793,539.624448795384,309.2292431127122,646.6766993259163,2819.3577417330616,1975.9735143672992,2589.315328406468,4145.89245495161,478.60054391864566,2383.629863255456,3008.076832199941,303.0946257973589,1482.7131609641503,903.157239643143,152.09639650076093,1400.567162986862,1316.2657652543032,236.98733336088884,1048.704633647478,1337.8512683072952,1722.08472701759,1575.6958484250977,2590.3568336490634,2716.2998304981966,435.5707203684963,1603.6698624659484,459.9778005530435,306.25500092931355,1220.1293767458521,546.4258422851562
558,994,2342,138,26802.083984375,13711.9140625,4924.44140625,9870.473777752974,9484.402781227362,5127.18359375,254.85391235351562,1219.031435647961,131.13279724121094,444.35837221566777,914.5157470703125,435.80357569811946,537.0352783203125,4383.352277224501,179.06161650974065,961.063064817743,93.98023731308162,1731.7775272467322,2429.0408646384553,978.7705007907787,4289.659434539932,808.05615234375,6199.446341948504,193.84023255278328,1000.301127797376,623.9984464067062,250.8152412782854,760.7977408710805,2760.4289286180187,1849.558015695699,1952.061100676848,3946.686479881433,438.47457507113296,2028.484491727493,3146.7669104530155,188.17817360943138,1335.5391185256299,619.0109070953529,139.24308020559965,1241.3935848208657,1360.783944922911,187.45958186287365,1216.483382504469,1180.1834194863184,997.8402780573315,1492.0010582815676,2624.197910320758,2825.509770633602,304.42107368389856,1591.349150541107,141.7052930010056,258.24700825118066,758.9587076312201,380.4980773925781
559,921,2342,167,26640.763671875,13982.423828125,4795.2353515625,8709.927289909792,8665.936994491989,5761.25390625,162.04803466796875,545.7568439629005,463.45404052734375,1346.207709720078,968.8271484375,503.2529238899216,486.4942626953125,4222.745631688156,376.42877585563554,1270.2455326937882,160.34995801083016,2225.088171124581,2155.463057807372,1222.2528531842272,4338.793173425694,952.1181030273438,6011.6927123898195,335.9386289161195,880.6018459045508,733.2461689083805,413.8261701583738,581.9467290665071,2763.9138600802353,1689.3671942597805,2215.133461257357,3777.3320796293433,510.14306747852464,2410.2697819162972,2809.2368680824466,409.4275475365996,1594.5932342144383,590.198102766463,207.95562327314505,1121.3181172893744,1258.4854004848562,379.18404705626637,941.891259952388,1372.6623373633709,1034.6812903714656,1335.0037707928084,2536.020493680076,2752.462968151904,390.20339677933697,1504.6886022877095,198.53428096791743,254.60602342052928,932.7093925010765,620.4722900390625
560,751,2363,197,23080.705078125,11620.4326171875,4579.47802734375,8787.32024119163,8303.767747703077,4609.0078125,155.33624267578125,693.4911693580272,238.25088500976562,1723.5440767303542,322.4859619140625,885.1809890402959,435.81646728515625,3610.3140607639075,217.1428542577277,1557.8396087802007,193.99335792064798,1390.7177466185447,2376.8612806578103,1079.6623468598477,3900.7436839391416,708.7666625976562,5480.260661274346,194.48484949977816,1226.394200176426,627.6736071179959,295.79529604429257,567.2739263176081,2397.671593628795,1718.4319672755034,1961.8854492264948,3476.697136598687,146.92945927031948,1997.4045457304308,3249.4433512707474,170.8929860393073,1002.0786994118552,843.458544685282,216.9922470811889,1471.5764154720434,1228.802723047963,410.1659254468602,1132.0357249862316,894.0857727072043,1433.0635441502852,1364.2515546168925,2280.4966177967513,2503.5140534217576,451.6536864862767,1430.5263622102188,268.8925793041829,293.8164117173651,879.6981066141898,423.2767333984375
561,1008,2366,71,26729.939453125,14106.5546875,4543.15576171875,9728.75001584079,9318.749655958682,5282.0,173.37509155273438,1312.533047211668,130.2589111328125,1587.7688500398237,993.05126953125,887.3488215064868,664.0462646484375,4331.914021754369,362.2555312853002,1160.377921072718,451.8895999336234,1836.595696336211,2256.0471942799604,1128.1834765221993,4236.556455463243,931.896728515625,6169.878519688227,175.84030164866815,1132.6142527101003,638.0058388578763,443.9456344837828,782.7519340032508,2628.834597418402,1652.5616472817292,2186.0616573738303,3780.174257241385,830.4375054245952,2041.052634943689,3054.4749555575736,351.5335146841749,1514.3295168255884,558.2508132865476,225.21149964449884,1463.6235426436779,1204.7776553039407,309.22833541672935,1088.761991138523,1264.6073673958902,1295.7313313317106,1340.1218272322706,2442.621967468698,2534.5399518477443,607.3998380100592,1629.8133342421092,264.67133372868017,319.40473261101766,954.144949599958,459.6881103515625
562,951,2372,43,24199.951171875,13336.814453125,3352.240234375,8659.736530810898,8188.199893599156,4538.7646484375,664.491943359375,668.4712069935066,39.11622619628906,1066.3374574241186,1578.7039794921875,208.14409940311617,439.43841552734375,3664.999075908881,296.49992975677327,1061.316527452907,367.7916065758752,1590.6200751593224,2032.8187983741507,1245.9548331360534,3883.4515068661453,691.4918212890625,5471.915098884364,295.75179961362426,1350.4411829430182,622.1279402305046,397.70307703744703,837.067080087543,2391.3274885501505,1379.0404435401074,1839.9753364923167,3263.81624843682,520.3130071329106,1872.8907720126822,2746.9002576028447,288.07603017763233,1231.4842549283485,544.3942838870361,147.75313402635044,1406.0599815921466,1120.8473464567678,256.8444403541481,852.7593692792591,1042.245848066172,1600.6738393151352,1013.2557793914204,2137.2950696630187,2222.567605187741,232.29479911800038,1381.1560365430466,224.1674534044226,478.76378999034694,1040.1822920845043,385.34039306640625
563,888,2382,109,24561.62109375,13311.537109375,3789.425537109375,8499.712091856092,8093.284418505511,4922.14892578125,351.61798095703125,461.0860658962603,21.45428466796875,856.6788392196821,1173.122314453125,95.25687645941335,574.7822875976562,3598.4886038994696,83.80113066221884,802.3188563719697,228.16455252040242,1693.5502393546005,1866.913915812423,1104.4672623715978,3849.9718924722556,770.687744140625,5402.183777815489,21.683964548103198,988.2452123201324,352.0246999913487,440.63668570710917,853.6399612503253,2367.3149433889575,1430.3691820233762,1810.740934419422,3334.572354479383,311.785020961765,1999.0347551315165,2874.8316612662934,193.58341771052955,1399.298920185927,552.5126206989053,160.59498816805024,1133.232296704675,1053.225375039347,168.79463257768015,917.1683864484105,1201.3078417597862,1131.4881859523844,1123.7157832900834,2226.5084194446995,2354.336804364721,189.05276058046672,1356.4256989013093,140.99237382605264,351.3316074633138,678.4435117269588,381.42431640625
564,789,2385,135,23402.013671875,12386.0380859375,3442.99853515625,8012.0802482822655,7831.981888663062,3980.177490234375,536.4241333007812,284.93381897760645,131.38018798828125,1340.0607546184845,1188.351318359375,541.3575135304079,539.9903564453125,3162.513594715558,214.21072400162544,1625.577413225256,180.99138512826298,1325.4152431233556,2299.598393609841,1311.6383794614346,4326.9040679064865,643.5045166015625,5760.56908001703,127.66458622126487,950.483915994643,281.4245419392984,483.7249438794817,829.079261854998,2805.382181008333,1748.7615896968355,1661.2404941927357,3629.713196316526,79.00292727131402,1767.7214751288047,2813.3166725675455,295.9834295535586,1180.5849210380127,433.8501943659642,165.4903588299485,1368.9147954632563,1192.6330410754927,219.61480638654143,770.277303395031,1025.4843062685372,1593.3993682746943,1413.8324877107907,2417.52312234231,2258.765946059904,222.73017177871412,1334.6497070514051,162.58844529913125,311.1051019112105,1050.3101395512997,312.02532958984375
565,1266,2405,65,27265.59765625,13854.94140625,5120.50390625,9885.153949538242,9662.179750397223,4988.46484375,601.9500732421875,957.4126037452462,47.00597381591797,1491.073059527973,1158.2457275390625,540.5456054023174,644.4576416015625,4444.021576113365,304.99587459888386,1322.2184523174153,409.1357061886323,2138.393499338855,2153.758615934673,1460.5966990281956,4894.023273630967,805.2618408203125,6872.928748894512,122.79209962042144,713.6530167546056,521.0342286437885,336.0053389488389,827.764763565039,2988.0754251606495,1564.1669941861996,2161.8617006762397,4064.820808389048,486.7045968675652,2167.3607690360127,3167.436513672791,234.61864146335037,1418.8376513001324,571.1366867265023,299.27876009717835,1903.1060407319178,1241.5951115637808,268.78896067588795,872.9930990322445,1096.890342852465,1879.4290848810267,1141.5478834496525,2788.459063097067,2819.1870294909395,552.0628394684319,1762.0513934199669,266.9661396615764,380.3349539424923,1270.7306739299486,306.6012268066406
566,1289,2405,194,17657.54296875,9676.90234375,2786.383544921875,7213.36653247098,6321.248086604586,3681.95703125,11.63838005065918,1595.8890346482115,305.982666015625,2737.5089655553584,443.85009765625,1334.8546653777269,152.10581970214844,3169.506082221108,293.51504681990303,2696.4927566658307,221.55497966092008,1327.7961531733056,1546.8986181327298,858.2776730838069,2259.12527924841,579.7022705078125,3355.743059968189,266.04895747351526,936.8371976535548,1090.3934376407133,168.06343089339364,311.94459924641285,1309.7970604439708,1066.0047859690642,1664.9832770907826,2161.8292958568063,814.7627083443625,1499.5821053287536,2269.718243729915,135.78149769399926,727.9739143936507,800.4595039498164,177.8747702702843,990.3838547961785,831.1101387658381,376.6737237148846,790.8333801408704,663.3932366706529,2116.9214950237874,815.9811470585331,1359.0412528233237,1643.4141202348992,458.8637463293441,851.5164664993408,223.54049407940647,391.68963252354143,1524.5516831039085,483.7392272949219
567,735,2443,51,20195.203125,11122.142578125,2777.126953125,7982.501579369154,7170.585241799399,3700.763671875,502.20916748046875,705.1655981106854,69.97805786132812,745.7647940248618,1016.190673828125,269.5118271290077,450.12762451171875,3065.5142540657794,169.94010977552148,586.7396037136168,284.1750572909573,652.8292254592888,1647.9670929911274,611.1984361412856,2750.8776071811067,627.659912109375,4233.7738456546585,17.47005173730176,908.1875025622901,453.7456709983222,303.7793238999494,685.1114447687489,1713.0993808567055,1183.2953054640789,1295.4350333050024,2650.466495984436,284.0560633335363,1349.871792755941,2187.551523617933,171.48800755552384,1047.0928513488307,389.2445375639839,158.87922066931017,896.7587608182887,861.3345697477527,159.84036298513806,829.6473254578556,863.8738581346682,1064.1675665565988,880.0826467094216,1637.8270627788306,1818.9736547150103,443.1548852935846,1054.1551073462074,252.73929139482885,377.62280044784393,697.2722896493261,324.20196533203125
568,915,2477,50,24855.87109375,12690.0986328125,5392.1943359375,11651.501157726861,9871.202213851213,5968.36328125,5.1710124015808105,290.547419933796,311.4812927246094,1343.8006534404647,568.053955078125,677.7649368237682,310.32476806640625,4117.96968527066,117.95676790134809,1210.4318741335544,218.28183769093184,2021.3731467473278,2169.8484902132336,788.0289082475413,3702.5314018443632,695.6586303710938,5044.605198944742,78.57981303562306,1150.6741736552603,649.6382558228138,235.75407063283708,688.7107327511977,1978.2132601752455,1471.844468387278,2310.568662931465,3205.0131153706616,204.7044900372089,1868.7136827116547,3512.8703030559022,113.38576995937832,1254.0337101874447,734.8376491565297,196.81629904834983,1054.5278077556452,1136.718346787255,86.90070275233003,1268.5139402472632,1150.1358543568886,1409.417865282346,1125.1521972993185,1981.9352758179266,2307.170187448448,243.18159194332804,1439.9332044529651,300.62097397219696,218.95399346072398,760.929470095302,435.9615783691406
569,1072,2447,104,31390.9453125,15903.123046875,6283.84423828125,9781.358746619226,10025.125903191445,6717.13818359375,242.85601806640625,477.015665871008,241.9881591796875,2057.7693446953544,726.6777954101562,708.5330586355142,859.2718505859375,4865.375189571651,282.9026405383279,2226.692957504117,209.37404220235535,3540.790760573561,3442.3783778105126,2242.965906775634,6935.55539904121,1107.064208984375,8008.34122248809,205.51651222247284,1908.5763195844502,647.1721615998604,766.4844490078552,971.9194148859476,4070.72572458285,2380.095632135536,2845.6988804403795,4871.452317939542,266.94041624359915,2961.694548230353,5057.891551420045,525.0232385900092,1484.9888164421366,982.9589481533502,203.32573421566335,2425.3198699026234,1765.2905048761502,209.40641912129672,1257.459112764532,1466.8508623299995,2789.559498541316,1918.4473208220202,3317.103857291182,3528.7426526325494,328.7022378355361,1948.3509185091357,244.93261545040517,415.13338326140246,1952.446020783089,507.8688659667969
570,881,2477,159,26691.734375,14285.568359375,4462.45654296875,11012.779721801162,9585.355921399965,5747.48291015625,131.919677734375,443.1627050433404,487.1054382324219,1007.4528512990629,910.9592895507812,689.1204710286214,323.8160400390625,3205.6158901824824,166.5062089070024,1033.0870097791312,318.6062948698721,920.5829122785927,2403.195173671944,1020.5441452173111,3817.7291334286933,802.2568359375,5739.691335839969,299.8921330141371,1220.912457486192,345.04525089346004,191.15234511971195,658.2144052397165,2390.4501883827434,1780.195537785549,1637.2548250041334,3669.8417101199066,436.22075648128936,1829.3145924220867,3307.8183913109824,185.0485428019637,1141.3142750917002,596.5694323693481,169.16993021400154,1316.3042493396226,1338.7241606296607,145.8325961943511,1364.2034128088346,945.155962293745,1589.5671902874012,1446.4517562937397,2305.867368027027,2487.9091332582707,401.22039958247797,1416.2907077292311,279.5060231331136,391.8497280006123,1108.1137678576401,540.6307373046875
571,700,2444,160,22601.640625,11882.0947265625,3651.1142578125,7717.477174171559,7603.862598423683,4286.62939453125,261.7780456542969,811.2204868443446,92.95683288574219,1099.493884383969,1064.457763671875,286.9057662995537,472.6596374511719,3491.655563720607,276.3408040727216,571.9276409566642,335.4269418243342,1672.3144965681327,2274.815826488469,965.4103502020112,3894.093274687029,680.2305908203125,5487.354106652371,167.58452044459125,1167.588092868103,425.88254759570384,344.1812539604815,654.6522467999979,2505.9844847299587,1669.7010640586707,1607.482113322896,3432.074584187901,421.55211362021026,1743.5169166894505,2710.3192528794984,247.30122249582317,1123.4217565578417,574.9352642646777,91.84084144338999,1377.212180444789,1141.0156810206,203.88217740440277,890.6898496612062,924.6876810301243,1950.7497571460735,1350.1008364884938,2244.837718804433,2199.7241933644104,268.2383825123026,1363.9528168288093,229.54933416087,311.19348191261093,1092.412972359308,374.3350524902344
572,1312,2540,63,28925.447265625,15164.392578125,5687.880859375,9994.701498675768,9678.824615166466,6840.814453125,278.1758117675781,1509.9668300124956,621.1439208984375,2026.3001426058242,882.8900146484375,327.4449848018468,369.1573181152344,5610.231059107869,286.8063557558523,1703.3950911442905,33.163859573620705,2858.0155767823057,2910.0536869569946,319.8992174763089,5791.39732336599,863.7348022460938,7245.968249819805,429.9170015902172,1545.120415610001,563.3896376980044,225.51317934912083,395.42791629649923,3338.3513181924345,1891.6095571613698,2138.590469987798,4182.185508610422,372.6459587466556,2305.989506273192,4195.504136359884,275.1492654254922,1120.2453548353253,994.1099402654481,251.02102587109027,2448.671897818911,1384.1086523967836,219.5827837255343,1117.1726676742608,1055.3196910294141,3971.491732603435,1468.254143389264,2677.6377015862886,2644.065592229799,416.19963925358184,1686.5031529608036,346.45715402366164,678.274928894338,2381.196666436656,486.79949951171875
573,730,2497,103,21315.986328125,11621.6396484375,3166.962890625,7662.2826532905565,7117.91169250912,4124.48486328125,390.36322021484375,140.0700513108467,75.36148071289062,762.0064205922348,1003.4698486328125,426.8778955704061,529.9739990234375,2755.784222542945,133.58976198227123,857.6210137061757,263.14500501383964,910.5021080294007,1780.5754265731273,1023.9782208659292,3319.223526951926,625.688232421875,4626.0669851139155,114.67097481034557,1044.9288835605132,257.6336148610664,141.6066926328737,717.8050469093904,2000.951945418408,1280.0561014401314,1441.4008735420239,2864.6681291679297,212.03380258226585,1657.9006470084662,2726.8438728527203,117.24201540628826,1183.943822305826,374.4822256000461,158.7078594675428,1012.3696464660795,962.7880308128499,237.00531853786558,851.0243922545416,926.6071243834815,859.8597368783998,1003.3373131350588,1871.9847607442346,2091.6043039142396,153.67262025734985,1169.7000349394964,104.27548428206966,440.69062075185025,439.68825042383355,257.19097900390625
574,1189,2503,36,25155.61328125,13703.796875,3476.4208984375,7950.755507020505,7922.966277424869,4613.16015625,523.6217041015625,1005.6289544599733,202.27252197265625,1499.8767552019863,1217.1160888671875,594.1777456677952,606.3801879882812,3533.760480820827,256.9897656883631,2363.5005067704956,347.5877526593575,2115.7408514960657,2393.732785924555,1216.6805562427653,4604.220309962241,656.6756591796875,5849.411858288206,186.1702785778539,1118.8475830096122,355.7868356622581,549.025279051763,813.1025216416915,2825.7126224836243,1792.7496041335944,1972.7338722470379,3673.7707545689714,257.44747762616976,2043.687711235933,3328.896661758782,337.5639473233874,1320.488543099018,495.8110695376616,287.2887103291503,1505.064637972155,1296.4927620042374,195.47134733581117,1014.2985593682862,1140.8742145831243,1099.1615973501903,1454.9469851756141,2405.18048628102,2567.6486964501305,213.18058764450214,1348.967684897925,181.50349237784422,246.15891320653068,520.6829132507664,274.0039367675781
575,840,2516,88,22789.869140625,12104.484375,3638.073974609375,8537.933909931895,7940.978919573292,4275.39208984375,357.8665466308594,397.61929456707503,58.79790496826172,1860.4320113122405,969.51513671875,571.2588528979259,568.3251953125,3246.4254143581697,213.77307372045982,1822.04219238499,191.23643572758516,967.6710127589521,1975.877156852222,888.424400710956,3886.199455568774,671.2879638671875,5288.056399619526,135.8869063041535,643.6175559669784,470.42291413200473,417.7037543712385,738.3014504793624,2417.45384016148,1465.1571539456688,1465.061718743244,3275.1866908258107,367.79115562297875,1724.7943681015672,2577.6202962964617,247.8865131325518,1119.7816729680349,438.375220031273,132.82396610148064,1075.2606952771562,973.1894585073862,163.3822299835288,856.4998957009545,911.3549857843052,2376.8068120461694,1148.270761062825,2222.626188366672,2265.408333815129,370.56000388808377,1339.2710935078912,271.843953535131,333.75890471927,1610.1655462343954,291.8477783203125
576,682,2521,149,22184.16015625,11807.369140625,3419.65771484375,8095.0059422857275,7729.175210212661,4091.42333984375,435.948486328125,524.976688414115,0.9317259192466736,1312.873959992403,1202.4075927734375,333.08211797005225,550.8103637695312,3400.6897957827537,304.8704674330391,1202.8348873549232,130.00613448678658,1453.5026148633733,2147.9417705848255,1044.1723561440876,3485.0067410769348,744.2796020507812,5285.876777892136,228.32053791201747,886.9975764079521,566.3204144516658,345.9414762287224,728.1604990471178,2243.153045095075,1525.0556486474811,1617.4922031191893,3269.561333321935,339.21513386738957,1744.075063782747,2387.4315392576577,243.00699445704902,1071.7633490802061,573.4549872357227,138.5318136645895,1172.4807286269815,1063.290232998834,142.276385143899,844.7044890313114,959.8069168146798,1200.5144884575664,1231.9532023949605,2063.2184402942503,2088.6957366952997,178.8637495551872,1358.7915715343556,125.82188067714239,362.7671925105784,798.8528583033993,333.1648864746094
577,833,2516,204,24249.0703125,12997.0087890625,4480.14892578125,9464.086609566215,8526.815257894257,5859.44970703125,157.97341918945312,838.7941736967176,536.611083984375,1707.755456534752,788.552734375,214.89997511080338,160.3797607421875,4558.394160562907,261.7204014701116,1632.4801577604583,177.91221005176388,1674.6090348456,1957.643794580599,303.42962616072293,3167.5618901173384,664.860107421875,4869.050259157871,229.32283257702935,742.0965238093032,544.6728584384136,177.72276360448922,398.6945932499509,1975.998759261323,1409.0251056203424,1846.5073055062514,3072.0562439116775,577.3493447400253,1922.6892896087159,2497.6859695020316,162.21628812182277,1096.6562030000366,817.3718560892019,173.41259914545583,936.3042163210791,1095.0159026875165,299.74678718526684,913.8515234108853,1103.9729122409917,1011.5669551048046,1098.9365946224889,1887.6084683525678,2076.1438791041983,488.2981345314429,1157.2800351953165,279.39726656031337,416.29404441921474,731.7726273695205,487.341796875
578,1085,2560,80,30061.74609375,15580.873046875,6538.1015625,12012.023691061797,10859.672762592378,7865.8291015625,411.525634765625,1411.25243811842,629.1727294921875,1157.0351134229331,572.4194946289062,842.3676499833282,342.2872314453125,5780.240969139815,234.67471850366098,1221.0698431699143,219.8084733806439,2123.3214253370256,2656.2645712082594,695.4706518861842,4837.439602036788,912.2951049804688,6229.641637824275,111.37421678085536,1763.2244435881303,185.46279640877154,352.95808964910657,806.4806954178194,2803.5018799969816,1835.4130011871873,2459.5333873917043,3871.4225124995955,316.74047284333767,2659.63533114937,4049.7984335991705,201.02669931978883,1225.8527117356516,1246.3666184310775,128.6647033006843,1688.0562131191414,1465.6921773200972,151.10725618008,1350.3598010588912,1312.3502002265052,1812.4440266843437,1467.640314674788,2434.7308494026584,2871.146482387258,494.24662048989444,1581.688380746821,412.21474021058043,303.69538318431296,1018.0248743479432,535.1868896484375
579,1014,2527,97,28772.052734375,15113.7197265625,5185.0126953125,9374.091739288968,9335.251489827788,6281.8212890625,126.76593017578125,719.2497830629899,419.98724365234375,2156.2940614533154,1098.0537109375,748.632048512434,589.5433349609375,4569.655629465715,335.3873305989846,1674.355702614284,211.76656736084075,2787.281131708163,2882.2689591363574,1440.698889204882,5347.781696339367,989.38623046875,6832.248671837784,300.3442554105739,1415.0297340874733,990.8308542264677,533.8219646233084,820.7195855599758,3226.393081436695,1984.468235671054,2367.918205168645,4181.122727902769,483.87946849637456,2599.978507094403,3813.8647728360693,459.9540210956392,1564.2221099104709,757.9118778575598,272.6732398033363,1740.5019678614083,1337.5239005369035,279.401891731331,1001.9461077521378,1412.4052086209365,1587.0152158612264,1566.030407198118,2748.508626183159,2826.5629621532157,393.62547274697613,1687.2890790282604,315.43082825682995,510.3031537296057,984.9160975876648,516.2136840820312
580,1236,2572,134,27682.28125,14324.8994140625,5537.9443359375,11072.982786640654,10106.617875370552,6442.189453125,49.335628509521484,1403.3442186532654,497.2523498535156,992.6087688630621,1122.359130859375,903.9433456403176,235.34625244140625,5262.08301685255,196.9243794448301,2086.437062384248,171.26108050685428,2085.7695707609564,2562.3449194353343,436.6701636967814,3950.60123751331,706.3612670898438,6211.749873013154,19.959898363251664,1386.1359887031572,291.2636325899041,177.16090133418038,579.8785079453685,2411.397317379259,1778.0515310130677,1969.7404253311536,3820.5411621729572,91.59469488128322,2000.879172373369,3279.349418564787,116.37535071395607,1127.2169321716926,951.461759294554,112.50446248052504,1446.228587541276,1454.614229288595,317.96028352420683,1108.63955020243,1099.5562086020582,2827.493872908879,1414.3208758059106,2350.845944060586,2627.660075524684,302.5569591444339,1553.7728752143214,296.7397806574634,222.0873976404915,2089.5011392126476,416.97265625
581,918,2561,133,26106.408203125,13286.412109375,4819.0576171875,9432.365425944485,9164.720179695645,4768.0068359375,462.7977294921875,407.71734958039934,163.67861938476562,967.0357919980769,923.333251953125,574.7448293784608,720.563720703125,3956.379096349891,250.39626731654437,1131.616880994643,294.49476783860877,1837.2509091267386,2651.691604741019,1605.773269128368,4838.20579506214,766.170166015625,6639.6626446622,139.86907074009505,1012.3202795409325,448.8225978130834,540.5098584216939,843.1924003297398,3029.8640323515588,1840.0836183885488,2181.6155789832255,4006.809367102843,98.63970745037909,2096.149114886228,3108.943986013634,421.55245920805055,1430.978381915899,556.4643094874485,195.62436084617497,1763.4883469198028,1241.5311508095756,203.57661072513,860.5622685373528,1174.4435690391153,2078.4660665624538,1430.304945019779,2665.0145374701247,2696.844332029421,358.68992816407604,1603.7756239061566,280.9038819379935,205.69049004283025,1407.85735143006,294.25543212890625
582,938,2624,40,22329.68359375,12246.6591796875,3716.978271484375,8593.668879793282,7536.777960769421,5095.75732421875,59.04489517211914,1492.9302217556194,223.2429656982422,1027.8599621085016,610.3460693359375,986.040882769725,341.86474609375,3466.0481732323697,359.71399225240947,1482.3466952468084,172.5544967358702,1945.6538235894702,1804.6677650351626,674.4910452546736,3877.8770605318746,553.072021484375,4606.753575092463,305.1956261314863,835.7550725970192,624.7997211109415,335.4116497592687,516.9082976597252,2159.6504636461686,1251.9198677405254,1527.3619926423407,2800.0374172279094,327.60322713801366,1790.9646910848985,3026.25918247829,175.0526348080816,1183.6292277378798,499.09276548188984,334.4119641613169,1237.0815584111601,986.5656824661228,340.013504892607,850.8089687768087,975.4736800558753,1815.9040657964058,957.0428324731213,1793.9154522823183,2136.1892563043284,513.8839501353464,1129.7294651287516,277.942948799768,546.5633106578682,1216.9670199083912,314.06329345703125
583,826,2567,155,25157.08984375,12788.4375,4813.79150390625,8184.872248862767,8253.353578572565,5091.25,89.711181640625,568.3765514783437,43.10029220581055,1302.4237171243208,811.4752197265625,623.926232290377,668.6063232421875,3724.225625701452,195.25222851110138,1583.4102218106548,345.34917190623287,2317.4664200764582,2434.798080451805,1737.4012693800414,4766.431753263861,790.0091552734375,6120.72524704558,247.4257351834015,1330.3192711824613,436.9466297499491,479.43805954773785,1010.6890853041116,2905.28320384246,1782.3442121523738,1973.7307396495821,3826.556813882877,309.20467254760854,2240.798648634098,3526.775367946483,161.81052796376548,1324.9060142101666,629.0329164263395,152.36559643593273,1461.1073715743569,1234.6477053554386,264.8376671621472,1029.3008526546723,1123.8085957316787,1266.1029724985833,1452.296191476727,2653.8021784598127,2793.5879974679538,261.2169063706716,1568.6868805638728,207.94823149111096,476.44135058023613,1052.7149388195376,343.7801513671875
584,1007,2576,200,24718.978515625,12643.71484375,5423.85009765625,9892.557836622611,8940.590541360325,6245.4580078125,396.43310546875,918.2833550167725,611.6446533203125,1378.5492157330405,370.51458740234375,652.065044330341,162.50930786132812,4593.952142355938,149.49063644716827,1489.8686600685846,283.36280465158706,1569.5351682087025,2021.6035189780912,386.91721209767445,3385.2316431052373,727.5283813476562,4910.940822665693,101.74699620604717,932.8409028894009,399.8153322014144,263.0239641293668,672.645572981014,2052.0908437297044,1519.1033528069895,2125.5389226318484,3201.5615897001976,373.4699470750678,1960.5102542906511,3054.0451081094525,204.61010687510174,1264.4412020901627,812.6867875875969,208.41261309956434,1099.0012137866497,1280.0021326857752,230.48550107827597,1185.4522492256253,1196.6869496445747,2064.677294719187,1211.6173666824313,2040.8027551497264,2396.041212452943,140.14197514703483,1190.8274861316345,260.59890199780625,443.34252700261953,1460.360744088406,544.0531616210938
585,741,2586,186,23509.4921875,12008.2177734375,4565.81640625,7697.763881777186,7794.3717536068925,5020.9951171875,52.60404968261719,572.5864232174599,92.54872131347656,869.2721672519219,717.0823974609375,887.0191734474889,696.3748779296875,3665.02544241146,321.85982127614477,767.2044046327926,319.0169946913599,2089.1881017261912,2439.1444787810774,1222.1260181114853,4349.1280531151015,826.7271728515625,5633.753151449152,210.54734299682482,1450.1280370165844,512.6045157675898,349.5668342245134,656.8376690268019,2581.742750165027,1700.0069820165832,1947.1111525165052,3518.069730007795,529.2273071157218,2073.3619413541815,3599.881436793779,232.8779193185377,1193.8920805645257,720.611558851316,208.95598574925708,1381.47383488806,1212.5359978796218,219.758176824433,1052.962537032871,1046.4772946036014,787.4784474036138,1384.808541846168,2307.6038385202896,2468.097959744176,264.9452876201921,1482.0197127428492,213.66860327714556,281.77849204123487,494.68124640719975,327.9324951171875
586,739,2604,75,19794.533203125,10906.814453125,2513.71240234375,6731.371586643221,6407.682355124812,3348.529296875,828.664306640625,689.1505165881889,456.23297119140625,1399.6067899633854,1178.724853515625,722.0826986594595,633.020751953125,2437.1972829855713,192.13922259552385,1925.585140688279,224.15002368498227,1152.5018056701933,1749.1352337692372,1457.9045850648256,3489.7768044753425,553.1401977539062,4420.409423875,186.04744292873417,1153.7803295013748,297.1002602583612,303.15507934930935,832.4924574637047,2100.1024221189305,1282.388719859782,1538.1041509219233,2760.8577908008474,204.60201141010987,1689.4732522653203,2766.6570181155294,115.19156415445667,962.282684631303,480.2107014055891,201.5956945325049,1243.4242005613305,1053.1186701849072,343.5963138262062,802.6747712800093,811.7073734594072,1290.6924177077938,990.2134878964541,1800.035070932157,2003.7549425378086,308.89197615620117,1101.2084640919916,186.18366406904985,446.848407949539,875.1211531134655,155.00987243652344
587,1158,2625,70,27348.162109375,13555.4609375,5365.69921875,9311.708144166012,9433.734618404333,5102.44091796875,124.96401977539062,1317.2649966051854,25.49217414855957,2309.3635478758174,702.6514282226562,873.2032545225254,717.9813232421875,4497.587090379708,434.59216996446645,2546.1276752095114,344.19603070156245,2626.5468799289624,3046.505701676498,1249.2636363123938,5437.987961182566,786.3934936523438,7173.463103392915,154.58414987480168,1310.3044787810268,1252.1255859337887,506.3409186631008,798.610995369441,3398.0296311007205,2222.5997185637116,2185.627115247879,4480.840638486838,568.9423271712737,2149.6429019212273,3743.0859693849434,290.62882224189883,1359.191463247349,653.1288899163246,152.6262307898351,1833.9061059673093,1319.297052983821,218.05750475653056,1115.1674715525066,1149.5696211091276,2806.8047817287675,1858.6715659638076,3002.413699701513,2830.679046421018,429.49241415863986,1687.162491379966,239.11832839516129,333.45052611095383,1830.7044528858028,295.21356201171875
588,873,2654,128,23626.828125,13208.91015625,3472.648193359375,10506.947182847844,8900.98979489213,4766.61181640625,598.2806396484375,735.9868005823605,123.07991027832031,2023.5182240941688,1165.819091796875,1629.6140557013111,262.08355712890625,3929.787002574307,501.82228817938585,2219.7777307530714,555.0676953622108,1479.4404596389784,2388.2458670866977,644.4104879963903,3171.5787836453896,662.4713745117188,5032.122049677503,155.45684922242972,1442.5068084516956,1171.0791113006346,191.79487320971734,827.1931555552078,1780.1865627572133,1388.1890211188504,1626.1383603195284,2914.574164166336,266.61202877682865,1820.046653990242,2984.084766564942,212.12851660933492,884.4671966698256,955.6619138518545,194.21353625128256,1590.4990828970142,1289.3202487770766,303.95848778793817,1166.4388316226493,901.1048430390439,1481.9966528868708,1151.3875905981665,1776.3508753861931,2195.970039540714,522.6640976995038,1480.1928965205107,429.03858622864647,500.7422821175765,1239.639195077096,387.7650146484375
589,1113,2651,142,25727.033203125,13679.154296875,5148.77880859375,10129.52473472047,9102.56947087638,6422.2216796875,309.10784912109375,439.0464422127392,650.2178955078125,2132.1754851620135,588.6128540039062,804.5941212551385,182.2423095703125,5122.017287325592,193.39382261830806,2457.227395745666,353.9268946751316,1949.8087860775513,2213.0377110304153,602.1202409157867,3802.7646643340595,765.5094604492188,5583.901024818764,248.3700606998091,1581.2406641439698,426.495754601045,185.38170150496407,367.49158484101645,2085.593110919802,1439.7191433420414,2276.276913585132,3257.875195255248,363.90834981508004,2244.870779614104,3552.546334160707,272.4209953136271,983.8366647788465,1278.6472753149333,269.3471675108931,1900.13266483901,1364.1072865190476,321.230972286339,1273.3867380145696,1142.556441141186,2563.16014802201,1158.3905511451574,2090.0285490664355,2620.9884626324074,176.75284018443327,1569.782991176547,324.015583800709,575.7692983935708,2012.3836855537195,578.617919921875
590,1032,2683,61,18774.265625,10209.513671875,3405.42431640625,10782.467106038861,8315.693716210275,4092.736572265625,754.3766479492188,621.3999751548633,85.47393798828125,4980.515933616739,705.997314453125,1808.1685024193728,128.04171752929688,3337.3247173175223,338.51684670788006,5036.462069943458,125.75587135706698,2039.7582643380767,1387.557459175697,518.0566446465021,2807.704951020473,528.7689208984375,2936.1807028151907,160.7166858079578,769.3225518303686,1534.5835742017025,232.995647017843,984.523499812953,1127.4314847064022,728.9501108423628,1677.1573198808483,1847.6756310057656,787.853449911711,951.5108966714893,2951.6896067064654,149.74823954171416,1164.0611922224552,877.5250042539734,371.82797694260137,1265.8436215472282,804.8329133152422,539.3658339220821,1205.4403656046738,1072.6521102712177,4299.181231249675,505.0516626632764,1288.6917508843837,1478.7996752257898,611.9263155024117,963.3023940238204,375.22449737937194,594.2744236503661,3464.2581127211806,448.7245788574219
591,837,2694,44,12840.75390625,8174.91259765625,242.0221710205078,5563.075608274439,4329.666520187978,1710.21484375,727.960205078125,1606.2875128623834,317.6637878417969,4884.375224649407,907.8450927734375,343.89276955413897,337.7695617675781,1126.4642489888038,219.538495612073,4333.394578121886,342.0223307319309,1590.4612241918953,644.6767552265375,875.617073852613,1765.4182316982517,443.7989807128906,2101.4628648264666,296.4510210664152,765.8662310900456,693.2962016593608,284.028370286503,669.3342648527291,990.6192703975522,521.4636935183939,896.5835649915862,1315.5835777444947,639.6041833232623,1082.5374586703304,1545.396575773308,62.673247085789704,784.596906321847,382.3323194884538,184.82213512347997,849.2539376718952,523.1862796943511,226.2595013948528,426.24846498462017,765.6454188004919,3741.7238055491707,446.7359659115697,1001.0269257794203,1225.1054376346347,199.15348144056827,631.6760870371389,482.3809963104251,333.8243536650519,2766.6409762849134,333.00543212890625
592,1227,2703,132,15780.0546875,8405.71484375,2589.7021484375,6946.719754555822,6054.761340141946,2884.04248046875,84.1103515625,1957.306303600424,157.03919982910156,7522.985594886842,341.23638916015625,989.6745042861962,232.45716857910156,2328.914285592543,471.19595728849134,6993.4082914561795,246.15970020193095,1378.9141263823299,1313.3873759745452,1340.2008355494334,2309.7932934689006,555.6951293945312,3263.8390424754307,341.18048237662015,1054.7548884519401,1220.46811562465,220.77452545153383,465.51158757531135,1469.1608154730852,923.5540036633857,1830.1979954472845,2072.371912324172,673.9238968890901,1856.9262334569642,1764.1422175221871,158.48096487855548,789.9513002613561,786.4240815511024,203.69083300211207,984.5940927832273,1032.9443941815102,378.7059383962783,913.3726016740635,725.472291625304,7025.307478130003,891.1373588414873,1521.5756012686059,1967.007517053782,508.3740013829223,1243.4568233088908,519.3597041319433,295.2507788236548,5044.922264506767,476.0401916503906
593,944,2711,101,13183.81640625,7100.63671875,1936.0592041015625,4906.535710030372,4590.87111314802,2360.1396484375,25.30747413635254,2559.2633359613806,33.535953521728516,7196.087942225045,220.94009399414062,292.4196688791428,399.9190979003906,1495.2933180653054,370.08243715822783,6328.273913570301,379.3598930819577,819.2264982247178,1312.3123434193774,1051.2395121688348,2402.4937607641396,458.30255126953125,2974.9292697056267,182.05806037768673,979.1707457509403,533.5612642094529,310.364605923286,443.7152004701331,1514.5484147051172,957.6536007086169,1257.797429954162,1914.452632697705,152.53950004256615,1562.0166779858964,1913.3880661129085,228.2004993498068,600.7677153886422,680.1441780549777,305.3131490416441,925.9063081949593,937.6592058264679,413.009738752231,706.9086481848327,546.1136875275538,6278.106771219281,886.4899875181457,1405.728164737644,1738.6441184060568,657.8383471269855,1040.2733818118236,374.8847773510695,134.4213494401146,4404.812210649725,260.4698181152344
594,1111,2714,88,14271.8818359375,7512.27294921875,2449.14892578125,5093.005573310721,4806.716960464907,2655.0205078125,162.9876708984375,2887.3556468758006,24.1259765625,8058.391240785648,320.7449951171875,352.40981177777786,366.41552734375,2042.8733241400475,379.5752873338551,7054.90781610237,347.427122457962,1226.1905258526067,1158.891576526586,982.0486111774715,2552.090333614648,474.4581604003906,3140.3292221820393,149.53689732857094,681.9992650576155,486.5742119581813,312.0497786919071,417.2801198547754,1543.0983113575612,847.0167307623915,1415.40248257937,1948.4564368607423,252.8878847470049,1444.9290145366845,1887.3977281956675,287.99832393023087,713.4560433617884,541.9136384229062,356.4540468937448,1012.3774920722518,1132.815089568006,539.8982290465519,715.8396241410472,591.6833710376139,6975.144105300575,804.1515270811824,1420.6253821603468,1860.802988389369,923.5704390429748,1151.8890844311861,417.34254845550856,159.26688848055704,4773.5465874965785,218.99667358398438
595,1385,2046,61,31427.60546875,15891.7490234375,6744.76953125,12238.504018796018,11224.856915964243,7239.3779296875,87.85835266113281,1056.2011002354232,449.1336669921875,714.6289243643981,771.64794921875,1227.4006415580081,378.41607666015625,5005.968890277396,285.5228222332035,493.13388105419796,277.1283211500487,1496.0396474856702,3161.353497538947,1000.2622774375014,5768.170601411619,795.0865478515625,7650.152491553417,352.05649540359326,1587.784486009713,485.85946412044314,406.61336291043244,909.582132117172,3419.9264723835877,2115.487463989615,2283.3678764955307,4569.450027548263,430.0861305483024,2335.487477104501,4402.396795105859,243.49431970059365,1369.313297138451,789.7283795468669,299.791559074788,2369.150547348968,1696.6469997318761,389.0768990831317,1524.2026289251144,1201.718016355364,1286.520807016226,1598.0891672625917,3020.4433278821316,3033.514647520597,351.44759085471213,1955.2862257740285,287.3267847938993,252.53501901252977,703.3096036956214,469.17376708984375
596,1582,2053,23,18416.990234375,11206.35546875,1907.07666015625,4375.226945256234,4363.300550652383,3857.7705078125,148.85910034179688,1543.209060936282,513.5172119140625,4200.656643624596,42.54250717163086,1071.4087464016588,1021.1417236328125,3310.880050456255,516.2633048836854,3633.2768880829344,299.0412956392399,1816.2505007302673,1248.1147714647886,702.9197250852064,3888.4989242128727,998.2282104492188,3692.5988547360976,230.40699513184566,1728.9146785673063,1514.803393924783,445.4734020767556,484.3742905306543,1991.8675681916038,795.5264197063697,1883.691621436022,1978.4453828063997,774.6634876592298,1594.1278035137677,3446.026175622703,300.51815243603903,833.4138412056591,593.5318650117272,294.4772526567633,1409.567760232954,687.771476289818,478.62740224187615,726.1423225706608,1011.8977725954937,1939.9674612859815,699.5996298722479,1584.4615019648445,1784.8067194869823,653.891721476274,1027.1953738558013,334.2658469295576,593.8104383444525,1327.5400611373932,488.42962646484375
597,1580,2098,106,11868.193359375,7681.67919921875,481.5897216796875,4039.265922678118,3613.0801283619658,683.0606079101562,1068.711181640625,415.38629606347934,853.7613525390625,1459.564014520886,1071.109130859375,144.0432532778898,815.6480102539062,1032.6352238024647,160.0962534510518,1688.121177149069,119.83620474135994,566.4714399620684,1085.1821019769475,1015.1286951214461,1591.5803439397557,605.041015625,2380.325737256126,82.63135128171017,455.8919472734403,243.2392063496578,497.0997994684074,570.6405622569354,1105.7881126685947,791.0743086517937,945.9152385628563,1524.590019613168,131.47314268263736,791.9786769937281,1111.8366450990638,367.1932694100461,475.1351273438663,317.39594765332754,102.58433241314165,466.2130911309683,510.1434107684308,150.53235359918853,325.4445889670196,465.8963228834073,1077.854396643572,651.9987419102791,1026.2204047052326,968.028791942743,180.19504181128508,561.9500856381978,162.40706921162717,176.6920451795747,1029.8430993856325,227.30029296875
598,1363,2086,172,15628.3759765625,9125.8525390625,1220.6611328125,5356.405300056411,5053.755982057665,2219.46484375,918.2110595703125,593.3722198864472,531.9379272460938,1791.365406906965,1150.761474609375,280.1543825390914,593.6366577148438,2398.3705752694596,145.21403214306292,1846.2709941242576,180.88758448494514,881.7232402388026,1268.4709082482939,529.9509080613637,2143.7867840554977,488.961181640625,3290.834336028807,146.79425761835208,504.9093019289922,253.12685219871437,180.15366612691648,377.62098767056307,1342.4983945651802,912.2160075215529,1126.8818909209676,2023.8820081372287,253.5164100139751,1104.4473350353908,1576.660957842159,151.57205971224502,639.7503445594186,386.2622362286929,132.7362428526913,704.8933014046115,642.8596778776285,72.79809235714106,515.3011828744978,564.6168855422701,1084.166643961757,705.4830815666528,1263.169268308969,1324.3479165924725,217.66197872679945,791.4148715095299,151.77326213775865,93.18505151589036,875.5487115040331,120.60722351074219
599,1506,2104,29,22706.9765625,12743.998046875,3000.3994140625,7167.789751835276,7029.130882641679,4557.00390625,417.3861083984375,946.4972077240119,250.5137939453125,1314.4353049298948,1096.112548828125,598.5559492528253,726.4287719726562,3123.102272369562,217.8075874651842,1675.8127201036018,392.1251721523722,1853.7344789645035,2097.3107986132695,1705.205378933078,4396.8743218688305,648.6212768554688,4925.941149956333,97.05999170486844,1676.5429471205036,631.4583559855433,656.8310454980546,1075.4672470230814,2541.2310274813008,1450.265772909797,2021.5801326624817,3036.5107245407544,304.91075859133406,2166.777712549126,3519.4482869693743,281.51127654620853,1193.3704818649612,831.5648201591574,338.9474551231769,1431.1530648042908,1106.0180006332353,278.79964216119726,927.1222214338894,1151.2696434787956,2128.6907998345328,1109.7004957310094,1924.8211351357616,2228.8999980188773,541.566687842965,1184.986578412202,374.4657096051277,422.8363865394204,1661.2022056559995,107.8667984008789
600,1475,2187,78,24566.9296875,13557.8974609375,3980.847412109375,10244.480357147664,8879.367410570601,5615.61376953125,332.1968688964844,1740.097719082145,355.96343994140625,2945.6194249500627,1108.176513671875,1682.5053588971864,60.9581298828125,4671.062226493263,503.72289506019746,2796.7590828965126,615.484857504747,2219.0781655661385,2263.0571566897784,499.0782023323696,4346.399417482426,409.734619140625,5193.929140565653,148.70089425717137,1340.6640283396855,1506.7836280499114,278.86434939279974,504.5717052871386,2387.945242023087,1485.5441888438932,1922.863918886948,3094.073450051768,273.0927137703741,1974.6885958521427,3218.3636923377776,139.47017443546827,991.4150628414483,935.5764848150598,278.67833400341016,2055.808079890276,1057.7838499598063,674.7755554049575,878.6676381505507,1070.8904018377868,2545.380901344746,1179.207603315434,1995.0676095782383,2300.525556011763,376.37041018062627,1280.8516275268648,241.66600898486178,408.2183034671742,2051.381817134412,454.89453125
601,1379,2210,60,31477.5390625,16481.615234375,6152.6875,11170.798816074932,10602.45675832412,7468.1630859375,209.11053466796875,1511.7077751404215,696.4957885742188,1843.6021662076093,1019.4161376953125,1527.6413159802917,213.44406127929688,5357.433978225163,423.7453370544296,2058.2560283664707,528.0570725799798,2197.6607336185293,3150.702649023249,1336.1567982145848,5406.102218269393,759.5101928710938,7172.310586809441,90.6978334450876,2094.01796183932,932.2901518273288,338.9033249811905,733.2065414815395,3093.179960191298,2097.292258449497,2353.7368226062304,4357.736610756006,696.7637613399846,2478.7996515589825,4625.650387977836,188.4970736855386,1484.5929932306153,851.8857917684629,257.69655731433164,2176.8326415541815,1568.6422727161548,429.40586369727833,1481.938652274086,1264.642201772297,2407.627632345543,1522.342541220551,2627.94335330943,3091.7806370904664,359.74237227329456,1679.4401573516716,340.6553996556169,329.23115371964224,1758.2754388870226,463.3812255859375
602,1376,2173,113,23688.71875,12323.8056640625,4209.703125,8259.138723111006,8133.577708835149,4558.72705078125,324.6723937988281,1828.349179082681,60.22325897216797,3107.0030252716106,903.7662353515625,931.1418864291973,474.2894287109375,4214.537697757689,193.89226629577823,3652.414827507783,300.4790418493827,2107.9877215991123,2244.2634915303297,930.6450983275591,4022.6104912041606,635.064208984375,5540.373928344685,95.88056820720907,1151.8954778911432,949.2693265445607,110.47044883953113,585.5441254596096,2401.7589823803473,1542.38549120707,1890.431204639275,3393.2062111749924,426.69731955700524,1910.8404294162274,3148.4749704535825,128.69208606192032,1173.3671954329177,624.8764134816342,260.55859079823324,1443.4496583097432,1221.5746468532188,361.142405805519,1104.5153235181656,1028.0884748301935,1879.2289520587963,1202.1443301675727,2180.759225341614,2365.1840690227104,462.9441696490242,1472.1481883932004,272.1946169146123,289.9425039890319,1508.974228562674,268.40374755859375
603,1958,2250,111,8403.064453125,6532.7509765625,1137.5938720703125,4629.144091722213,2720.892007257606,1297.22021484375,505.57427978515625,617.516839540691,106.2557601928711,632.6362831102612,1040.46435546875,216.38378016047346,74.7864990234375,2030.982665515629,245.6995161047611,275.8670318773726,272.45124422446315,3487.46438043684,597.213538962681,966.949499963459,1841.1275901088784,174.98971557617188,1323.5446049465236,221.28415547203082,902.2272608704266,392.37820098225063,279.59086701195906,397.75634077560034,774.612404530291,275.43959948579555,606.26458478,621.5145460493891,393.56532435464294,1120.492961530542,1797.1801004889428,177.84506222771174,327.0033802007757,780.7641267064275,241.61198778371534,1019.9534031736417,320.48112182255704,423.6864558282697,588.5178375983469,238.57061696750986,480.27180998451263,195.49058393203578,365.6064908477243,396.50803603277194,424.370262852318,295.94390547367783,268.5512902974334,468.4988274993632,202.03073594044096,196.9312286376953
604,2035,2253,187,7099.8720703125,5810.0498046875,1736.739013671875,2170.9450117835763,1524.8152026730033,294.215087890625,815.55908203125,165.1178920982005,351.0697326660156,274.8866370321643,1179.2132568359375,469.46489730572824,186.88128662109375,1870.3554906831455,326.83082825240257,258.8009897114509,332.9756232929117,1999.165566374674,289.6504389686745,731.0523753048843,724.948090037938,165.5599822998047,809.107524353935,146.20400267865176,869.083089188166,384.54621164816524,226.02558162526694,430.8901306438695,361.77348431967704,203.37754100749495,550.9061375514384,481.1794168138946,125.58169873526404,458.3935296170011,835.1858076509685,195.71149335051842,327.0504216319225,285.5437836365059,215.77201596737447,328.85701489485905,171.66067121877867,184.94325618995407,280.1965141648537,293.55094538975067,589.4210013862587,152.47663962805458,294.14286123413814,418.6766914125297,240.39064850185454,179.94845075821556,154.18360196780208,662.1576021877062,224.4279286938741,129.28994750976562
605,1768,2254,178,5810.95703125,4491.0634765625,1268.44970703125,1526.46600493266,1356.3968150818523,140.06370544433594,714.70068359375,636.9190856156417,506.0939025878906,731.6877748903537,691.7001953125,416.6066377938196,395.1766357421875,1449.01414605583,202.78413845017116,454.1354300683845,218.23813850221137,1076.9713424370814,329.96965271274615,819.7652789140734,477.41395951082825,302.33953857421875,860.9473150922742,199.976146436427,343.6793001799165,285.86153941952654,190.47578476382637,247.85385405454775,314.6942953897143,229.1646450753415,452.4178034090789,516.0725333394887,271.7420411773639,668.7486494907937,360.98606511133505,133.63300250198697,313.258534782203,461.9248396841449,289.62128008541754,231.5665149130365,155.68746050912705,377.2045090617059,330.2142610747046,298.14568509707516,208.930427576208,174.05394617802318,317.51802876332977,343.13007621349806,237.29090759680452,208.5600182124303,241.10475864134744,266.62207526442364,133.13248399393555,180.01956176757812
606,1721,2284,92,7275.20361328125,5579.00927734375,1542.1739501953125,2380.80442084436,1911.595549229997,111.51338958740234,1138.029541015625,413.2062353738172,756.4841918945312,410.31447361002074,1129.687744140625,250.0230677821231,464.38812255859375,1229.4432240819401,149.17720058662124,457.53336833785875,174.73332439618545,1135.4295238026325,435.2547243794811,767.6299801719398,636.0255252602905,240.5078125,1085.9549382966366,132.5721238818187,346.8016347925921,124.49416260130988,605.805120173826,679.7703294334565,401.7613727571399,307.09559241317913,350.61036867301686,669.2875377133782,187.41597687688622,310.65758760653415,564.8661933941083,364.7928661359269,271.62117231889084,247.82678416731815,144.91649884709122,250.16538569934033,210.17084779708924,198.56578671390815,212.34450216773706,273.8261445352105,347.43203708491905,238.39512650186774,406.665893580334,432.2574994389864,214.61305422793458,266.49697629253774,242.2043406143007,426.42511984861335,281.9110861287042,72.71702575683594
607,1378,2356,94,22239.302734375,12624.98046875,3256.93505859375,7479.188645425942,6800.855708153756,5523.69921875,127.4609375,335.1734783554853,384.5664367675781,2244.958788611827,1031.6556396484375,713.413422690265,253.6132354736328,4123.684642578177,295.8389824145308,2236.8850193075095,306.7312813260188,3250.183760752061,1720.1902282118238,666.0659439051135,3551.138307277476,578.268310546875,4366.910707402245,83.93114025295473,1419.6804873580024,696.8581886704494,193.9904607010223,408.7671234381148,1988.070324293688,1273.2514547965504,1499.3955965371497,2731.1450783351534,224.81657641713488,1894.91807610098,3180.774424105228,194.2431642579077,1123.2479994599353,673.2730203979813,112.79395279856729,1083.4435862241767,904.7283361177821,409.5575059720021,885.2012835742512,1109.0528941614275,1647.557515508755,1003.0167171185302,1693.1140318741054,2032.8428080562783,328.7993983266689,1025.7644063753457,292.078283135982,461.09638929158143,1409.4346407219873,360.767333984375
608,1616,2342,39,11701.498046875,7864.49951171875,557.051513671875,4041.442026361925,3387.6571808647764,1098.0751953125,734.4796142578125,537.5479141980074,326.3576965332031,1001.1162142844236,1056.216796875,488.68718393733513,304.7119140625,1962.8094897299131,249.05860767636477,993.0176791242942,360.19620235880427,1701.3979731020959,797.4996565383728,1347.1367824986025,1410.0378707965601,292.07470703125,2052.3086209095786,135.00547116045712,871.252355023113,303.0976101005317,121.71765181993104,399.46901440696104,858.606314434248,573.2626698562206,1050.6555645749156,1262.6282497838506,346.4735756860513,1028.800202639265,1129.2133976806585,212.31611197812109,421.5586609592855,499.55505787868356,179.65332369681067,453.26968185619234,414.10376691702777,390.2884811627474,567.8252587036337,374.05009751268193,665.7568905314073,436.83883665557147,781.8085687411303,905.4479617602414,396.99784225134124,490.0270634421498,443.5082620078747,545.6154847897269,541.644346762144,170.19053649902344
609,1544,2345,158,9380.404296875,6277.0849609375,382.62762451171875,3989.7255243626432,3050.522028620867,921.688232421875,555.7407836914062,162.93038403702718,279.66583251953125,763.0699561562317,791.5277099609375,340.0285746060998,327.81134033203125,658.468611806882,187.72553968530792,866.864952239369,174.24424605871857,1344.956249828951,636.9425252824573,896.0019781802982,966.1527863072117,366.8185119628906,1571.2314643897275,182.77264549105428,756.2855482615137,357.2135890554244,221.05744734499982,462.9452488219358,591.7094955919256,451.49538332396077,592.6712372479981,987.7902122591667,236.28310779579604,701.0987789800035,1051.691352264673,118.57215905305941,444.9209389335695,201.7696798753507,132.19711846455144,335.99156930513243,291.6499355499053,122.29097329517593,318.19394326010286,398.55811843569944,682.9019076804616,343.66617698969355,625.2437248197228,718.1580696802426,159.34457754658447,402.8354552884647,108.31933949776419,295.03987879929934,506.03840287817536,256.1763916015625
610,1964,2398,126,5572.6005859375,4672.5849609375,2036.9454345703125,1649.7125424723947,1366.3625654876184,962.796630859375,1082.75244140625,76.28059984009093,1046.093994140625,335.3909907804873,747.8807373046875,128.356961182576,863.6898803710938,409.6001217699639,182.14813867687678,408.6386176620106,193.51406939903114,423.9700939899417,324.2049621205142,571.7617362130618,526.7944270410804,496.41302490234375,808.5903971690108,154.90529748754966,205.3646855835476,89.89481781441779,263.31667543641,231.69179723901885,371.10385101551753,200.76371926094123,441.35965933602165,487.09991165645783,141.86644219541108,257.6568183162163,305.0150787551632,224.55063661136052,241.64147683015688,197.15539105748354,114.30060631717454,164.95592952043586,142.58392621475886,131.24582081197138,126.58288762614316,207.86632686007871,224.73566124994943,185.9626584747216,397.0071505257056,313.98459638132897,125.88678635185578,265.9457195440718,136.9972386023192,207.39917811742697,194.68005871199364,131.9683074951172
611,1520,2507,107,17442.0078125,10817.5869140625,1307.380859375,7799.843251883002,6060.0089442532835,3497.251953125,345.59454345703125,2760.3350369685495,139.51260375976562,2283.1260929139953,974.409423828125,1269.5755867253179,187.3928680419922,2714.8720232094092,390.60401748657233,1369.4813081303378,524.0146882279265,2796.074141918615,1286.7625439404926,571.6172655518609,2737.6968062240285,586.1378784179688,3203.264979950833,171.12798457816862,1021.2467312024934,440.8960334692562,374.2063362150236,694.2415063851979,1423.0345350325556,769.07364683784,1262.598526062404,1817.9005275312581,723.6668702496165,962.289975576933,2232.902029484847,270.11619471408926,757.5120259301153,429.3396027309328,253.5101838791392,1138.6614350705922,746.7471106360003,380.683423450989,771.4231041541956,668.92159461342,3301.789182376112,557.2367601008802,1139.8767831015455,1461.9735591586573,384.24232896389384,896.4090026875474,235.72046401971522,581.4534829289177,2159.707048641491,512.9627685546875
612,1936,2496,152,5283.068359375,4286.5595703125,1587.418701171875,1938.8243674937225,1439.8942277644298,468.5899963378906,796.1102905273438,217.30952804565635,497.9454345703125,339.0406323488155,806.7669067382812,167.98344333660444,320.0195617675781,1179.4950351554858,174.26691619722502,523.2135816088951,240.1869321994636,1256.141037385233,478.5254590802902,1242.2020352747584,679.5600384935493,182.31680297851562,903.7104185051847,53.93311824215533,574.630184760491,339.6538968023004,156.26155104092473,164.3884792142006,489.4651349992642,253.98721825712258,916.710109454419,528.5247599676691,280.0542592151079,635.9354980896406,472.7726747848342,219.96407175807408,253.92318309156437,456.6572074372836,111.46772453223541,309.4528467178042,166.22894539017207,210.45270011377445,405.23933101126596,154.61299210577351,361.2354928595103,238.16054088134715,468.77482268928213,298.32831629979944,331.8046370159625,378.11960847382994,288.4633647121808,420.3217373188365,407.82505093062093,56.376487731933594
613,1771,2601,171,5627.40966796875,4278.2216796875,964.0306396484375,2066.36973979027,1552.7287008590522,256.60675048828125,579.570068359375,222.36380964227416,309.43115234375,331.4869958696311,720.5411376953125,177.37202829872118,214.768310546875,373.17300416992236,157.28068425951918,248.16083371910324,175.68448426496232,697.7976614124404,308.75899714508597,250.38491700434736,478.84306962227134,185.57080078125,781.448655283941,102.48757957656439,272.09114605819775,163.6258653532945,85.13042373530214,221.274012285038,273.80474150637747,204.85919797201896,254.47907325529854,466.9203906942428,163.93765709082174,349.9468075732445,470.5474412143148,84.12076991625229,175.03427211571704,212.33594635727462,107.568341756808,228.21379607094667,178.66176700011658,146.81525535902443,131.57171308462682,156.62428589735308,221.38831529685328,157.41012965839036,274.3958426709652,285.76474958758064,124.15783120346451,197.97005470437367,122.6552521938804,225.80198336499296,63.72883601151241,116.57244873046875
614,1490,2631,59,18078.01171875,9766.7763671875,2703.146728515625,7554.811547536788,6733.346556674022,3416.71826171875,186.6887664794922,2091.7658032739914,344.04193115234375,2499.7664326097342,1045.812744140625,846.2681947311293,169.1920166015625,2951.8220699399103,191.4427694423001,1374.681937505926,404.7334661977615,1492.6536035313334,1796.4685635374053,623.0110047469835,3804.2988344314995,512.9218139648438,4499.713592344317,120.75045049601698,986.8685875759986,694.7701850856851,165.1596620208922,246.94934438710698,2298.9755595692177,1173.3892416255437,1268.298772558508,2634.874958566137,620.1689489401999,1235.260811452673,2064.8471435987267,261.8901907006804,778.0259259597219,553.7472213168018,148.33632628427412,1502.5718769077437,937.1800947537129,317.44356642490834,727.536119745197,716.6411976839893,1116.5074764366493,1017.9659032167975,1881.1507133367113,1712.9957656326367,317.0162032733043,1257.6101379336585,137.38829872644394,412.13852486234,449.08039872272144,345.4731140136719
615,2023,2654,81,4603.52880859375,4152.1279296875,1850.083251953125,2209.3655301213366,1278.3805857815591,467.6521301269531,712.1392211914062,299.9733353369064,486.384033203125,169.50936193166572,706.449462890625,191.31002535694606,330.52203369140625,1397.974924811737,330.09065995742543,183.48738833622124,407.05237837474783,1816.0720288200712,216.1000065828723,1161.0071865858379,441.93787007989636,229.33111572265625,419.3447287988002,173.32095997427592,986.9146612545031,148.39080982334895,170.52065843444873,374.32831655090655,116.72322653609801,114.81376285344412,827.9087050291997,242.0075701353703,330.4214015455514,746.9727131661549,857.0662898168401,112.24716155379367,255.76371681685842,491.52066362927667,189.47153427280475,341.5469833012888,197.8806347503124,333.4925056485338,537.8524753155882,116.11447361634856,149.59480621275608,90.46900373798758,133.45426880227055,346.7889180755473,384.1605557207565,115.53268711454301,318.16061277768955,567.8853267604338,77.6675830985121,124.18346405029297
616,1792,2694,86,5773.421875,3703.02099609375,254.9339141845703,4996.181672845702,3289.4555006323894,764.9767456054688,261.84478759765625,1635.8438138565132,76.42281341552734,2366.03911561212,45.34315490722656,671.0428382891746,61.895240783691406,726.5648894803325,116.11479607508286,1648.1258224462244,177.79277582807703,2023.7348680703321,878.4678651860762,268.8441302304849,3095.917956553422,224.61993408203125,1829.1057875063063,134.20998405117467,385.78033236608513,220.055411138985,65.87182563908115,311.95309012531055,1326.846300504989,263.53406729554723,462.55671973745666,687.0921692322711,267.31700894073487,262.9600609406207,2471.7202175770817,31.041434917928218,410.3023530532921,244.05491499777995,148.9054019834598,1857.718502603596,631.0651859644031,213.3852897474833,491.1607776524043,385.12768872356344,1357.8909649932425,272.34482345077555,524.7867273561588,757.861037988645,242.23524710399286,642.5034778720506,250.20222306049345,109.55425646899509,858.1539444375346,209.450439453125
617,1598,2685,82,8248.8671875,6252.5283203125,1530.4429931640625,3512.371938764991,2560.529118445313,75.83879089355469,979.8161010742188,1285.8939134865407,647.7735595703125,2261.9877075948107,948.04150390625,875.1899572491004,460.72784423828125,1549.2332617822071,346.687643894343,2073.1007622974716,559.1140158941506,1879.6726020780186,495.02383099380086,1232.0559771640117,872.4340966872018,357.5360107421875,1057.1793591483047,224.32447820006428,855.0874712767574,811.6637820580174,155.90056063461805,368.1454108755337,577.497389819677,372.4556536195177,949.46350718082,706.6134717313289,806.5213427514637,839.8098394917988,922.6498391287007,209.40053109795127,341.4730739545831,553.5353071314812,238.7786393726231,467.6534719548917,233.35710900058496,460.22492149032064,517.0985892224234,315.60102777290757,1605.1217702085746,296.713182163877,506.47013261529133,471.528333417674,352.49849477060206,290.9632382349991,338.4019766864969,475.37392071209706,1316.5665017243255,172.92486572265625
618,2404,2054,122,4136.47216796875,3846.42822265625,2085.1865234375,1266.478169548431,883.7507156992577,1077.0703125,871.5724487304688,73.206327184103,912.6492309570312,162.58324961622688,463.8529052734375,62.42056948500299,781.2086181640625,728.4122803653097,63.069699114459986,153.68549515303465,70.90002635574557,775.5662843951769,166.91386799114562,708.8909917961156,223.48292586885043,547.881103515625,416.7549278028878,52.476009852570215,197.7908081851671,80.46697904723581,362.4215446646676,269.75424995141543,141.80680742340536,113.8696365553783,473.1917978427336,252.84029378876224,82.1517821603846,258.0673000560346,225.1643192141133,364.21748244521496,92.8336321699341,179.2257101230147,71.03315058308274,99.82195303690828,82.22728799117773,64.43725537427731,103.71772568364753,110.04610805291772,142.9095599651676,87.41594147230252,160.23781440323847,175.41503416620765,137.03659835994796,113.76187016188352,128.43552601806707,144.4561166300654,100.93587358301627,286.31280517578125
619,2300,2104,163,3992.62109375,3572.35986328125,1684.951171875,1364.8051257088484,918.9822474473042,643.0050048828125,778.0452880859375,110.83966706493148,665.0442504882812,120.59436242298477,592.1838989257812,112.51590259499018,495.5308837890625,717.8678306711213,106.5582561494325,94.00433961216548,75.20020092132096,882.497010835835,165.45115377408604,640.5978141188476,227.4161652715799,316.68206787109375,422.6592348211871,107.03583834063781,284.2704551626403,71.1113439759042,340.40449563959305,361.25543892724943,142.6559196859162,112.74541509861304,338.2722981863947,255.09448363808198,29.532252917278726,302.1043747980601,273.51481419181744,238.83714020935622,177.91351867364168,200.53392697846968,88.93136915501532,102.26946145878166,83.83928073091943,119.97003410880667,131.40726334201028,182.70886329607845,59.57878671700437,85.19426826363015,156.26640780916583,175.89546691192507,109.51852234959449,108.3824928038691,99.19768763869517,162.39296404788834,36.17417322824157,154.58631896972656
620,2597,2165,77,3838.11669921875,3596.576171875,1817.83349609375,1481.5850066801793,882.7580244057531,569.97705078125,985.8590087890625,79.62069999177828,719.172607421875,108.20212980699813,908.3772583007812,106.36115095558606,411.18310546875,945.051212014896,164.217239015005,95.59152811914296,169.10734098034098,1204.9147184756798,142.55051834857238,752.6828557913917,241.37713278125983,163.57119750976562,342.7627084846308,152.63078484672886,356.0814483829736,154.67261654519098,374.80359774430366,527.8047826817683,114.99312291566001,92.78584181332808,395.07135622496526,206.18496664330522,174.24318600177853,233.09738931633416,353.6733006670676,155.22369112325228,257.9305974518948,163.30105452662195,125.03134117675705,99.93550025979727,81.35010435294433,157.43860774765736,125.85999426330038,276.77248991272563,88.38187319661891,77.22349914881605,124.4115110175047,144.19068064597388,144.00890003104954,89.16408691193664,145.1516278407516,427.4520550538603,44.63162946744409,5.626605033874512
621,2111,2271,195,7918.33203125,5603.044921875,260.513427734375,3400.48160030965,2176.531294175891,1536.2711181640625,148.21441650390625,982.8017588838924,58.23136520385742,955.5147528639878,574.05615234375,1064.4933439093684,278.550537109375,1906.1258567772206,321.0021146612606,666.0696402428699,245.08494759587967,2845.013408371894,657.8834160686446,597.2048147061445,1890.8038491051275,359.2220458984375,1336.58748857525,152.8464163011258,1143.224101601509,752.3388887192702,272.9729419465092,144.18692482267448,890.9989089198251,323.14726172276363,788.4092390108534,691.9216225151725,228.14863267393667,779.0960845598626,1785.5622722551584,294.6672891341765,416.2715025836444,443.7185792345256,273.7920049428636,1032.747026229929,582.8937187215705,250.63800287661473,439.8511713792806,391.7098158237423,514.5042759940566,240.9339394250981,539.2282252284529,870.173349774858,329.5109601540755,421.7098606712031,293.074230271741,448.23618850194043,244.47639156509572,193.93777465820312
622,2254,2279,28,3634.400390625,2949.1318359375,1040.36865234375,732.8141345032707,709.7019436256802,300.5808410644531,263.4467468261719,802.8903297580973,219.97280883789062,995.597111885306,235.76805114746094,308.12407219341236,293.3498229980469,1065.8643413540226,161.96605371181732,625.5782230649418,468.95347910042193,852.7624465967594,184.88211735058923,489.0950305271958,280.10639187303906,370.64208984375,479.44437666390564,121.17087382996118,444.4492317867953,247.1137350215666,170.08157278082902,406.14684660167046,180.65034515402928,129.58586223912172,405.3542522753581,292.9196198953482,547.6553838671415,478.73800330343187,304.37427051248227,103.85788793587402,342.8972043954878,298.07037556846564,242.54175451206922,117.28141791956993,95.74373329462551,358.932492196919,258.81406058842776,352.8731970046363,249.40127328353492,99.35898471329418,185.25369843778398,170.06800067694977,307.2939563244787,117.53331948293155,232.33413727627172,521.0414300943368,98.9836421209421,349.88494873046875
623,2183,2319,120,4259.0810546875,3807.191162109375,1790.5078125,1238.635135161982,930.992049680655,622.4412841796875,1179.254638671875,335.21489556855096,925.5961303710938,407.77973726024044,974.5416259765625,215.3633740865008,534.5263671875,224.89726129876075,147.5644937020066,270.96380251660923,225.6373776834369,406.89116065200426,183.21092981031927,226.18654688646566,215.8426780403706,143.00909423828125,459.1828939427588,39.76651374911576,133.73073032490643,85.12246341991315,164.2162485843281,257.7981228610741,145.0639047502185,121.43122813736146,162.66965431780397,277.29719621878854,168.25416503143958,280.2714084034971,195.94839674940155,91.39330312459953,176.79706228683017,230.99708621651038,168.93324750277066,108.42930118881605,84.63355588854657,185.79987414842455,85.14939806657137,158.55211336562633,156.47854486562917,89.44213218960319,167.19258897089654,166.4077277075592,106.61994144771707,118.61871185346051,108.60406788519774,200.73478821305625,100.87636733120257,150.76023864746094
624,2522,2330,215,3143.24755859375,2859.447509765625,1328.665283203125,993.3776562557518,681.8541786840825,358.8188171386719,717.29248046875,246.84009548637198,518.2242431640625,231.13227571841304,669.2869873046875,111.49800953982297,308.0605163574219,202.6417304555514,92.35369525971024,100.48164346252966,154.94749610504806,477.1327988454282,118.96669013849329,190.93021983167077,152.30195340255818,141.12594604492188,300.17190177111274,92.26723336520439,159.32155261022547,79.87198166316968,151.08077974312627,197.35610806213754,93.7777023927008,74.7010697922596,96.47885429284756,175.64785139162692,160.6940929885362,283.1282748715241,157.53630203652588,96.78053483709625,129.8753710684318,220.4560749168227,81.86674217317517,87.7379504283069,52.41486357078592,66.46631843631774,89.01682934080549,86.19740202503192,59.95470672600574,55.24679173183215,105.54874668734827,98.89494062110259,122.18934945181914,73.95221160638292,109.02854602974803,141.54155099222302,16.91610473901057,19.836326599121094
625,2676,2357,135,5394.65185546875,4611.52783203125,1221.4879150390625,3757.336756371329,2000.3067195633523,806.180419921875,631.5487670898438,1040.704580200014,213.84112548828125,743.9214654577821,1016.6962280273438,717.497017301106,70.01946258544922,1276.360777806121,123.06448905540302,425.56426240877545,403.25120714857593,2958.106481146289,274.37292343754024,381.0107189352676,1185.6262570304355,134.11277770996094,517.6751911251076,215.79756660032564,783.6348504381424,466.24139663951576,106.89720773874261,283.4499802489361,434.0399059379287,92.03896294634075,227.94539220618313,204.8976461361284,724.3319823740483,444.22038065539385,1310.642033242061,135.08110716454186,316.28354629266613,310.5235993278491,222.39652235389087,565.7370510511033,176.1568145583469,157.9882253777583,472.35858415550916,208.96693622003286,715.6302386278907,49.22040886961453,138.33032230521212,247.75539087358345,347.3970269123312,149.58974221964039,300.76209189736073,403.5101435590659,342.6141901347912,133.0219268798828
626,2082,2433,179,4667.01513671875,3885.96240234375,1692.051513671875,1482.690425079141,1168.6266237942903,754.971435546875,809.28955078125,230.847853629495,742.641845703125,156.7362255357,571.3961181640625,322.85827045102286,599.7440185546875,978.9270878687032,221.5440869588237,258.22197217158646,191.16063990018478,841.1670339429745,389.55191877694773,915.8780858621285,429.6338197679351,417.59442138671875,690.4483254786538,170.92274282311075,335.4271140636677,112.39803351524917,276.2431646553228,316.91516146233215,385.9365255971394,310.3316687934906,649.3141444077035,491.86327039200324,88.91587805254322,498.270662306864,248.5123885490255,222.2773462928596,191.8175420256101,362.5675666139007,167.52298926931522,124.42174956019673,146.81229632670986,237.7542223110239,233.38827828796445,143.52758925022405,254.8284215398146,295.186008178376,382.97049248144066,232.6524590390214,238.4629096992592,196.71784144907548,215.2906874993885,364.4615809997622,306.8583867962051,221.0975341796875
627,2345,2484,56,4131.3505859375,3966.695556640625,2213.943359375,1275.9825995545496,847.2574142699787,994.434814453125,1114.243896484375,52.656653222377976,959.1121826171875,114.00135631080859,793.4948120117188,113.69015000714741,620.8582153320312,608.5669308852209,110.99849278799635,125.0310162228679,159.09005989779857,776.8643207561712,143.23039054982723,648.2863623592467,170.7072615445836,255.28880310058594,352.96522974801104,89.46553838771837,155.56095093743633,175.88440408990658,347.9899168081441,372.5797305074728,98.8803239905247,92.67402690779294,460.31145212190205,212.0422815414989,188.951021659915,218.47021757055688,210.28212970122544,256.53602760757946,200.29598170827103,200.78677403339773,182.45027171327482,84.70127665763431,74.71896599214547,210.93788030148446,80.34969821285507,218.54751943477578,86.61072071253793,74.50790627744792,122.76141867522752,134.33307074759983,188.64052109136492,88.76781658371087,185.89522797538126,276.68639431618595,60.136190145475844,48.718807220458984
628,2504,2567,151,3350.0107421875,3166.195068359375,1607.9490966796875,1178.7631988464414,699.8310600192295,497.42431640625,776.761962890625,122.43182752071796,568.681884765625,159.89477342417283,715.4705200195312,41.448694770726924,346.9705810546875,885.3058364448589,89.02615751568916,101.68521416199947,88.71152272911745,1046.8269957946193,105.69430217784289,583.8076582500379,212.12681116366997,184.50347900390625,285.032847861518,88.90491314860881,318.72968766093453,42.006774780126015,392.75859718352893,492.00395726315395,103.36404216486567,69.19569273004949,200.13881867699757,165.77248548744876,76.56226868422907,165.91223874047603,289.45017167696074,216.8760304302123,215.6580261006344,131.32564521143772,123.78380899026261,93.8618449917212,56.71875366390322,134.55393072983375,89.46645498951858,255.48025864305572,90.63334616979292,49.93964430238312,100.09928873218982,113.34097575789977,118.49899633675804,76.30627107716184,126.48841344470948,356.3665640676936,44.94113531725951,80.88143920898438
629,2658,2633,185,5284.6787109375,4911.7099609375,2031.86767578125,1739.9466914330796,948.9550838252201,114.16246032714844,783.2286987304688,169.3493290718839,296.52532958984375,299.90310925058014,1199.580810546875,398.2838068950915,99.53385162353516,1448.169088365871,366.77767742686325,228.604765553819,251.0739843274165,1828.439270259113,181.4327381674521,553.7310932188096,464.36747088887813,106.34048461914062,393.49710153933773,242.6171614063111,650.635893694049,413.7585271285956,232.85482079942156,424.7190917520897,168.83793160627278,86.75996384907144,491.9657560732137,198.5317450477215,111.46408905655196,306.6576329628393,669.3600775437029,165.52743500145496,247.33542262717768,344.8783903954966,163.08944616823732,294.58150155628243,118.28937532955791,121.47746910621468,175.52943415967923,143.68731012336198,345.96359619631517,64.06030482578386,108.5915531590859,202.9216972994332,172.18687175018977,99.23854339890383,160.39960983022823,609.151169848117,141.48762746135415,127.03953552246094
630,2299,2693,124,2440.36279296875,2589.788818359375,1826.249267578125,765.3758815860804,463.67897706826363,1201.6298828125,461.84869384765625,436.2940024107807,668.248291015625,544.0009292070905,5.648372173309326,322.431649012704,706.4518432617188,415.7324568194523,201.9070213457613,371.79063236107663,113.47492558470161,547.6830595811869,53.19562287819078,451.6594206846222,142.57871200121906,628.8682861328125,139.81777340748016,236.76935005514625,115.58160000496179,204.63706516826957,121.56255196017001,135.18691568836795,52.53584653215606,28.569352674563106,397.41634714248073,80.59267735608492,62.149131449902406,139.84828234804746,173.42509960526195,148.34805717369224,169.11984756354425,147.7846644680116,156.81686562653414,82.32664634659508,29.549933374689626,211.02756603528107,62.90905655087429,172.39364771167388,278.52301330384887,22.809345687466003,56.2131610839662,75.37861310300346,139.9387307224567,45.904906120706,148.98953437566493,232.2758489054475,194.6234982301347,471.101318359375
631,2217,2698,204,3679.355712890625,3521.72314453125,1717.24462890625,1598.163196792263,860.2666172063874,351.9215087890625,567.5238037109375,613.112116939254,252.65863037109375,845.4458842420702,699.6541748046875,384.73995595378693,90.81352996826172,1268.2697657306362,123.86705042579317,587.3406755547184,167.91540004523026,1541.4478978173574,86.40322929289151,810.8594708781578,411.2541342659767,103.16620635986328,228.5777750354105,192.20038657566852,644.6377651764311,291.8282469445542,219.38587598183526,346.1088784939071,130.9658690827978,38.397330671561974,301.1274757822268,121.93482946430504,246.84059374624258,491.31942102877747,617.2745613768355,94.57793836863299,146.1794939091386,268.96347681316234,200.94093370453808,259.7375717401729,86.92670033518014,243.8337586653263,250.03963632093877,221.19451874900565,476.11680639437384,38.04206366684955,98.29961259328053,205.2243027594691,242.93930786229845,90.92603080486006,245.07414306186965,270.40407027749086,311.94024423351163,145.32908630371094
632,2087,2706,30,2728.52783203125,2398.224609375,1164.901611328125,954.0368279837376,678.7775613379138,646.62158203125,384.3363037109375,661.9914599732653,471.51934814453125,1015.1009545918673,106.97603607177734,427.61143192434537,480.58734130859375,651.4672825659557,170.67638355803803,762.8023354391845,194.71408209784644,610.4173701781334,96.16924866078718,704.1262952214979,209.99386096238266,406.7333068847656,279.44462170815945,152.62833797416462,258.89463926600286,323.1243765096005,155.53572964693598,273.07354442304273,107.39283744834789,67.54905694545167,673.7447227572309,176.23747595238962,232.5402669802313,452.7485482682378,258.794215847717,95.24476498377938,372.9329687159599,433.90918577616,103.72126710861217,152.78162749433724,125.8734085234378,89.21771527622926,160.062557745742,326.7540668516053,686.8328404929293,76.39700005805969,139.79929883015117,209.08194735732556,116.22916346904215,135.31209710992368,179.3895413843252,463.66280063027165,465.7644681004389,255.63409423828125
633,2545,2713,93,947.6796875,796.3134765625,357.4129943847656,488.0691982391455,311.79168154530277,235.4091796875,44.92941665649414,150.7161585630871,12.292640686035156,316.149716355608,109.55339050292969,111.28485320289299,19.403406143188477,264.9479003536036,35.36604962517068,272.93431596321403,56.461083705168726,324.8717993776737,45.44065418586548,338.6716751010271,121.16170478016846,46.265281677246094,101.16897562217557,23.3352829112945,166.19069364075006,72.996626813463,181.5766381150108,209.88859189064692,44.48097533514539,28.932152861377798,345.9503399138771,64.65479656558253,58.50062615014823,237.9415292884419,179.98261378922479,151.7895181257977,190.95922837578937,232.30882907250145,53.376258019833465,93.29621161402864,63.65193792770422,70.85125105815553,121.05379916559552,177.69065458482467,314.8343195101777,37.278637391917954,59.39852514425581,105.7139486007064,52.08937279064742,53.86578550626624,48.850652857163404,268.29180506215965,198.00242908622045,54.13509750366211
